Using pre-set license
Built from '2022.3/staging' branch; Version is '2022.3.62f1 (4af31df58517) revision 4911901'; Using compiler version '192829333'; Build Type 'Release'
OS: 'Windows 11  (10.0.22631) 64bit Core' Language: 'it' Physical Memory: 14261 MB
BatchMode: 1, IsHumanControllingUs: 0, StartBugReporterOnCrash: 0, Is64bit: 1, IsPro: 1

COMMAND LINE ARGUMENTS:
D:\Program Files\Unity\Editor\2022.3.62f1\Editor\Unity.exe
-adb2
-batchMode
-noUpm
-name
AssetImportWorker0
-projectPath
C:/Users/bobbo/projects/Progetto_Agnetti
-logFile
Logs/AssetImportWorker0.log
-srvPort
61192
Successfully changed project path to: C:/Users/bobbo/projects/Progetto_Agnetti
C:/Users/bobbo/projects/Progetto_Agnetti
[UnityMemory] Configuration Parameters - Can be set up in boot.config
    "memorysetup-bucket-allocator-granularity=16"
    "memorysetup-bucket-allocator-bucket-count=8"
    "memorysetup-bucket-allocator-block-size=33554432"
    "memorysetup-bucket-allocator-block-count=8"
    "memorysetup-main-allocator-block-size=16777216"
    "memorysetup-thread-allocator-block-size=16777216"
    "memorysetup-gfx-main-allocator-block-size=16777216"
    "memorysetup-gfx-thread-allocator-block-size=16777216"
    "memorysetup-cache-allocator-block-size=4194304"
    "memorysetup-typetree-allocator-block-size=2097152"
    "memorysetup-profiler-bucket-allocator-granularity=16"
    "memorysetup-profiler-bucket-allocator-bucket-count=8"
    "memorysetup-profiler-bucket-allocator-block-size=33554432"
    "memorysetup-profiler-bucket-allocator-block-count=8"
    "memorysetup-profiler-allocator-block-size=16777216"
    "memorysetup-profiler-editor-allocator-block-size=1048576"
    "memorysetup-temp-allocator-size-main=16777216"
    "memorysetup-job-temp-allocator-block-size=2097152"
    "memorysetup-job-temp-allocator-block-size-background=1048576"
    "memorysetup-job-temp-allocator-reduction-small-platforms=262144"
    "memorysetup-allocator-temp-initial-block-size-main=262144"
    "memorysetup-allocator-temp-initial-block-size-worker=262144"
    "memorysetup-temp-allocator-size-background-worker=32768"
    "memorysetup-temp-allocator-size-job-worker=262144"
    "memorysetup-temp-allocator-size-preload-manager=33554432"
    "memorysetup-temp-allocator-size-nav-mesh-worker=65536"
    "memorysetup-temp-allocator-size-audio-worker=65536"
    "memorysetup-temp-allocator-size-cloud-worker=32768"
    "memorysetup-temp-allocator-size-gi-baking-worker=262144"
    "memorysetup-temp-allocator-size-gfx=262144"
Player connection [25844]  Target information:

Player connection [25844]  * "[IP] 192.168.1.96 [Port] 0 [Flags] 2 [Guid] 1078219308 [EditorId] 1078219308 [Version] 1048832 [Id] WindowsEditor(7,pc_roberts) [Debug] 1 [PackageName] WindowsEditor [ProjectName] Editor" 

Player connection [25844]  * "[IP] 192.168.56.1 [Port] 0 [Flags] 2 [Guid] 1078219308 [EditorId] 1078219308 [Version] 1048832 [Id] WindowsEditor(7,pc_roberts) [Debug] 1 [PackageName] WindowsEditor [ProjectName] Editor" 

Player connection [25844] Host joined multi-casting on [225.0.0.222:54997]...
Player connection [25844] Host joined alternative multi-casting on [225.0.0.222:34997]...
Input System module state changed to: Initialized.
[PhysX] Initialized MultithreadedTaskDispatcher with 8 workers.
Refreshing native plugins compatible for Editor in 92.65 ms, found 4 plugins.
Preloading 0 native plugins for Editor in 0.00 ms.
Initialize engine version: 2022.3.62f1 (4af31df58517)
[Subsystems] Discovering subsystems at path D:/Program Files/Unity/Editor/2022.3.62f1/Editor/Data/Resources/UnitySubsystems
[Subsystems] Discovering subsystems at path C:/Users/bobbo/projects/Progetto_Agnetti/Assets
GfxDevice: creating device client; threaded=0; jobified=0
Direct3D:
    Version:  Direct3D 11.0 [level 11.1]
    Renderer: Radeon RX 580 Series (ID=0x67df)
    Vendor:   ATI
    VRAM:     8170 MB
    Driver:   31.0.21921.1000
Initialize mono
Mono path[0] = 'D:/Program Files/Unity/Editor/2022.3.62f1/Editor/Data/Managed'
Mono path[1] = 'D:/Program Files/Unity/Editor/2022.3.62f1/Editor/Data/MonoBleedingEdge/lib/mono/unityjit-win32'
Mono config path = 'D:/Program Files/Unity/Editor/2022.3.62f1/Editor/Data/MonoBleedingEdge/etc'
Using monoOptions --debugger-agent=transport=dt_socket,embedding=1,server=y,suspend=n,address=127.0.0.1:56500
Begin MonoManager ReloadAssembly
Registering precompiled unity dll's ...
Register platform support module: D:/Program Files/Unity/Editor/2022.3.62f1/Editor/Data/PlaybackEngines/WindowsStandaloneSupport/UnityEditor.WindowsStandalone.Extensions.dll
Registered in 0.023416 seconds.
- Loaded All Assemblies, in  1.246 seconds
Native extension for WindowsStandalone target not found
Mono: successfully reloaded assembly
- Finished resetting the current domain, in  1.518 seconds
Domain Reload Profiling: 2762ms
	BeginReloadAssembly (309ms)
		ExecutionOrderSort (0ms)
		DisableScriptedObjects (0ms)
		BackupInstance (0ms)
		ReleaseScriptingObjects (0ms)
		CreateAndSetChildDomain (2ms)
	RebuildCommonClasses (95ms)
	RebuildNativeTypeToScriptingClass (29ms)
	initialDomainReloadingComplete (274ms)
	LoadAllAssembliesAndSetupDomain (536ms)
		LoadAssemblies (310ms)
		RebuildTransferFunctionScriptingTraits (0ms)
		AnalyzeDomain (527ms)
			TypeCache.Refresh (524ms)
				TypeCache.ScanAssembly (487ms)
			ScanForSourceGeneratedMonoScriptInfo (1ms)
			ResolveRequiredComponents (1ms)
	FinalizeReload (1520ms)
		ReleaseScriptCaches (0ms)
		RebuildScriptCaches (0ms)
		SetupLoadedEditorAssemblies (1360ms)
			LogAssemblyErrors (0ms)
			InitializePlatformSupportModulesInManaged (29ms)
			SetLoadedEditorAssemblies (24ms)
			RefreshPlugins (0ms)
			BeforeProcessingInitializeOnLoad (8ms)
			ProcessInitializeOnLoadAttributes (1062ms)
			ProcessInitializeOnLoadMethodAttributes (237ms)
			AfterProcessingInitializeOnLoad (0ms)
			EditorAssembliesLoaded (0ms)
		ExecutionOrderSort2 (0ms)
		AwakeInstancesAfterBackupRestoration (0ms)
========================================================================
Worker process is ready to serve import requests
Caller must complete domain reload
Begin MonoManager ReloadAssembly
- Loaded All Assemblies, in  1.996 seconds
Native extension for WindowsStandalone target not found
Mono: successfully reloaded assembly
- Finished resetting the current domain, in  2.073 seconds
Domain Reload Profiling: 4055ms
	BeginReloadAssembly (403ms)
		ExecutionOrderSort (0ms)
		DisableScriptedObjects (14ms)
		BackupInstance (0ms)
		ReleaseScriptingObjects (0ms)
		CreateAndSetChildDomain (48ms)
	RebuildCommonClasses (114ms)
	RebuildNativeTypeToScriptingClass (31ms)
	initialDomainReloadingComplete (161ms)
	LoadAllAssembliesAndSetupDomain (1272ms)
		LoadAssemblies (1092ms)
		RebuildTransferFunctionScriptingTraits (0ms)
		AnalyzeDomain (457ms)
			TypeCache.Refresh (367ms)
				TypeCache.ScanAssembly (340ms)
			ScanForSourceGeneratedMonoScriptInfo (64ms)
			ResolveRequiredComponents (25ms)
	FinalizeReload (2074ms)
		ReleaseScriptCaches (0ms)
		RebuildScriptCaches (0ms)
		SetupLoadedEditorAssemblies (1479ms)
			LogAssemblyErrors (0ms)
			InitializePlatformSupportModulesInManaged (10ms)
			SetLoadedEditorAssemblies (11ms)
			RefreshPlugins (0ms)
			BeforeProcessingInitializeOnLoad (292ms)
			ProcessInitializeOnLoadAttributes (972ms)
			ProcessInitializeOnLoadMethodAttributes (189ms)
			AfterProcessingInitializeOnLoad (5ms)
			EditorAssembliesLoaded (0ms)
		ExecutionOrderSort2 (0ms)
		AwakeInstancesAfterBackupRestoration (12ms)
Shader Hidden/ProbeVolume/VoxelizeScene is not supported: GPU does not support conservative rasterization
Shader Hidden/ProbeVolume/VoxelizeScene is not supported: GPU does not support conservative rasterization
Launched and connected shader compiler UnityShaderCompiler.exe after 0.17 seconds
Refreshing native plugins compatible for Editor in 19.25 ms, found 4 plugins.
Preloading 0 native plugins for Editor in 0.00 ms.
Unloading 5655 Unused Serialized files (Serialized files now loaded: 0)
Unloading 75 unused Assets / (3.6 MB). Loaded Objects now: 6083.
Memory consumption went from 217.6 MB to 214.0 MB.
Total: 8.818500 ms (FindLiveObjects: 1.000300 ms CreateObjectMapping: 1.020900 ms MarkObjects: 4.144100 ms  DeleteObjects: 2.651600 ms)

AssetImportParameters requested are different than current active one (requested -> active):
  custom:container-demuxer-ogg: 62fdf1f143b41e24485cea50d1cbac27 -> 
  custom:video-codec-MediaFoundation-h265: 746d11721c4dcdbdad8f713fa42b33f4 -> 
  custom:video-decoder-ogg-theora: a1e56fd34408186e4bbccfd4996cb3dc -> 
  custom:framework-win-MediaFoundation: 216162199b28c13a410421893ffa2e32 -> 
  custom:CustomObjectIndexerAttribute: 72b91833f83ae208fae7752999fa3104 -> 
  custom:container-demuxer-webm: 4f35f7cbe854078d1ac9338744f61a02 -> 
  custom:container-muxer-webm: aa71ff27fc2769a1b78a27578f13a17b -> 
  custom:video-decoder-webm-vp8: 9c59270c3fd7afecdb556c50c9e8de78 -> 
  custom:SearchIndexIgnoredProperties: e643bd26f0fe6173181afceb89e7c659 -> 
  custom:AudioImporter_EditorPlatform: d09bf68614088b80899f8185d706f6e7 -> 
  custom:video-encoder-webm-vp8: eb34c28f22e8b96e1ab97ce403110664 -> 
  custom:audio-decoder-ogg-vorbis: bf7c407c2cedff20999df2af8eb42d56 -> 
  custom:audio-encoder-webm-vorbis: bf7c407c2cedff20999df2af8eb42d56 -> 
========================================================================
Received Import Request.
  Time since last request: 98186.892900 seconds.
  path: Assets/Immagini/background/vetta/clouds_bg.png
  artifactKey: Guid(86238f0907c79a4489f8c46824d45e70) Importer(815301076,1909f56bfc062723c751e8b465ee728b)
Start importing Assets/Immagini/background/vetta/clouds_bg.png using Guid(86238f0907c79a4489f8c46824d45e70) Importer(815301076,1909f56bfc062723c751e8b465ee728b) [PhysX] Initialized MultithreadedTaskDispatcher with 8 workers.
[PhysX] Initialized MultithreadedTaskDispatcher with 8 workers.
 -> (artifact id: '832cf04ecef531e73551744cbb791816') in 0.194520 seconds
Number of updated asset objects reloaded before import = 0
Number of asset objects unloaded after import = 3
========================================================================
Received Import Request.
  Time since last request: 61.116854 seconds.
  path: Assets/Immagini/background/vetta/clouds_mg_3.png
  artifactKey: Guid(125d78af7f590574b80d3e103a1fed77) Importer(815301076,1909f56bfc062723c751e8b465ee728b)
Start importing Assets/Immagini/background/vetta/clouds_mg_3.png using Guid(125d78af7f590574b80d3e103a1fed77) Importer(815301076,1909f56bfc062723c751e8b465ee728b) [PhysX] Initialized MultithreadedTaskDispatcher with 8 workers.
[PhysX] Initialized MultithreadedTaskDispatcher with 8 workers.
 -> (artifact id: '7352f8aa19db14879e11d94e72aa72c7') in 0.016240 seconds
Number of updated asset objects reloaded before import = 0
Number of asset objects unloaded after import = 3
========================================================================
Received Import Request.
  Time since last request: 3.100261 seconds.
  path: Assets/Immagini/background/vetta/clouds_mg_2.png
  artifactKey: Guid(8a9a3903638c3a54bab1df344e468dc4) Importer(815301076,1909f56bfc062723c751e8b465ee728b)
Start importing Assets/Immagini/background/vetta/clouds_mg_2.png using Guid(8a9a3903638c3a54bab1df344e468dc4) Importer(815301076,1909f56bfc062723c751e8b465ee728b) [PhysX] Initialized MultithreadedTaskDispatcher with 8 workers.
[PhysX] Initialized MultithreadedTaskDispatcher with 8 workers.
 -> (artifact id: 'a0a63bde4a43ccd153bf45997a9835e9') in 0.018111 seconds
Number of updated asset objects reloaded before import = 0
Number of asset objects unloaded after import = 3
========================================================================
Received Import Request.
  Time since last request: 2.794235 seconds.
  path: Assets/Immagini/background/vetta/clouds_mg_1.png
  artifactKey: Guid(727bf34b263de76429128314024d0aa2) Importer(815301076,1909f56bfc062723c751e8b465ee728b)
Start importing Assets/Immagini/background/vetta/clouds_mg_1.png using Guid(727bf34b263de76429128314024d0aa2) Importer(815301076,1909f56bfc062723c751e8b465ee728b) [PhysX] Initialized MultithreadedTaskDispatcher with 8 workers.
[PhysX] Initialized MultithreadedTaskDispatcher with 8 workers.
 -> (artifact id: 'ec8ecdd30dcc38a5f7de0a5285ab82c1') in 0.020682 seconds
Number of updated asset objects reloaded before import = 0
Number of asset objects unloaded after import = 3
========================================================================
Received Import Request.
  Time since last request: 15.453704 seconds.
  path: Assets/Immagini/background/vetta/glacial_mountains.png
  artifactKey: Guid(8996db92fcb70e24d9d46ed333878d8c) Importer(815301076,1909f56bfc062723c751e8b465ee728b)
Start importing Assets/Immagini/background/vetta/glacial_mountains.png using Guid(8996db92fcb70e24d9d46ed333878d8c) Importer(815301076,1909f56bfc062723c751e8b465ee728b) [PhysX] Initialized MultithreadedTaskDispatcher with 8 workers.
[PhysX] Initialized MultithreadedTaskDispatcher with 8 workers.
 -> (artifact id: '013edaf8cefc560b111ab875b170eae4') in 0.015277 seconds
Number of updated asset objects reloaded before import = 0
Number of asset objects unloaded after import = 3
========================================================================
Received Import Request.
  Time since last request: 60.272794 seconds.
  path: Assets/Immagini/background/montagna/sky.png
  artifactKey: Guid(4724c7885c5a99f4891eccc2016afcd5) Importer(815301076,1909f56bfc062723c751e8b465ee728b)
Start importing Assets/Immagini/background/montagna/sky.png using Guid(4724c7885c5a99f4891eccc2016afcd5) Importer(815301076,1909f56bfc062723c751e8b465ee728b) [PhysX] Initialized MultithreadedTaskDispatcher with 8 workers.
[PhysX] Initialized MultithreadedTaskDispatcher with 8 workers.
 -> (artifact id: 'c4d3a50e54577f80a59a4eae85cd7b40') in 0.017710 seconds
Number of updated asset objects reloaded before import = 0
Number of asset objects unloaded after import = 3
========================================================================
Received Import Request.
  Time since last request: 7.383993 seconds.
  path: Assets/Immagini/background/montagna/far-clouds.png
  artifactKey: Guid(4cdc539e68eba5c4c8f81df9eaf4490a) Importer(815301076,1909f56bfc062723c751e8b465ee728b)
Start importing Assets/Immagini/background/montagna/far-clouds.png using Guid(4cdc539e68eba5c4c8f81df9eaf4490a) Importer(815301076,1909f56bfc062723c751e8b465ee728b) [PhysX] Initialized MultithreadedTaskDispatcher with 8 workers.
[PhysX] Initialized MultithreadedTaskDispatcher with 8 workers.
 -> (artifact id: '1325bbdb8e430fe5a9d37c10d0a79c82') in 0.026354 seconds
Number of updated asset objects reloaded before import = 0
Number of asset objects unloaded after import = 3
========================================================================
Received Import Request.
  Time since last request: 2.668975 seconds.
  path: Assets/Immagini/background/montagna/near-clouds.png
  artifactKey: Guid(e9e7eec22a1f64843a8b861cc2f21fcf) Importer(815301076,1909f56bfc062723c751e8b465ee728b)
Start importing Assets/Immagini/background/montagna/near-clouds.png using Guid(e9e7eec22a1f64843a8b861cc2f21fcf) Importer(815301076,1909f56bfc062723c751e8b465ee728b) [PhysX] Initialized MultithreadedTaskDispatcher with 8 workers.
[PhysX] Initialized MultithreadedTaskDispatcher with 8 workers.
 -> (artifact id: '09940d3c87b5f5efb7e191f1a214a653') in 0.022685 seconds
Number of updated asset objects reloaded before import = 0
Number of asset objects unloaded after import = 3
========================================================================
Received Import Request.
  Time since last request: 7.241856 seconds.
  path: Assets/Immagini/background/montagna/far-mountains.png
  artifactKey: Guid(26004b73945c808489339c163369dfc0) Importer(815301076,1909f56bfc062723c751e8b465ee728b)
Start importing Assets/Immagini/background/montagna/far-mountains.png using Guid(26004b73945c808489339c163369dfc0) Importer(815301076,1909f56bfc062723c751e8b465ee728b) [PhysX] Initialized MultithreadedTaskDispatcher with 8 workers.
[PhysX] Initialized MultithreadedTaskDispatcher with 8 workers.
 -> (artifact id: '685edfa7e90d9dd9c1ddaa9b5a267e28') in 0.015395 seconds
Number of updated asset objects reloaded before import = 0
Number of asset objects unloaded after import = 3
========================================================================
Received Import Request.
  Time since last request: 3.256593 seconds.
  path: Assets/Immagini/background/montagna/far-clouds 1.png
  artifactKey: Guid(232af2b424e1a9841959b3c545eeea93) Importer(815301076,1909f56bfc062723c751e8b465ee728b)
Start importing Assets/Immagini/background/montagna/far-clouds 1.png using Guid(232af2b424e1a9841959b3c545eeea93) Importer(815301076,1909f56bfc062723c751e8b465ee728b) [PhysX] Initialized MultithreadedTaskDispatcher with 8 workers.
[PhysX] Initialized MultithreadedTaskDispatcher with 8 workers.
 -> (artifact id: 'ced499a38cac8a2ca11e50fd9045719f') in 0.018963 seconds
Number of updated asset objects reloaded before import = 0
Number of asset objects unloaded after import = 3
========================================================================
Received Import Request.
  Time since last request: 6.901223 seconds.
  path: Assets/Immagini/background/montagna/trees.png
  artifactKey: Guid(fe0b753d81c0f54489f5e7c26874f808) Importer(815301076,1909f56bfc062723c751e8b465ee728b)
Start importing Assets/Immagini/background/montagna/trees.png using Guid(fe0b753d81c0f54489f5e7c26874f808) Importer(815301076,1909f56bfc062723c751e8b465ee728b) [PhysX] Initialized MultithreadedTaskDispatcher with 8 workers.
[PhysX] Initialized MultithreadedTaskDispatcher with 8 workers.
 -> (artifact id: 'ddeb64fae377405de20821307a62eae6') in 0.023717 seconds
Number of updated asset objects reloaded before import = 0
Number of asset objects unloaded after import = 3
========================================================================
Received Import Request.
  Time since last request: 50.118978 seconds.
  path: Assets/Immagini/background/caverna/1.png
  artifactKey: Guid(2c0136d1d2850034bbbe519e14b8f6da) Importer(815301076,1909f56bfc062723c751e8b465ee728b)
Start importing Assets/Immagini/background/caverna/1.png using Guid(2c0136d1d2850034bbbe519e14b8f6da) Importer(815301076,1909f56bfc062723c751e8b465ee728b) [PhysX] Initialized MultithreadedTaskDispatcher with 8 workers.
[PhysX] Initialized MultithreadedTaskDispatcher with 8 workers.
 -> (artifact id: '5397d3408903e924bcac09863d09bb97') in 0.017968 seconds
Number of updated asset objects reloaded before import = 0
Number of asset objects unloaded after import = 3
========================================================================
Received Import Request.
  Time since last request: 0.000034 seconds.
  path: Assets/Immagini/background/caverna/5.png
  artifactKey: Guid(15b3d6c18d71c9246a2dfe5040123fe7) Importer(815301076,1909f56bfc062723c751e8b465ee728b)
Start importing Assets/Immagini/background/caverna/5.png using Guid(15b3d6c18d71c9246a2dfe5040123fe7) Importer(815301076,1909f56bfc062723c751e8b465ee728b) [PhysX] Initialized MultithreadedTaskDispatcher with 8 workers.
[PhysX] Initialized MultithreadedTaskDispatcher with 8 workers.
 -> (artifact id: 'b3eda2ca4196e7a6dc222481cb7f2982') in 0.016415 seconds
Number of updated asset objects reloaded before import = 0
Number of asset objects unloaded after import = 3
========================================================================
Received Import Request.
  Time since last request: 0.000034 seconds.
  path: Assets/Immagini/background/caverna/7.png
  artifactKey: Guid(8850bd7e37036a043bdf160404b00af8) Importer(815301076,1909f56bfc062723c751e8b465ee728b)
Start importing Assets/Immagini/background/caverna/7.png using Guid(8850bd7e37036a043bdf160404b00af8) Importer(815301076,1909f56bfc062723c751e8b465ee728b) [PhysX] Initialized MultithreadedTaskDispatcher with 8 workers.
[PhysX] Initialized MultithreadedTaskDispatcher with 8 workers.
 -> (artifact id: '10c6ca378d928abdc7de9069f50a8ac2') in 0.018125 seconds
Number of updated asset objects reloaded before import = 0
Number of asset objects unloaded after import = 3
========================================================================
Received Import Request.
  Time since last request: 0.000041 seconds.
  path: Assets/Immagini/background/caverna/3.png
  artifactKey: Guid(fccb58a3c3565f04abf699bf40b6fdbb) Importer(815301076,1909f56bfc062723c751e8b465ee728b)
Start importing Assets/Immagini/background/caverna/3.png using Guid(fccb58a3c3565f04abf699bf40b6fdbb) Importer(815301076,1909f56bfc062723c751e8b465ee728b) [PhysX] Initialized MultithreadedTaskDispatcher with 8 workers.
[PhysX] Initialized MultithreadedTaskDispatcher with 8 workers.
 -> (artifact id: '38bf6e7cfb80dc2488447d6aa831b643') in 0.017297 seconds
Number of updated asset objects reloaded before import = 0
Number of asset objects unloaded after import = 3
========================================================================
Received Import Request.
  Time since last request: 21.510004 seconds.
  path: Assets/Immagini/background/caverna/0.png
  artifactKey: Guid(832c5942344b3844a88bd511f9c92c03) Importer(815301076,1909f56bfc062723c751e8b465ee728b)
Start importing Assets/Immagini/background/caverna/0.png using Guid(832c5942344b3844a88bd511f9c92c03) Importer(815301076,1909f56bfc062723c751e8b465ee728b) [PhysX] Initialized MultithreadedTaskDispatcher with 8 workers.
[PhysX] Initialized MultithreadedTaskDispatcher with 8 workers.
 -> (artifact id: '175d3868ed41dbd9777951d1c1bf72de') in 0.018821 seconds
Number of updated asset objects reloaded before import = 0
Number of asset objects unloaded after import = 3
========================================================================
Received Import Request.
  Time since last request: 13.559329 seconds.
  path: Assets/Immagini/background/caverna/0.png
  artifactKey: Guid(832c5942344b3844a88bd511f9c92c03) Importer(815301076,1909f56bfc062723c751e8b465ee728b)
Start importing Assets/Immagini/background/caverna/0.png using Guid(832c5942344b3844a88bd511f9c92c03) Importer(815301076,1909f56bfc062723c751e8b465ee728b) [PhysX] Initialized MultithreadedTaskDispatcher with 8 workers.
[PhysX] Initialized MultithreadedTaskDispatcher with 8 workers.
 -> (artifact id: '3ccbf7e5f4d1cdbe8bcaaa8d20ecb8a6') in 0.018154 seconds
Number of updated asset objects reloaded before import = 0
Number of asset objects unloaded after import = 3
========================================================================
Received Import Request.
  Time since last request: 23.181372 seconds.
  path: Assets/Immagini/background/caverna/2.png
  artifactKey: Guid(b2d4c9a2b3f64914e90518c2ed36105a) Importer(815301076,1909f56bfc062723c751e8b465ee728b)
Start importing Assets/Immagini/background/caverna/2.png using Guid(b2d4c9a2b3f64914e90518c2ed36105a) Importer(815301076,1909f56bfc062723c751e8b465ee728b) [PhysX] Initialized MultithreadedTaskDispatcher with 8 workers.
[PhysX] Initialized MultithreadedTaskDispatcher with 8 workers.
 -> (artifact id: '464b9db974315bef21338a2b2b37b4ba') in 0.015838 seconds
Number of updated asset objects reloaded before import = 0
Number of asset objects unloaded after import = 3
========================================================================
Received Import Request.
  Time since last request: 0.030338 seconds.
  path: Assets/Immagini/background/caverna/1.png
  artifactKey: Guid(2c0136d1d2850034bbbe519e14b8f6da) Importer(815301076,1909f56bfc062723c751e8b465ee728b)
Start importing Assets/Immagini/background/caverna/1.png using Guid(2c0136d1d2850034bbbe519e14b8f6da) Importer(815301076,1909f56bfc062723c751e8b465ee728b) [PhysX] Initialized MultithreadedTaskDispatcher with 8 workers.
[PhysX] Initialized MultithreadedTaskDispatcher with 8 workers.
 -> (artifact id: 'd8543dfaef9da4d75477061c6fe007b5') in 0.019749 seconds
Number of updated asset objects reloaded before import = 0
Number of asset objects unloaded after import = 3
========================================================================
Received Import Request.
  Time since last request: 0.000029 seconds.
  path: Assets/Immagini/background/caverna/5.png
  artifactKey: Guid(15b3d6c18d71c9246a2dfe5040123fe7) Importer(815301076,1909f56bfc062723c751e8b465ee728b)
Start importing Assets/Immagini/background/caverna/5.png using Guid(15b3d6c18d71c9246a2dfe5040123fe7) Importer(815301076,1909f56bfc062723c751e8b465ee728b) [PhysX] Initialized MultithreadedTaskDispatcher with 8 workers.
[PhysX] Initialized MultithreadedTaskDispatcher with 8 workers.
 -> (artifact id: '129f2e1268e46196671a444aff279892') in 0.018691 seconds
Number of updated asset objects reloaded before import = 0
Number of asset objects unloaded after import = 3
========================================================================
Received Import Request.
  Time since last request: 0.000030 seconds.
  path: Assets/Immagini/background/caverna/7.png
  artifactKey: Guid(8850bd7e37036a043bdf160404b00af8) Importer(815301076,1909f56bfc062723c751e8b465ee728b)
Start importing Assets/Immagini/background/caverna/7.png using Guid(8850bd7e37036a043bdf160404b00af8) Importer(815301076,1909f56bfc062723c751e8b465ee728b) [PhysX] Initialized MultithreadedTaskDispatcher with 8 workers.
[PhysX] Initialized MultithreadedTaskDispatcher with 8 workers.
 -> (artifact id: '30fb8869b9d8d48242be502f57e37358') in 0.018648 seconds
Number of updated asset objects reloaded before import = 0
Number of asset objects unloaded after import = 3
========================================================================
Received Import Request.
  Time since last request: 2.220359 seconds.
  path: Assets/Immagini/background/montagna
  artifactKey: Guid(84c242faba9933f41bb814fc608e47bd) Importer(815301076,1909f56bfc062723c751e8b465ee728b)
Start importing Assets/Immagini/background/montagna using Guid(84c242faba9933f41bb814fc608e47bd) Importer(815301076,1909f56bfc062723c751e8b465ee728b) [PhysX] Initialized MultithreadedTaskDispatcher with 8 workers.
 -> (artifact id: '95d8d6669e0bd786fc0740268ee8a904') in 0.000905 seconds
Number of updated asset objects reloaded before import = 0
Number of asset objects unloaded after import = 0
========================================================================
Received Import Request.
  Time since last request: 12.589293 seconds.
  path: Assets/Immagini/background/montagna/sky.png
  artifactKey: Guid(4724c7885c5a99f4891eccc2016afcd5) Importer(815301076,1909f56bfc062723c751e8b465ee728b)
Start importing Assets/Immagini/background/montagna/sky.png using Guid(4724c7885c5a99f4891eccc2016afcd5) Importer(815301076,1909f56bfc062723c751e8b465ee728b) [PhysX] Initialized MultithreadedTaskDispatcher with 8 workers.
[PhysX] Initialized MultithreadedTaskDispatcher with 8 workers.
 -> (artifact id: 'c1860129a30b9c5fdf36e5b5fed8f3bd') in 0.019880 seconds
Number of updated asset objects reloaded before import = 0
Number of asset objects unloaded after import = 3
========================================================================
Received Import Request.
  Time since last request: 0.023888 seconds.
  path: Assets/Immagini/background/montagna/far-clouds.png
  artifactKey: Guid(4cdc539e68eba5c4c8f81df9eaf4490a) Importer(815301076,1909f56bfc062723c751e8b465ee728b)
Start importing Assets/Immagini/background/montagna/far-clouds.png using Guid(4cdc539e68eba5c4c8f81df9eaf4490a) Importer(815301076,1909f56bfc062723c751e8b465ee728b) [PhysX] Initialized MultithreadedTaskDispatcher with 8 workers.
[PhysX] Initialized MultithreadedTaskDispatcher with 8 workers.
 -> (artifact id: 'e2e3570ea3d6f7332237f8c534b92f07') in 0.019379 seconds
Number of updated asset objects reloaded before import = 0
Number of asset objects unloaded after import = 3
========================================================================
Received Import Request.
  Time since last request: 0.000028 seconds.
  path: Assets/Immagini/background/montagna/far-mountains.png
  artifactKey: Guid(26004b73945c808489339c163369dfc0) Importer(815301076,1909f56bfc062723c751e8b465ee728b)
Start importing Assets/Immagini/background/montagna/far-mountains.png using Guid(26004b73945c808489339c163369dfc0) Importer(815301076,1909f56bfc062723c751e8b465ee728b) [PhysX] Initialized MultithreadedTaskDispatcher with 8 workers.
[PhysX] Initialized MultithreadedTaskDispatcher with 8 workers.
 -> (artifact id: '7f30bc93c2b9750851ebe73450686301') in 0.019064 seconds
Number of updated asset objects reloaded before import = 0
Number of asset objects unloaded after import = 3
========================================================================
Received Import Request.
  Time since last request: 0.000041 seconds.
  path: Assets/Immagini/background/montagna/trees.png
  artifactKey: Guid(fe0b753d81c0f54489f5e7c26874f808) Importer(815301076,1909f56bfc062723c751e8b465ee728b)
Start importing Assets/Immagini/background/montagna/trees.png using Guid(fe0b753d81c0f54489f5e7c26874f808) Importer(815301076,1909f56bfc062723c751e8b465ee728b) [PhysX] Initialized MultithreadedTaskDispatcher with 8 workers.
[PhysX] Initialized MultithreadedTaskDispatcher with 8 workers.
 -> (artifact id: '60ebc78d196d663b0fb6f03fe84a356c') in 0.018148 seconds
Number of updated asset objects reloaded before import = 0
Number of asset objects unloaded after import = 3
========================================================================
Received Import Request.
  Time since last request: 3.674524 seconds.
  path: Assets/Immagini/background/vetta
  artifactKey: Guid(456a2ed33fb7d594789fba511247cf0b) Importer(815301076,1909f56bfc062723c751e8b465ee728b)
Start importing Assets/Immagini/background/vetta using Guid(456a2ed33fb7d594789fba511247cf0b) Importer(815301076,1909f56bfc062723c751e8b465ee728b) [PhysX] Initialized MultithreadedTaskDispatcher with 8 workers.
 -> (artifact id: '582b9055bf1636cec8ac836eab10e648') in 0.001030 seconds
Number of updated asset objects reloaded before import = 0
Number of asset objects unloaded after import = 0
========================================================================
Received Import Request.
  Time since last request: 12.317250 seconds.
  path: Assets/Immagini/background/vetta/sky.png
  artifactKey: Guid(bd4d692850587ff489f55503d36524ab) Importer(815301076,1909f56bfc062723c751e8b465ee728b)
Start importing Assets/Immagini/background/vetta/sky.png using Guid(bd4d692850587ff489f55503d36524ab) Importer(815301076,1909f56bfc062723c751e8b465ee728b) [PhysX] Initialized MultithreadedTaskDispatcher with 8 workers.
[PhysX] Initialized MultithreadedTaskDispatcher with 8 workers.
 -> (artifact id: 'a6adc95ae06d3e87db0355fd4a24874e') in 0.016875 seconds
Number of updated asset objects reloaded before import = 0
Number of asset objects unloaded after import = 3
========================================================================
Received Import Request.
  Time since last request: 0.023311 seconds.
  path: Assets/Immagini/background/vetta/clouds_bg.png
  artifactKey: Guid(86238f0907c79a4489f8c46824d45e70) Importer(815301076,1909f56bfc062723c751e8b465ee728b)
Start importing Assets/Immagini/background/vetta/clouds_bg.png using Guid(86238f0907c79a4489f8c46824d45e70) Importer(815301076,1909f56bfc062723c751e8b465ee728b) [PhysX] Initialized MultithreadedTaskDispatcher with 8 workers.
[PhysX] Initialized MultithreadedTaskDispatcher with 8 workers.
 -> (artifact id: '09b2951f562808d109d4ea3b21e7eaf0') in 0.015771 seconds
Number of updated asset objects reloaded before import = 0
Number of asset objects unloaded after import = 3
========================================================================
Received Import Request.
  Time since last request: 0.000026 seconds.
  path: Assets/Immagini/background/vetta/glacial_mountains.png
  artifactKey: Guid(8996db92fcb70e24d9d46ed333878d8c) Importer(815301076,1909f56bfc062723c751e8b465ee728b)
Start importing Assets/Immagini/background/vetta/glacial_mountains.png using Guid(8996db92fcb70e24d9d46ed333878d8c) Importer(815301076,1909f56bfc062723c751e8b465ee728b) [PhysX] Initialized MultithreadedTaskDispatcher with 8 workers.
[PhysX] Initialized MultithreadedTaskDispatcher with 8 workers.
 -> (artifact id: '7277d12084ff8735db4db3fe08dbf7c9') in 0.018406 seconds
Number of updated asset objects reloaded before import = 0
Number of asset objects unloaded after import = 3
========================================================================
Received Import Request.
  Time since last request: 0.000061 seconds.
  path: Assets/Immagini/background/vetta/clouds_mg_2.png
  artifactKey: Guid(8a9a3903638c3a54bab1df344e468dc4) Importer(815301076,1909f56bfc062723c751e8b465ee728b)
Start importing Assets/Immagini/background/vetta/clouds_mg_2.png using Guid(8a9a3903638c3a54bab1df344e468dc4) Importer(815301076,1909f56bfc062723c751e8b465ee728b) [PhysX] Initialized MultithreadedTaskDispatcher with 8 workers.
[PhysX] Initialized MultithreadedTaskDispatcher with 8 workers.
 -> (artifact id: '209ea0ee169fafc3628b639bcb349076') in 0.014207 seconds
Number of updated asset objects reloaded before import = 0
Number of asset objects unloaded after import = 3
========================================================================
Received Import Request.
  Time since last request: 51.496803 seconds.
  path: Assets/Immagini/background/caverna
  artifactKey: Guid(ff4c9a9b57325ec4aaecb79775cb6e9e) Importer(815301076,1909f56bfc062723c751e8b465ee728b)
Start importing Assets/Immagini/background/caverna using Guid(ff4c9a9b57325ec4aaecb79775cb6e9e) Importer(815301076,1909f56bfc062723c751e8b465ee728b) [PhysX] Initialized MultithreadedTaskDispatcher with 8 workers.
 -> (artifact id: '8f0c83f439a72f5386834239dbb2233c') in 0.000973 seconds
Number of updated asset objects reloaded before import = 0
Number of asset objects unloaded after import = 0
========================================================================
Received Import Request.
  Time since last request: 343.800653 seconds.
  path: Assets/Scripts/ParallaxBG.cs
  artifactKey: Guid(56bea7f1e9511834f9dd2407caaa277c) Importer(815301076,1909f56bfc062723c751e8b465ee728b)
Start importing Assets/Scripts/ParallaxBG.cs using Guid(56bea7f1e9511834f9dd2407caaa277c) Importer(815301076,1909f56bfc062723c751e8b465ee728b) [PhysX] Initialized MultithreadedTaskDispatcher with 8 workers.
 -> (artifact id: '0fa70b3f7d7342278b486e92e748088b') in 0.000987 seconds
Number of updated asset objects reloaded before import = 0
Number of asset objects unloaded after import = 0
========================================================================
Received Import Request.
  Time since last request: 204.220562 seconds.
  path: Assets/Scripts/ParallaxBG.cs
  artifactKey: Guid(56bea7f1e9511834f9dd2407caaa277c) Importer(815301076,1909f56bfc062723c751e8b465ee728b)
Start importing Assets/Scripts/ParallaxBG.cs using Guid(56bea7f1e9511834f9dd2407caaa277c) Importer(815301076,1909f56bfc062723c751e8b465ee728b) [PhysX] Initialized MultithreadedTaskDispatcher with 8 workers.
 -> (artifact id: '3bda80e8d33663284d84ed2c924b3d78') in 0.001289 seconds
Number of updated asset objects reloaded before import = 0
Number of asset objects unloaded after import = 0
========================================================================
Received Prepare
Caller must complete domain reload
Begin MonoManager ReloadAssembly
- Loaded All Assemblies, in  4.440 seconds
Native extension for WindowsStandalone target not found
Mono: successfully reloaded assembly
- Finished resetting the current domain, in  1.539 seconds
Domain Reload Profiling: 5972ms
	BeginReloadAssembly (3671ms)
		ExecutionOrderSort (0ms)
		DisableScriptedObjects (3311ms)
		BackupInstance (0ms)
		ReleaseScriptingObjects (0ms)
		CreateAndSetChildDomain (72ms)
	RebuildCommonClasses (84ms)
	RebuildNativeTypeToScriptingClass (18ms)
	initialDomainReloadingComplete (51ms)
	LoadAllAssembliesAndSetupDomain (608ms)
		LoadAssemblies (765ms)
		RebuildTransferFunctionScriptingTraits (0ms)
		AnalyzeDomain (75ms)
			TypeCache.Refresh (13ms)
				TypeCache.ScanAssembly (0ms)
			ScanForSourceGeneratedMonoScriptInfo (44ms)
			ResolveRequiredComponents (17ms)
	FinalizeReload (1540ms)
		ReleaseScriptCaches (0ms)
		RebuildScriptCaches (0ms)
		SetupLoadedEditorAssemblies (1184ms)
			LogAssemblyErrors (0ms)
			InitializePlatformSupportModulesInManaged (10ms)
			SetLoadedEditorAssemblies (7ms)
			RefreshPlugins (0ms)
			BeforeProcessingInitializeOnLoad (251ms)
			ProcessInitializeOnLoadAttributes (717ms)
			ProcessInitializeOnLoadMethodAttributes (191ms)
			AfterProcessingInitializeOnLoad (6ms)
			EditorAssembliesLoaded (1ms)
		ExecutionOrderSort2 (0ms)
		AwakeInstancesAfterBackupRestoration (31ms)
Shader Hidden/ProbeVolume/VoxelizeScene is not supported: GPU does not support conservative rasterization
Shader Hidden/ProbeVolume/VoxelizeScene is not supported: GPU does not support conservative rasterization
Refreshing native plugins compatible for Editor in 17.41 ms, found 4 plugins.
Preloading 0 native plugins for Editor in 0.00 ms.
Unloading 5532 Unused Serialized files (Serialized files now loaded: 0)
Unloading 62 unused Assets / (3.6 MB). Loaded Objects now: 6106.
Memory consumption went from 202.9 MB to 199.3 MB.
Total: 9.538200 ms (FindLiveObjects: 0.715700 ms CreateObjectMapping: 0.832600 ms MarkObjects: 5.138800 ms  DeleteObjects: 2.849300 ms)

Prepare: number of updated asset objects reloaded= 0
AssetImportParameters requested are different than current active one (requested -> active):
  custom:container-demuxer-ogg: 62fdf1f143b41e24485cea50d1cbac27 -> 
  custom:video-codec-MediaFoundation-h265: 746d11721c4dcdbdad8f713fa42b33f4 -> 
  custom:video-decoder-ogg-theora: a1e56fd34408186e4bbccfd4996cb3dc -> 
  custom:framework-win-MediaFoundation: 216162199b28c13a410421893ffa2e32 -> 
  custom:CustomObjectIndexerAttribute: 72b91833f83ae208fae7752999fa3104 -> 
  custom:container-demuxer-webm: 4f35f7cbe854078d1ac9338744f61a02 -> 
  custom:container-muxer-webm: aa71ff27fc2769a1b78a27578f13a17b -> 
  custom:video-decoder-webm-vp8: 9c59270c3fd7afecdb556c50c9e8de78 -> 
  custom:SearchIndexIgnoredProperties: e643bd26f0fe6173181afceb89e7c659 -> 
  custom:AudioImporter_EditorPlatform: d09bf68614088b80899f8185d706f6e7 -> 
  custom:video-encoder-webm-vp8: eb34c28f22e8b96e1ab97ce403110664 -> 
  custom:audio-decoder-ogg-vorbis: bf7c407c2cedff20999df2af8eb42d56 -> 
  custom:scripting/monoscript/fileName/ParallaxBG.cs: 60f35dee57f29e937f9a172bd291a113 -> 
  custom:audio-encoder-webm-vorbis: bf7c407c2cedff20999df2af8eb42d56 -> 
  custom:scripting/precompiled-assembly-types:Assembly-CSharp: 8fa87f1599e56aa342eb1b621d254886 -> 7ab51b2ff1f6fd329de154d611ee96e1
========================================================================
Received Import Request.
  Time since last request: 156.130193 seconds.
  path: Assets/Scripts/BiomeManager.cs
  artifactKey: Guid(90486292736ce3442a99a1a5267e2e2d) Importer(815301076,1909f56bfc062723c751e8b465ee728b)
Start importing Assets/Scripts/BiomeManager.cs using Guid(90486292736ce3442a99a1a5267e2e2d) Importer(815301076,1909f56bfc062723c751e8b465ee728b) [PhysX] Initialized MultithreadedTaskDispatcher with 8 workers.
 -> (artifact id: 'f46a6b42e7a868c44b219386c4bc94fb') in 0.003983 seconds
Number of updated asset objects reloaded before import = 0
Number of asset objects unloaded after import = 0
========================================================================
Received Prepare
Caller must complete domain reload
Begin MonoManager ReloadAssembly
- Loaded All Assemblies, in  1.135 seconds
Native extension for WindowsStandalone target not found
Mono: successfully reloaded assembly
- Finished resetting the current domain, in  4.624 seconds
Domain Reload Profiling: 5749ms
	BeginReloadAssembly (340ms)
		ExecutionOrderSort (0ms)
		DisableScriptedObjects (17ms)
		BackupInstance (0ms)
		ReleaseScriptingObjects (0ms)
		CreateAndSetChildDomain (60ms)
	RebuildCommonClasses (80ms)
	RebuildNativeTypeToScriptingClass (24ms)
	initialDomainReloadingComplete (51ms)
	LoadAllAssembliesAndSetupDomain (628ms)
		LoadAssemblies (765ms)
		RebuildTransferFunctionScriptingTraits (0ms)
		AnalyzeDomain (78ms)
			TypeCache.Refresh (14ms)
				TypeCache.ScanAssembly (0ms)
			ScanForSourceGeneratedMonoScriptInfo (38ms)
			ResolveRequiredComponents (24ms)
	FinalizeReload (4625ms)
		ReleaseScriptCaches (0ms)
		RebuildScriptCaches (0ms)
		SetupLoadedEditorAssemblies (1947ms)
			LogAssemblyErrors (0ms)
			InitializePlatformSupportModulesInManaged (13ms)
			SetLoadedEditorAssemblies (15ms)
			RefreshPlugins (0ms)
			BeforeProcessingInitializeOnLoad (430ms)
			ProcessInitializeOnLoadAttributes (1269ms)
			ProcessInitializeOnLoadMethodAttributes (214ms)
			AfterProcessingInitializeOnLoad (5ms)
			EditorAssembliesLoaded (1ms)
		ExecutionOrderSort2 (0ms)
		AwakeInstancesAfterBackupRestoration (35ms)
Shader Hidden/ProbeVolume/VoxelizeScene is not supported: GPU does not support conservative rasterization
Shader Hidden/ProbeVolume/VoxelizeScene is not supported: GPU does not support conservative rasterization
Refreshing native plugins compatible for Editor in 16.89 ms, found 4 plugins.
Preloading 0 native plugins for Editor in 0.00 ms.
Unloading 5533 Unused Serialized files (Serialized files now loaded: 0)
Unloading 62 unused Assets / (3.5 MB). Loaded Objects now: 6112.
Memory consumption went from 202.9 MB to 199.3 MB.
Total: 10.696900 ms (FindLiveObjects: 0.617800 ms CreateObjectMapping: 0.511100 ms MarkObjects: 5.553800 ms  DeleteObjects: 4.011900 ms)

Prepare: number of updated asset objects reloaded= 0
AssetImportParameters requested are different than current active one (requested -> active):
  custom:container-demuxer-ogg: 62fdf1f143b41e24485cea50d1cbac27 -> 
  custom:video-codec-MediaFoundation-h265: 746d11721c4dcdbdad8f713fa42b33f4 -> 
  custom:video-decoder-ogg-theora: a1e56fd34408186e4bbccfd4996cb3dc -> 
  custom:framework-win-MediaFoundation: 216162199b28c13a410421893ffa2e32 -> 
  custom:CustomObjectIndexerAttribute: 72b91833f83ae208fae7752999fa3104 -> 
  custom:container-demuxer-webm: 4f35f7cbe854078d1ac9338744f61a02 -> 
  custom:container-muxer-webm: aa71ff27fc2769a1b78a27578f13a17b -> 
  custom:video-decoder-webm-vp8: 9c59270c3fd7afecdb556c50c9e8de78 -> 
  custom:scripting/monoscript/fileName/BiomeManager.cs: 8d35c78ac6eda6663d4d8bef70af112d -> 
  custom:SearchIndexIgnoredProperties: e643bd26f0fe6173181afceb89e7c659 -> 
  custom:AudioImporter_EditorPlatform: d09bf68614088b80899f8185d706f6e7 -> 
  custom:video-encoder-webm-vp8: eb34c28f22e8b96e1ab97ce403110664 -> 
  custom:audio-decoder-ogg-vorbis: bf7c407c2cedff20999df2af8eb42d56 -> 
  custom:scripting/monoscript/fileName/ParallaxBG.cs: 60f35dee57f29e937f9a172bd291a113 -> 
  custom:audio-encoder-webm-vorbis: bf7c407c2cedff20999df2af8eb42d56 -> 
  custom:scripting/precompiled-assembly-types:Assembly-CSharp: 45d72fd1704890947f473cded037a7ef -> 7ab51b2ff1f6fd329de154d611ee96e1
========================================================================
Received Import Request.
  Time since last request: 18.290739 seconds.
  path: Assets/Scripts/BiomeManager.cs
  artifactKey: Guid(90486292736ce3442a99a1a5267e2e2d) Importer(815301076,1909f56bfc062723c751e8b465ee728b)
Start importing Assets/Scripts/BiomeManager.cs using Guid(90486292736ce3442a99a1a5267e2e2d) Importer(815301076,1909f56bfc062723c751e8b465ee728b) [PhysX] Initialized MultithreadedTaskDispatcher with 8 workers.
 -> (artifact id: 'fbafd52a885d2ea06f354ae3516903d8') in 0.003509 seconds
Number of updated asset objects reloaded before import = 0
Number of asset objects unloaded after import = 0
========================================================================
Received Import Request.
  Time since last request: 235.519872 seconds.
  path: Assets/Scripts/BiomeManager.cs
  artifactKey: Guid(90486292736ce3442a99a1a5267e2e2d) Importer(815301076,1909f56bfc062723c751e8b465ee728b)
Start importing Assets/Scripts/BiomeManager.cs using Guid(90486292736ce3442a99a1a5267e2e2d) Importer(815301076,1909f56bfc062723c751e8b465ee728b) [PhysX] Initialized MultithreadedTaskDispatcher with 8 workers.
 -> (artifact id: '4be39023e28c2dc93bdeda2c3e3b0aa4') in 0.001148 seconds
Number of updated asset objects reloaded before import = 0
Number of asset objects unloaded after import = 0
========================================================================
Received Import Request.
  Time since last request: 40.334831 seconds.
  path: Assets/Scripts/BiomeManager.cs
  artifactKey: Guid(90486292736ce3442a99a1a5267e2e2d) Importer(815301076,1909f56bfc062723c751e8b465ee728b)
Start importing Assets/Scripts/BiomeManager.cs using Guid(90486292736ce3442a99a1a5267e2e2d) Importer(815301076,1909f56bfc062723c751e8b465ee728b) [PhysX] Initialized MultithreadedTaskDispatcher with 8 workers.
 -> (artifact id: 'c6c2ba473e116748d7141f52a70acf9a') in 0.001361 seconds
Number of updated asset objects reloaded before import = 0
Number of asset objects unloaded after import = 0
========================================================================
Received Import Request.
  Time since last request: 61.910261 seconds.
  path: Assets/Scripts/BiomeManager.cs
  artifactKey: Guid(90486292736ce3442a99a1a5267e2e2d) Importer(815301076,1909f56bfc062723c751e8b465ee728b)
Start importing Assets/Scripts/BiomeManager.cs using Guid(90486292736ce3442a99a1a5267e2e2d) Importer(815301076,1909f56bfc062723c751e8b465ee728b) [PhysX] Initialized MultithreadedTaskDispatcher with 8 workers.
 -> (artifact id: '1f4107ddd0d716378d236addebd72b1d') in 0.001149 seconds
Number of updated asset objects reloaded before import = 0
Number of asset objects unloaded after import = 0
========================================================================
Received Prepare
Caller must complete domain reload
Begin MonoManager ReloadAssembly
- Loaded All Assemblies, in  1.305 seconds
Native extension for WindowsStandalone target not found
Mono: successfully reloaded assembly
- Finished resetting the current domain, in  3.022 seconds
Domain Reload Profiling: 4318ms
	BeginReloadAssembly (417ms)
		ExecutionOrderSort (0ms)
		DisableScriptedObjects (30ms)
		BackupInstance (0ms)
		ReleaseScriptingObjects (0ms)
		CreateAndSetChildDomain (98ms)
	RebuildCommonClasses (85ms)
	RebuildNativeTypeToScriptingClass (29ms)
	initialDomainReloadingComplete (65ms)
	LoadAllAssembliesAndSetupDomain (699ms)
		LoadAssemblies (823ms)
		RebuildTransferFunctionScriptingTraits (0ms)
		AnalyzeDomain (92ms)
			TypeCache.Refresh (15ms)
				TypeCache.ScanAssembly (0ms)
			ScanForSourceGeneratedMonoScriptInfo (55ms)
			ResolveRequiredComponents (20ms)
	FinalizeReload (3023ms)
		ReleaseScriptCaches (0ms)
		RebuildScriptCaches (0ms)
		SetupLoadedEditorAssemblies (1045ms)
			LogAssemblyErrors (0ms)
			InitializePlatformSupportModulesInManaged (9ms)
			SetLoadedEditorAssemblies (9ms)
			RefreshPlugins (0ms)
			BeforeProcessingInitializeOnLoad (245ms)
			ProcessInitializeOnLoadAttributes (646ms)
			ProcessInitializeOnLoadMethodAttributes (131ms)
			AfterProcessingInitializeOnLoad (4ms)
			EditorAssembliesLoaded (0ms)
		ExecutionOrderSort2 (0ms)
		AwakeInstancesAfterBackupRestoration (25ms)
Shader Hidden/ProbeVolume/VoxelizeScene is not supported: GPU does not support conservative rasterization
Shader Hidden/ProbeVolume/VoxelizeScene is not supported: GPU does not support conservative rasterization
Refreshing native plugins compatible for Editor in 13.45 ms, found 4 plugins.
Preloading 0 native plugins for Editor in 0.00 ms.
Unloading 5533 Unused Serialized files (Serialized files now loaded: 0)
Unloading 62 unused Assets / (3.5 MB). Loaded Objects now: 6117.
Memory consumption went from 202.9 MB to 199.3 MB.
Total: 7.213300 ms (FindLiveObjects: 0.588300 ms CreateObjectMapping: 0.320600 ms MarkObjects: 4.009700 ms  DeleteObjects: 2.293300 ms)

Prepare: number of updated asset objects reloaded= 0
AssetImportParameters requested are different than current active one (requested -> active):
  custom:container-demuxer-ogg: 62fdf1f143b41e24485cea50d1cbac27 -> 
  custom:video-codec-MediaFoundation-h265: 746d11721c4dcdbdad8f713fa42b33f4 -> 
  custom:video-decoder-ogg-theora: a1e56fd34408186e4bbccfd4996cb3dc -> 
  custom:framework-win-MediaFoundation: 216162199b28c13a410421893ffa2e32 -> 
  custom:CustomObjectIndexerAttribute: 72b91833f83ae208fae7752999fa3104 -> 
  custom:container-demuxer-webm: 4f35f7cbe854078d1ac9338744f61a02 -> 
  custom:container-muxer-webm: aa71ff27fc2769a1b78a27578f13a17b -> 
  custom:video-decoder-webm-vp8: 9c59270c3fd7afecdb556c50c9e8de78 -> 
  custom:scripting/monoscript/fileName/BiomeManager.cs: 8d35c78ac6eda6663d4d8bef70af112d -> 
  custom:SearchIndexIgnoredProperties: e643bd26f0fe6173181afceb89e7c659 -> 
  custom:AudioImporter_EditorPlatform: d09bf68614088b80899f8185d706f6e7 -> 
  custom:video-encoder-webm-vp8: eb34c28f22e8b96e1ab97ce403110664 -> 
  custom:audio-decoder-ogg-vorbis: bf7c407c2cedff20999df2af8eb42d56 -> 
  custom:scripting/monoscript/fileName/ParallaxBG.cs: 60f35dee57f29e937f9a172bd291a113 -> 
  custom:audio-encoder-webm-vorbis: bf7c407c2cedff20999df2af8eb42d56 -> 
  custom:scripting/precompiled-assembly-types:Assembly-CSharp: 45d72fd1704890947f473cded037a7ef -> 7ab51b2ff1f6fd329de154d611ee96e1
========================================================================
Received Import Request.
  Time since last request: 422.106344 seconds.
  path: Assets/Immagini/background/montagna/mountains.png
  artifactKey: Guid(7cfba310b60d35040b882c4de3ea1459) Importer(815301076,1909f56bfc062723c751e8b465ee728b)
Start importing Assets/Immagini/background/montagna/mountains.png using Guid(7cfba310b60d35040b882c4de3ea1459) Importer(815301076,1909f56bfc062723c751e8b465ee728b) [PhysX] Initialized MultithreadedTaskDispatcher with 8 workers.
[PhysX] Initialized MultithreadedTaskDispatcher with 8 workers.
 -> (artifact id: 'd315712d37723d8459c4a45ffe5c8007') in 0.129420 seconds
Number of updated asset objects reloaded before import = 0
Number of asset objects unloaded after import = 3
========================================================================
Received Import Request.
  Time since last request: 15.584782 seconds.
  path: Assets/Immagini/background/montagna/mountains.png
  artifactKey: Guid(7cfba310b60d35040b882c4de3ea1459) Importer(815301076,1909f56bfc062723c751e8b465ee728b)
Start importing Assets/Immagini/background/montagna/mountains.png using Guid(7cfba310b60d35040b882c4de3ea1459) Importer(815301076,1909f56bfc062723c751e8b465ee728b) [PhysX] Initialized MultithreadedTaskDispatcher with 8 workers.
[PhysX] Initialized MultithreadedTaskDispatcher with 8 workers.
 -> (artifact id: '52594e99667eabb5b981415f0f8033bf') in 0.015226 seconds
Number of updated asset objects reloaded before import = 0
Number of asset objects unloaded after import = 3
========================================================================
Received Prepare
Caller must complete domain reload
Begin MonoManager ReloadAssembly
- Loaded All Assemblies, in  1.125 seconds
Native extension for WindowsStandalone target not found
Mono: successfully reloaded assembly
- Finished resetting the current domain, in  4.139 seconds
Domain Reload Profiling: 5253ms
	BeginReloadAssembly (324ms)
		ExecutionOrderSort (0ms)
		DisableScriptedObjects (21ms)
		BackupInstance (0ms)
		ReleaseScriptingObjects (0ms)
		CreateAndSetChildDomain (59ms)
	RebuildCommonClasses (59ms)
	RebuildNativeTypeToScriptingClass (24ms)
	initialDomainReloadingComplete (56ms)
	LoadAllAssembliesAndSetupDomain (649ms)
		LoadAssemblies (813ms)
		RebuildTransferFunctionScriptingTraits (0ms)
		AnalyzeDomain (34ms)
			TypeCache.Refresh (9ms)
				TypeCache.ScanAssembly (0ms)
			ScanForSourceGeneratedMonoScriptInfo (0ms)
			ResolveRequiredComponents (23ms)
	FinalizeReload (4140ms)
		ReleaseScriptCaches (0ms)
		RebuildScriptCaches (0ms)
		SetupLoadedEditorAssemblies (1362ms)
			LogAssemblyErrors (0ms)
			InitializePlatformSupportModulesInManaged (10ms)
			SetLoadedEditorAssemblies (10ms)
			RefreshPlugins (0ms)
			BeforeProcessingInitializeOnLoad (304ms)
			ProcessInitializeOnLoadAttributes (861ms)
			ProcessInitializeOnLoadMethodAttributes (170ms)
			AfterProcessingInitializeOnLoad (6ms)
			EditorAssembliesLoaded (1ms)
		ExecutionOrderSort2 (0ms)
		AwakeInstancesAfterBackupRestoration (30ms)
Shader Hidden/ProbeVolume/VoxelizeScene is not supported: GPU does not support conservative rasterization
Shader Hidden/ProbeVolume/VoxelizeScene is not supported: GPU does not support conservative rasterization
Refreshing native plugins compatible for Editor in 17.61 ms, found 4 plugins.
Preloading 0 native plugins for Editor in 0.00 ms.
Unloading 5533 Unused Serialized files (Serialized files now loaded: 0)
Unloading 62 unused Assets / (3.6 MB). Loaded Objects now: 6122.
Memory consumption went from 202.9 MB to 199.3 MB.
Total: 9.917100 ms (FindLiveObjects: 1.021600 ms CreateObjectMapping: 1.069500 ms MarkObjects: 5.025000 ms  DeleteObjects: 2.799400 ms)

Prepare: number of updated asset objects reloaded= 0
AssetImportParameters requested are different than current active one (requested -> active):
  custom:container-demuxer-ogg: 62fdf1f143b41e24485cea50d1cbac27 -> 
  custom:video-codec-MediaFoundation-h265: 746d11721c4dcdbdad8f713fa42b33f4 -> 
  custom:video-decoder-ogg-theora: a1e56fd34408186e4bbccfd4996cb3dc -> 
  custom:framework-win-MediaFoundation: 216162199b28c13a410421893ffa2e32 -> 
  custom:CustomObjectIndexerAttribute: 72b91833f83ae208fae7752999fa3104 -> 
  custom:container-demuxer-webm: 4f35f7cbe854078d1ac9338744f61a02 -> 
  custom:container-muxer-webm: aa71ff27fc2769a1b78a27578f13a17b -> 
  custom:video-decoder-webm-vp8: 9c59270c3fd7afecdb556c50c9e8de78 -> 
  custom:scripting/monoscript/fileName/BiomeManager.cs: 8d35c78ac6eda6663d4d8bef70af112d -> 
  custom:SearchIndexIgnoredProperties: e643bd26f0fe6173181afceb89e7c659 -> 
  custom:AudioImporter_EditorPlatform: d09bf68614088b80899f8185d706f6e7 -> 
  custom:video-encoder-webm-vp8: eb34c28f22e8b96e1ab97ce403110664 -> 
  custom:audio-decoder-ogg-vorbis: bf7c407c2cedff20999df2af8eb42d56 -> 
  custom:scripting/monoscript/fileName/ParallaxBG.cs: 60f35dee57f29e937f9a172bd291a113 -> 
  custom:audio-encoder-webm-vorbis: bf7c407c2cedff20999df2af8eb42d56 -> 
  custom:scripting/precompiled-assembly-types:Assembly-CSharp: 45d72fd1704890947f473cded037a7ef -> 7ab51b2ff1f6fd329de154d611ee96e1
========================================================================
Received Prepare
Caller must complete domain reload
Begin MonoManager ReloadAssembly
- Loaded All Assemblies, in  1.123 seconds
Native extension for WindowsStandalone target not found
Mono: successfully reloaded assembly
- Finished resetting the current domain, in  3.706 seconds
Domain Reload Profiling: 4820ms
	BeginReloadAssembly (334ms)
		ExecutionOrderSort (0ms)
		DisableScriptedObjects (20ms)
		BackupInstance (0ms)
		ReleaseScriptingObjects (0ms)
		CreateAndSetChildDomain (54ms)
	RebuildCommonClasses (71ms)
	RebuildNativeTypeToScriptingClass (25ms)
	initialDomainReloadingComplete (61ms)
	LoadAllAssembliesAndSetupDomain (621ms)
		LoadAssemblies (789ms)
		RebuildTransferFunctionScriptingTraits (0ms)
		AnalyzeDomain (37ms)
			TypeCache.Refresh (9ms)
				TypeCache.ScanAssembly (0ms)
			ScanForSourceGeneratedMonoScriptInfo (0ms)
			ResolveRequiredComponents (25ms)
	FinalizeReload (3707ms)
		ReleaseScriptCaches (0ms)
		RebuildScriptCaches (0ms)
		SetupLoadedEditorAssemblies (1311ms)
			LogAssemblyErrors (0ms)
			InitializePlatformSupportModulesInManaged (12ms)
			SetLoadedEditorAssemblies (11ms)
			RefreshPlugins (0ms)
			BeforeProcessingInitializeOnLoad (303ms)
			ProcessInitializeOnLoadAttributes (816ms)
			ProcessInitializeOnLoadMethodAttributes (165ms)
			AfterProcessingInitializeOnLoad (4ms)
			EditorAssembliesLoaded (1ms)
		ExecutionOrderSort2 (0ms)
		AwakeInstancesAfterBackupRestoration (28ms)
Shader Hidden/ProbeVolume/VoxelizeScene is not supported: GPU does not support conservative rasterization
Shader Hidden/ProbeVolume/VoxelizeScene is not supported: GPU does not support conservative rasterization
Refreshing native plugins compatible for Editor in 18.83 ms, found 4 plugins.
Preloading 0 native plugins for Editor in 0.00 ms.
Unloading 5533 Unused Serialized files (Serialized files now loaded: 0)
Unloading 62 unused Assets / (3.5 MB). Loaded Objects now: 6127.
Memory consumption went from 202.8 MB to 199.3 MB.
Total: 8.127000 ms (FindLiveObjects: 0.596100 ms CreateObjectMapping: 0.405100 ms MarkObjects: 4.830000 ms  DeleteObjects: 2.294300 ms)

Prepare: number of updated asset objects reloaded= 0
AssetImportParameters requested are different than current active one (requested -> active):
  custom:container-demuxer-ogg: 62fdf1f143b41e24485cea50d1cbac27 -> 
  custom:video-codec-MediaFoundation-h265: 746d11721c4dcdbdad8f713fa42b33f4 -> 
  custom:video-decoder-ogg-theora: a1e56fd34408186e4bbccfd4996cb3dc -> 
  custom:framework-win-MediaFoundation: 216162199b28c13a410421893ffa2e32 -> 
  custom:CustomObjectIndexerAttribute: 72b91833f83ae208fae7752999fa3104 -> 
  custom:container-demuxer-webm: 4f35f7cbe854078d1ac9338744f61a02 -> 
  custom:container-muxer-webm: aa71ff27fc2769a1b78a27578f13a17b -> 
  custom:video-decoder-webm-vp8: 9c59270c3fd7afecdb556c50c9e8de78 -> 
  custom:scripting/monoscript/fileName/BiomeManager.cs: 8d35c78ac6eda6663d4d8bef70af112d -> 
  custom:SearchIndexIgnoredProperties: e643bd26f0fe6173181afceb89e7c659 -> 
  custom:AudioImporter_EditorPlatform: d09bf68614088b80899f8185d706f6e7 -> 
  custom:video-encoder-webm-vp8: eb34c28f22e8b96e1ab97ce403110664 -> 
  custom:audio-decoder-ogg-vorbis: bf7c407c2cedff20999df2af8eb42d56 -> 
  custom:scripting/monoscript/fileName/ParallaxBG.cs: 60f35dee57f29e937f9a172bd291a113 -> 
  custom:audio-encoder-webm-vorbis: bf7c407c2cedff20999df2af8eb42d56 -> 
  custom:scripting/precompiled-assembly-types:Assembly-CSharp: 45d72fd1704890947f473cded037a7ef -> 7ab51b2ff1f6fd329de154d611ee96e1
========================================================================
Received Prepare
Caller must complete domain reload
Begin MonoManager ReloadAssembly
- Loaded All Assemblies, in  1.226 seconds
Native extension for WindowsStandalone target not found
Mono: successfully reloaded assembly
- Finished resetting the current domain, in  2.835 seconds
Domain Reload Profiling: 4054ms
	BeginReloadAssembly (352ms)
		ExecutionOrderSort (0ms)
		DisableScriptedObjects (34ms)
		BackupInstance (0ms)
		ReleaseScriptingObjects (0ms)
		CreateAndSetChildDomain (70ms)
	RebuildCommonClasses (67ms)
	RebuildNativeTypeToScriptingClass (22ms)
	initialDomainReloadingComplete (63ms)
	LoadAllAssembliesAndSetupDomain (714ms)
		LoadAssemblies (826ms)
		RebuildTransferFunctionScriptingTraits (0ms)
		AnalyzeDomain (87ms)
			TypeCache.Refresh (16ms)
				TypeCache.ScanAssembly (0ms)
			ScanForSourceGeneratedMonoScriptInfo (48ms)
			ResolveRequiredComponents (22ms)
	FinalizeReload (2836ms)
		ReleaseScriptCaches (0ms)
		RebuildScriptCaches (0ms)
		SetupLoadedEditorAssemblies (1057ms)
			LogAssemblyErrors (0ms)
			InitializePlatformSupportModulesInManaged (10ms)
			SetLoadedEditorAssemblies (11ms)
			RefreshPlugins (0ms)
			BeforeProcessingInitializeOnLoad (241ms)
			ProcessInitializeOnLoadAttributes (665ms)
			ProcessInitializeOnLoadMethodAttributes (126ms)
			AfterProcessingInitializeOnLoad (4ms)
			EditorAssembliesLoaded (0ms)
		ExecutionOrderSort2 (0ms)
		AwakeInstancesAfterBackupRestoration (21ms)
Shader Hidden/ProbeVolume/VoxelizeScene is not supported: GPU does not support conservative rasterization
Shader Hidden/ProbeVolume/VoxelizeScene is not supported: GPU does not support conservative rasterization
Refreshing native plugins compatible for Editor in 12.79 ms, found 4 plugins.
Preloading 0 native plugins for Editor in 0.00 ms.
Unloading 5533 Unused Serialized files (Serialized files now loaded: 0)
Unloading 62 unused Assets / (3.6 MB). Loaded Objects now: 6132.
Memory consumption went from 202.9 MB to 199.3 MB.
Total: 6.838800 ms (FindLiveObjects: 0.647900 ms CreateObjectMapping: 0.386200 ms MarkObjects: 3.790500 ms  DeleteObjects: 2.012400 ms)

Prepare: number of updated asset objects reloaded= 0
AssetImportParameters requested are different than current active one (requested -> active):
  custom:container-demuxer-ogg: 62fdf1f143b41e24485cea50d1cbac27 -> 
  custom:video-codec-MediaFoundation-h265: 746d11721c4dcdbdad8f713fa42b33f4 -> 
  custom:video-decoder-ogg-theora: a1e56fd34408186e4bbccfd4996cb3dc -> 
  custom:framework-win-MediaFoundation: 216162199b28c13a410421893ffa2e32 -> 
  custom:CustomObjectIndexerAttribute: 72b91833f83ae208fae7752999fa3104 -> 
  custom:container-demuxer-webm: 4f35f7cbe854078d1ac9338744f61a02 -> 
  custom:container-muxer-webm: aa71ff27fc2769a1b78a27578f13a17b -> 
  custom:video-decoder-webm-vp8: 9c59270c3fd7afecdb556c50c9e8de78 -> 
  custom:scripting/monoscript/fileName/BiomeManager.cs: 8d35c78ac6eda6663d4d8bef70af112d -> 
  custom:SearchIndexIgnoredProperties: e643bd26f0fe6173181afceb89e7c659 -> 
  custom:AudioImporter_EditorPlatform: d09bf68614088b80899f8185d706f6e7 -> 
  custom:video-encoder-webm-vp8: eb34c28f22e8b96e1ab97ce403110664 -> 
  custom:audio-decoder-ogg-vorbis: bf7c407c2cedff20999df2af8eb42d56 -> 
  custom:scripting/monoscript/fileName/ParallaxBG.cs: 60f35dee57f29e937f9a172bd291a113 -> 
  custom:audio-encoder-webm-vorbis: bf7c407c2cedff20999df2af8eb42d56 -> 
  custom:scripting/precompiled-assembly-types:Assembly-CSharp: 45d72fd1704890947f473cded037a7ef -> 7ab51b2ff1f6fd329de154d611ee96e1
========================================================================
Received Import Request.
  Time since last request: 1706.098536 seconds.
  path: Assets/Scripts/Zone_Transition.cs
  artifactKey: Guid(26ccaca51ecb69941a2b39786e41aa23) Importer(815301076,1909f56bfc062723c751e8b465ee728b)
Start importing Assets/Scripts/Zone_Transition.cs using Guid(26ccaca51ecb69941a2b39786e41aa23) Importer(815301076,1909f56bfc062723c751e8b465ee728b) [PhysX] Initialized MultithreadedTaskDispatcher with 8 workers.
 -> (artifact id: '441c81b18080fb613aaa74d13d95e077') in 0.016450 seconds
Number of updated asset objects reloaded before import = 0
Number of asset objects unloaded after import = 0
========================================================================
Received Prepare
Caller must complete domain reload
Begin MonoManager ReloadAssembly
- Loaded All Assemblies, in  1.258 seconds
Native extension for WindowsStandalone target not found
Mono: successfully reloaded assembly
- Finished resetting the current domain, in  4.127 seconds
Domain Reload Profiling: 5375ms
	BeginReloadAssembly (395ms)
		ExecutionOrderSort (0ms)
		DisableScriptedObjects (26ms)
		BackupInstance (0ms)
		ReleaseScriptingObjects (0ms)
		CreateAndSetChildDomain (59ms)
	RebuildCommonClasses (88ms)
	RebuildNativeTypeToScriptingClass (21ms)
	initialDomainReloadingComplete (73ms)
	LoadAllAssembliesAndSetupDomain (671ms)
		LoadAssemblies (831ms)
		RebuildTransferFunctionScriptingTraits (0ms)
		AnalyzeDomain (98ms)
			TypeCache.Refresh (19ms)
				TypeCache.ScanAssembly (1ms)
			ScanForSourceGeneratedMonoScriptInfo (53ms)
			ResolveRequiredComponents (25ms)
	FinalizeReload (4128ms)
		ReleaseScriptCaches (0ms)
		RebuildScriptCaches (0ms)
		SetupLoadedEditorAssemblies (1478ms)
			LogAssemblyErrors (0ms)
			InitializePlatformSupportModulesInManaged (13ms)
			SetLoadedEditorAssemblies (14ms)
			RefreshPlugins (0ms)
			BeforeProcessingInitializeOnLoad (317ms)
			ProcessInitializeOnLoadAttributes (938ms)
			ProcessInitializeOnLoadMethodAttributes (189ms)
			AfterProcessingInitializeOnLoad (6ms)
			EditorAssembliesLoaded (1ms)
		ExecutionOrderSort2 (0ms)
		AwakeInstancesAfterBackupRestoration (32ms)
Shader Hidden/ProbeVolume/VoxelizeScene is not supported: GPU does not support conservative rasterization
Shader Hidden/ProbeVolume/VoxelizeScene is not supported: GPU does not support conservative rasterization
Refreshing native plugins compatible for Editor in 20.31 ms, found 4 plugins.
Preloading 0 native plugins for Editor in 0.00 ms.
Unloading 5534 Unused Serialized files (Serialized files now loaded: 0)
Unloading 62 unused Assets / (3.6 MB). Loaded Objects now: 6138.
Memory consumption went from 203.0 MB to 199.4 MB.
Total: 9.296600 ms (FindLiveObjects: 0.657800 ms CreateObjectMapping: 0.583100 ms MarkObjects: 5.314300 ms  DeleteObjects: 2.739100 ms)

Prepare: number of updated asset objects reloaded= 0
AssetImportParameters requested are different than current active one (requested -> active):
  custom:container-demuxer-ogg: 62fdf1f143b41e24485cea50d1cbac27 -> 
  custom:video-codec-MediaFoundation-h265: 746d11721c4dcdbdad8f713fa42b33f4 -> 
  custom:video-decoder-ogg-theora: a1e56fd34408186e4bbccfd4996cb3dc -> 
  custom:framework-win-MediaFoundation: 216162199b28c13a410421893ffa2e32 -> 
  custom:scripting/monoscript/fileName/Zone_Transition.cs: 7abcaa9ec662674794f40550db270ed6 -> 
  custom:CustomObjectIndexerAttribute: 72b91833f83ae208fae7752999fa3104 -> 
  custom:container-demuxer-webm: 4f35f7cbe854078d1ac9338744f61a02 -> 
  custom:container-muxer-webm: aa71ff27fc2769a1b78a27578f13a17b -> 
  custom:video-decoder-webm-vp8: 9c59270c3fd7afecdb556c50c9e8de78 -> 
  custom:scripting/monoscript/fileName/BiomeManager.cs: 8d35c78ac6eda6663d4d8bef70af112d -> 
  custom:SearchIndexIgnoredProperties: e643bd26f0fe6173181afceb89e7c659 -> 
  custom:AudioImporter_EditorPlatform: d09bf68614088b80899f8185d706f6e7 -> 
  custom:video-encoder-webm-vp8: eb34c28f22e8b96e1ab97ce403110664 -> 
  custom:audio-decoder-ogg-vorbis: bf7c407c2cedff20999df2af8eb42d56 -> 
  custom:scripting/monoscript/fileName/ParallaxBG.cs: 60f35dee57f29e937f9a172bd291a113 -> 
  custom:audio-encoder-webm-vorbis: bf7c407c2cedff20999df2af8eb42d56 -> 
  custom:scripting/precompiled-assembly-types:Assembly-CSharp: ac0b05cf91c6a65eb4b1786a5c7c6ddf -> 7ab51b2ff1f6fd329de154d611ee96e1
========================================================================
Received Import Request.
  Time since last request: 77.021395 seconds.
  path: Assets/Scripts/Zone_Transition.cs
  artifactKey: Guid(26ccaca51ecb69941a2b39786e41aa23) Importer(815301076,1909f56bfc062723c751e8b465ee728b)
Start importing Assets/Scripts/Zone_Transition.cs using Guid(26ccaca51ecb69941a2b39786e41aa23) Importer(815301076,1909f56bfc062723c751e8b465ee728b) [PhysX] Initialized MultithreadedTaskDispatcher with 8 workers.
 -> (artifact id: '847ca8157466dfc87758cdcb0642e41a') in 0.003956 seconds
Number of updated asset objects reloaded before import = 0
Number of asset objects unloaded after import = 0
========================================================================
Received Prepare
Caller must complete domain reload
Begin MonoManager ReloadAssembly
- Loaded All Assemblies, in  1.161 seconds
Native extension for WindowsStandalone target not found
Mono: successfully reloaded assembly
- Finished resetting the current domain, in  3.186 seconds
Domain Reload Profiling: 4340ms
	BeginReloadAssembly (388ms)
		ExecutionOrderSort (0ms)
		DisableScriptedObjects (27ms)
		BackupInstance (0ms)
		ReleaseScriptingObjects (0ms)
		CreateAndSetChildDomain (71ms)
	RebuildCommonClasses (68ms)
	RebuildNativeTypeToScriptingClass (25ms)
	initialDomainReloadingComplete (47ms)
	LoadAllAssembliesAndSetupDomain (625ms)
		LoadAssemblies (761ms)
		RebuildTransferFunctionScriptingTraits (0ms)
		AnalyzeDomain (94ms)
			TypeCache.Refresh (20ms)
				TypeCache.ScanAssembly (1ms)
			ScanForSourceGeneratedMonoScriptInfo (52ms)
			ResolveRequiredComponents (21ms)
	FinalizeReload (3186ms)
		ReleaseScriptCaches (0ms)
		RebuildScriptCaches (0ms)
		SetupLoadedEditorAssemblies (1096ms)
			LogAssemblyErrors (0ms)
			InitializePlatformSupportModulesInManaged (12ms)
			SetLoadedEditorAssemblies (12ms)
			RefreshPlugins (0ms)
			BeforeProcessingInitializeOnLoad (269ms)
			ProcessInitializeOnLoadAttributes (662ms)
			ProcessInitializeOnLoadMethodAttributes (137ms)
			AfterProcessingInitializeOnLoad (3ms)
			EditorAssembliesLoaded (0ms)
		ExecutionOrderSort2 (0ms)
		AwakeInstancesAfterBackupRestoration (25ms)
Shader Hidden/ProbeVolume/VoxelizeScene is not supported: GPU does not support conservative rasterization
Shader Hidden/ProbeVolume/VoxelizeScene is not supported: GPU does not support conservative rasterization
Refreshing native plugins compatible for Editor in 16.55 ms, found 4 plugins.
Preloading 0 native plugins for Editor in 0.00 ms.
Unloading 5534 Unused Serialized files (Serialized files now loaded: 0)
Unloading 62 unused Assets / (3.6 MB). Loaded Objects now: 6143.
Memory consumption went from 203.0 MB to 199.4 MB.
Total: 7.263800 ms (FindLiveObjects: 0.648200 ms CreateObjectMapping: 0.338000 ms MarkObjects: 3.871000 ms  DeleteObjects: 2.405100 ms)

Prepare: number of updated asset objects reloaded= 0
AssetImportParameters requested are different than current active one (requested -> active):
  custom:container-demuxer-ogg: 62fdf1f143b41e24485cea50d1cbac27 -> 
  custom:video-codec-MediaFoundation-h265: 746d11721c4dcdbdad8f713fa42b33f4 -> 
  custom:video-decoder-ogg-theora: a1e56fd34408186e4bbccfd4996cb3dc -> 
  custom:framework-win-MediaFoundation: 216162199b28c13a410421893ffa2e32 -> 
  custom:scripting/monoscript/fileName/Zone_Transition.cs: 7abcaa9ec662674794f40550db270ed6 -> 
  custom:CustomObjectIndexerAttribute: 72b91833f83ae208fae7752999fa3104 -> 
  custom:container-demuxer-webm: 4f35f7cbe854078d1ac9338744f61a02 -> 
  custom:container-muxer-webm: aa71ff27fc2769a1b78a27578f13a17b -> 
  custom:video-decoder-webm-vp8: 9c59270c3fd7afecdb556c50c9e8de78 -> 
  custom:scripting/monoscript/fileName/BiomeManager.cs: 8d35c78ac6eda6663d4d8bef70af112d -> 
  custom:SearchIndexIgnoredProperties: e643bd26f0fe6173181afceb89e7c659 -> 
  custom:AudioImporter_EditorPlatform: d09bf68614088b80899f8185d706f6e7 -> 
  custom:video-encoder-webm-vp8: eb34c28f22e8b96e1ab97ce403110664 -> 
  custom:audio-decoder-ogg-vorbis: bf7c407c2cedff20999df2af8eb42d56 -> 
  custom:scripting/monoscript/fileName/ParallaxBG.cs: 60f35dee57f29e937f9a172bd291a113 -> 
  custom:audio-encoder-webm-vorbis: bf7c407c2cedff20999df2af8eb42d56 -> 
  custom:scripting/precompiled-assembly-types:Assembly-CSharp: ac0b05cf91c6a65eb4b1786a5c7c6ddf -> 7ab51b2ff1f6fd329de154d611ee96e1
========================================================================
Received Import Request.
  Time since last request: 32.852321 seconds.
  path: Assets/Scripts/BiomeManager.cs
  artifactKey: Guid(90486292736ce3442a99a1a5267e2e2d) Importer(815301076,1909f56bfc062723c751e8b465ee728b)
Start importing Assets/Scripts/BiomeManager.cs using Guid(90486292736ce3442a99a1a5267e2e2d) Importer(815301076,1909f56bfc062723c751e8b465ee728b) [PhysX] Initialized MultithreadedTaskDispatcher with 8 workers.
 -> (artifact id: '1c02622b7bfdcf33d65943303f5ef4c5') in 0.003195 seconds
Number of updated asset objects reloaded before import = 0
Number of asset objects unloaded after import = 0
========================================================================
Received Prepare
Caller must complete domain reload
Begin MonoManager ReloadAssembly
- Loaded All Assemblies, in  1.103 seconds
Native extension for WindowsStandalone target not found
Mono: successfully reloaded assembly
- Finished resetting the current domain, in  3.674 seconds
Domain Reload Profiling: 4770ms
	BeginReloadAssembly (372ms)
		ExecutionOrderSort (0ms)
		DisableScriptedObjects (24ms)
		BackupInstance (0ms)
		ReleaseScriptingObjects (0ms)
		CreateAndSetChildDomain (66ms)
	RebuildCommonClasses (61ms)
	RebuildNativeTypeToScriptingClass (22ms)
	initialDomainReloadingComplete (52ms)
	LoadAllAssembliesAndSetupDomain (588ms)
		LoadAssemblies (790ms)
		RebuildTransferFunctionScriptingTraits (0ms)
		AnalyzeDomain (32ms)
			TypeCache.Refresh (9ms)
				TypeCache.ScanAssembly (0ms)
			ScanForSourceGeneratedMonoScriptInfo (0ms)
			ResolveRequiredComponents (21ms)
	FinalizeReload (3675ms)
		ReleaseScriptCaches (0ms)
		RebuildScriptCaches (0ms)
		SetupLoadedEditorAssemblies (1312ms)
			LogAssemblyErrors (0ms)
			InitializePlatformSupportModulesInManaged (13ms)
			SetLoadedEditorAssemblies (11ms)
			RefreshPlugins (0ms)
			BeforeProcessingInitializeOnLoad (321ms)
			ProcessInitializeOnLoadAttributes (789ms)
			ProcessInitializeOnLoadMethodAttributes (172ms)
			AfterProcessingInitializeOnLoad (6ms)
			EditorAssembliesLoaded (1ms)
		ExecutionOrderSort2 (0ms)
		AwakeInstancesAfterBackupRestoration (36ms)
Shader Hidden/ProbeVolume/VoxelizeScene is not supported: GPU does not support conservative rasterization
Shader Hidden/ProbeVolume/VoxelizeScene is not supported: GPU does not support conservative rasterization
Refreshing native plugins compatible for Editor in 20.02 ms, found 4 plugins.
Preloading 0 native plugins for Editor in 0.00 ms.
Unloading 5534 Unused Serialized files (Serialized files now loaded: 0)
Unloading 62 unused Assets / (3.5 MB). Loaded Objects now: 6148.
Memory consumption went from 202.9 MB to 199.4 MB.
Total: 8.853800 ms (FindLiveObjects: 0.663700 ms CreateObjectMapping: 0.575600 ms MarkObjects: 5.136300 ms  DeleteObjects: 2.475700 ms)

Prepare: number of updated asset objects reloaded= 0
AssetImportParameters requested are different than current active one (requested -> active):
  custom:container-demuxer-ogg: 62fdf1f143b41e24485cea50d1cbac27 -> 
  custom:video-codec-MediaFoundation-h265: 746d11721c4dcdbdad8f713fa42b33f4 -> 
  custom:video-decoder-ogg-theora: a1e56fd34408186e4bbccfd4996cb3dc -> 
  custom:framework-win-MediaFoundation: 216162199b28c13a410421893ffa2e32 -> 
  custom:scripting/monoscript/fileName/Zone_Transition.cs: 7abcaa9ec662674794f40550db270ed6 -> 
  custom:CustomObjectIndexerAttribute: 72b91833f83ae208fae7752999fa3104 -> 
  custom:container-demuxer-webm: 4f35f7cbe854078d1ac9338744f61a02 -> 
  custom:container-muxer-webm: aa71ff27fc2769a1b78a27578f13a17b -> 
  custom:video-decoder-webm-vp8: 9c59270c3fd7afecdb556c50c9e8de78 -> 
  custom:scripting/monoscript/fileName/BiomeManager.cs: 8d35c78ac6eda6663d4d8bef70af112d -> 
  custom:SearchIndexIgnoredProperties: e643bd26f0fe6173181afceb89e7c659 -> 
  custom:AudioImporter_EditorPlatform: d09bf68614088b80899f8185d706f6e7 -> 
  custom:video-encoder-webm-vp8: eb34c28f22e8b96e1ab97ce403110664 -> 
  custom:audio-decoder-ogg-vorbis: bf7c407c2cedff20999df2af8eb42d56 -> 
  custom:scripting/monoscript/fileName/ParallaxBG.cs: 60f35dee57f29e937f9a172bd291a113 -> 
  custom:audio-encoder-webm-vorbis: bf7c407c2cedff20999df2af8eb42d56 -> 
  custom:scripting/precompiled-assembly-types:Assembly-CSharp: ac0b05cf91c6a65eb4b1786a5c7c6ddf -> 7ab51b2ff1f6fd329de154d611ee96e1
========================================================================
Received Prepare
Caller must complete domain reload
Begin MonoManager ReloadAssembly
- Loaded All Assemblies, in  1.105 seconds
Native extension for WindowsStandalone target not found
Mono: successfully reloaded assembly
- Finished resetting the current domain, in  3.671 seconds
Domain Reload Profiling: 4768ms
	BeginReloadAssembly (316ms)
		ExecutionOrderSort (0ms)
		DisableScriptedObjects (18ms)
		BackupInstance (0ms)
		ReleaseScriptingObjects (0ms)
		CreateAndSetChildDomain (63ms)
	RebuildCommonClasses (67ms)
	RebuildNativeTypeToScriptingClass (22ms)
	initialDomainReloadingComplete (56ms)
	LoadAllAssembliesAndSetupDomain (635ms)
		LoadAssemblies (784ms)
		RebuildTransferFunctionScriptingTraits (0ms)
		AnalyzeDomain (38ms)
			TypeCache.Refresh (9ms)
				TypeCache.ScanAssembly (0ms)
			ScanForSourceGeneratedMonoScriptInfo (0ms)
			ResolveRequiredComponents (28ms)
	FinalizeReload (3672ms)
		ReleaseScriptCaches (0ms)
		RebuildScriptCaches (0ms)
		SetupLoadedEditorAssemblies (1352ms)
			LogAssemblyErrors (0ms)
			InitializePlatformSupportModulesInManaged (15ms)
			SetLoadedEditorAssemblies (10ms)
			RefreshPlugins (0ms)
			BeforeProcessingInitializeOnLoad (349ms)
			ProcessInitializeOnLoadAttributes (813ms)
			ProcessInitializeOnLoadMethodAttributes (160ms)
			AfterProcessingInitializeOnLoad (4ms)
			EditorAssembliesLoaded (1ms)
		ExecutionOrderSort2 (0ms)
		AwakeInstancesAfterBackupRestoration (33ms)
Shader Hidden/ProbeVolume/VoxelizeScene is not supported: GPU does not support conservative rasterization
Shader Hidden/ProbeVolume/VoxelizeScene is not supported: GPU does not support conservative rasterization
Refreshing native plugins compatible for Editor in 18.09 ms, found 4 plugins.
Preloading 0 native plugins for Editor in 0.00 ms.
Unloading 5534 Unused Serialized files (Serialized files now loaded: 0)
Unloading 62 unused Assets / (3.6 MB). Loaded Objects now: 6153.
Memory consumption went from 202.9 MB to 199.3 MB.
Total: 10.411500 ms (FindLiveObjects: 0.696600 ms CreateObjectMapping: 1.858100 ms MarkObjects: 4.748600 ms  DeleteObjects: 3.106200 ms)

Prepare: number of updated asset objects reloaded= 0
AssetImportParameters requested are different than current active one (requested -> active):
  custom:container-demuxer-ogg: 62fdf1f143b41e24485cea50d1cbac27 -> 
  custom:video-codec-MediaFoundation-h265: 746d11721c4dcdbdad8f713fa42b33f4 -> 
  custom:video-decoder-ogg-theora: a1e56fd34408186e4bbccfd4996cb3dc -> 
  custom:framework-win-MediaFoundation: 216162199b28c13a410421893ffa2e32 -> 
  custom:scripting/monoscript/fileName/Zone_Transition.cs: 7abcaa9ec662674794f40550db270ed6 -> 
  custom:CustomObjectIndexerAttribute: 72b91833f83ae208fae7752999fa3104 -> 
  custom:container-demuxer-webm: 4f35f7cbe854078d1ac9338744f61a02 -> 
  custom:container-muxer-webm: aa71ff27fc2769a1b78a27578f13a17b -> 
  custom:video-decoder-webm-vp8: 9c59270c3fd7afecdb556c50c9e8de78 -> 
  custom:scripting/monoscript/fileName/BiomeManager.cs: 8d35c78ac6eda6663d4d8bef70af112d -> 
  custom:SearchIndexIgnoredProperties: e643bd26f0fe6173181afceb89e7c659 -> 
  custom:AudioImporter_EditorPlatform: d09bf68614088b80899f8185d706f6e7 -> 
  custom:video-encoder-webm-vp8: eb34c28f22e8b96e1ab97ce403110664 -> 
  custom:audio-decoder-ogg-vorbis: bf7c407c2cedff20999df2af8eb42d56 -> 
  custom:scripting/monoscript/fileName/ParallaxBG.cs: 60f35dee57f29e937f9a172bd291a113 -> 
  custom:audio-encoder-webm-vorbis: bf7c407c2cedff20999df2af8eb42d56 -> 
  custom:scripting/precompiled-assembly-types:Assembly-CSharp: ac0b05cf91c6a65eb4b1786a5c7c6ddf -> 7ab51b2ff1f6fd329de154d611ee96e1
========================================================================
Received Prepare
Caller must complete domain reload
Begin MonoManager ReloadAssembly
- Loaded All Assemblies, in  1.100 seconds
Native extension for WindowsStandalone target not found
Mono: successfully reloaded assembly
- Finished resetting the current domain, in  3.696 seconds
Domain Reload Profiling: 4787ms
	BeginReloadAssembly (300ms)
		ExecutionOrderSort (0ms)
		DisableScriptedObjects (23ms)
		BackupInstance (0ms)
		ReleaseScriptingObjects (0ms)
		CreateAndSetChildDomain (52ms)
	RebuildCommonClasses (60ms)
	RebuildNativeTypeToScriptingClass (24ms)
	initialDomainReloadingComplete (53ms)
	LoadAllAssembliesAndSetupDomain (653ms)
		LoadAssemblies (797ms)
		RebuildTransferFunctionScriptingTraits (0ms)
		AnalyzeDomain (33ms)
			TypeCache.Refresh (12ms)
				TypeCache.ScanAssembly (0ms)
			ScanForSourceGeneratedMonoScriptInfo (0ms)
			ResolveRequiredComponents (20ms)
	FinalizeReload (3697ms)
		ReleaseScriptCaches (0ms)
		RebuildScriptCaches (0ms)
		SetupLoadedEditorAssemblies (1362ms)
			LogAssemblyErrors (0ms)
			InitializePlatformSupportModulesInManaged (14ms)
			SetLoadedEditorAssemblies (12ms)
			RefreshPlugins (0ms)
			BeforeProcessingInitializeOnLoad (353ms)
			ProcessInitializeOnLoadAttributes (823ms)
			ProcessInitializeOnLoadMethodAttributes (154ms)
			AfterProcessingInitializeOnLoad (5ms)
			EditorAssembliesLoaded (1ms)
		ExecutionOrderSort2 (0ms)
		AwakeInstancesAfterBackupRestoration (30ms)
Shader Hidden/ProbeVolume/VoxelizeScene is not supported: GPU does not support conservative rasterization
Shader Hidden/ProbeVolume/VoxelizeScene is not supported: GPU does not support conservative rasterization
Refreshing native plugins compatible for Editor in 17.70 ms, found 4 plugins.
Preloading 0 native plugins for Editor in 0.00 ms.
Unloading 5534 Unused Serialized files (Serialized files now loaded: 0)
Unloading 62 unused Assets / (3.6 MB). Loaded Objects now: 6158.
Memory consumption went from 203.0 MB to 199.4 MB.
Total: 7.257300 ms (FindLiveObjects: 0.561700 ms CreateObjectMapping: 0.313100 ms MarkObjects: 3.692100 ms  DeleteObjects: 2.688100 ms)

Prepare: number of updated asset objects reloaded= 0
AssetImportParameters requested are different than current active one (requested -> active):
  custom:container-demuxer-ogg: 62fdf1f143b41e24485cea50d1cbac27 -> 
  custom:video-codec-MediaFoundation-h265: 746d11721c4dcdbdad8f713fa42b33f4 -> 
  custom:video-decoder-ogg-theora: a1e56fd34408186e4bbccfd4996cb3dc -> 
  custom:framework-win-MediaFoundation: 216162199b28c13a410421893ffa2e32 -> 
  custom:scripting/monoscript/fileName/Zone_Transition.cs: 7abcaa9ec662674794f40550db270ed6 -> 
  custom:CustomObjectIndexerAttribute: 72b91833f83ae208fae7752999fa3104 -> 
  custom:container-demuxer-webm: 4f35f7cbe854078d1ac9338744f61a02 -> 
  custom:container-muxer-webm: aa71ff27fc2769a1b78a27578f13a17b -> 
  custom:video-decoder-webm-vp8: 9c59270c3fd7afecdb556c50c9e8de78 -> 
  custom:scripting/monoscript/fileName/BiomeManager.cs: 8d35c78ac6eda6663d4d8bef70af112d -> 
  custom:SearchIndexIgnoredProperties: e643bd26f0fe6173181afceb89e7c659 -> 
  custom:AudioImporter_EditorPlatform: d09bf68614088b80899f8185d706f6e7 -> 
  custom:video-encoder-webm-vp8: eb34c28f22e8b96e1ab97ce403110664 -> 
  custom:audio-decoder-ogg-vorbis: bf7c407c2cedff20999df2af8eb42d56 -> 
  custom:scripting/monoscript/fileName/ParallaxBG.cs: 60f35dee57f29e937f9a172bd291a113 -> 
  custom:audio-encoder-webm-vorbis: bf7c407c2cedff20999df2af8eb42d56 -> 
  custom:scripting/precompiled-assembly-types:Assembly-CSharp: ac0b05cf91c6a65eb4b1786a5c7c6ddf -> 7ab51b2ff1f6fd329de154d611ee96e1
========================================================================
Received Import Request.
  Time since last request: 1138.158517 seconds.
  path: Assets/Scripts/BiomaManager.cs
  artifactKey: Guid(61dee0e847e4a754eba6a44f97a69571) Importer(815301076,1909f56bfc062723c751e8b465ee728b)
Start importing Assets/Scripts/BiomaManager.cs using Guid(61dee0e847e4a754eba6a44f97a69571) Importer(815301076,1909f56bfc062723c751e8b465ee728b) [PhysX] Initialized MultithreadedTaskDispatcher with 8 workers.
 -> (artifact id: 'd75085c1942bd6c41fb3aa0bc78f99c1') in 0.004136 seconds
Number of updated asset objects reloaded before import = 0
Number of asset objects unloaded after import = 0
========================================================================
Received Prepare
Caller must complete domain reload
Begin MonoManager ReloadAssembly
- Loaded All Assemblies, in  1.182 seconds
Native extension for WindowsStandalone target not found
Mono: successfully reloaded assembly
- Finished resetting the current domain, in  3.315 seconds
Domain Reload Profiling: 4490ms
	BeginReloadAssembly (370ms)
		ExecutionOrderSort (0ms)
		DisableScriptedObjects (25ms)
		BackupInstance (0ms)
		ReleaseScriptingObjects (0ms)
		CreateAndSetChildDomain (74ms)
	RebuildCommonClasses (66ms)
	RebuildNativeTypeToScriptingClass (24ms)
	initialDomainReloadingComplete (53ms)
	LoadAllAssembliesAndSetupDomain (662ms)
		LoadAssemblies (772ms)
		RebuildTransferFunctionScriptingTraits (0ms)
		AnalyzeDomain (105ms)
			TypeCache.Refresh (16ms)
				TypeCache.ScanAssembly (0ms)
			ScanForSourceGeneratedMonoScriptInfo (60ms)
			ResolveRequiredComponents (27ms)
	FinalizeReload (3316ms)
		ReleaseScriptCaches (0ms)
		RebuildScriptCaches (0ms)
		SetupLoadedEditorAssemblies (1146ms)
			LogAssemblyErrors (0ms)
			InitializePlatformSupportModulesInManaged (11ms)
			SetLoadedEditorAssemblies (9ms)
			RefreshPlugins (0ms)
			BeforeProcessingInitializeOnLoad (281ms)
			ProcessInitializeOnLoadAttributes (686ms)
			ProcessInitializeOnLoadMethodAttributes (152ms)
			AfterProcessingInitializeOnLoad (6ms)
			EditorAssembliesLoaded (1ms)
		ExecutionOrderSort2 (0ms)
		AwakeInstancesAfterBackupRestoration (33ms)
Shader Hidden/ProbeVolume/VoxelizeScene is not supported: GPU does not support conservative rasterization
Shader Hidden/ProbeVolume/VoxelizeScene is not supported: GPU does not support conservative rasterization
Refreshing native plugins compatible for Editor in 13.81 ms, found 4 plugins.
Preloading 0 native plugins for Editor in 0.00 ms.
Unloading 5531 Unused Serialized files (Serialized files now loaded: 0)
Unloading 65 unused Assets / (3.5 MB). Loaded Objects now: 6160.
Memory consumption went from 202.9 MB to 199.4 MB.
Total: 7.966900 ms (FindLiveObjects: 0.684600 ms CreateObjectMapping: 0.423000 ms MarkObjects: 4.549400 ms  DeleteObjects: 2.308100 ms)

Prepare: number of updated asset objects reloaded= 0
AssetImportParameters requested are different than current active one (requested -> active):
  custom:container-demuxer-ogg: 62fdf1f143b41e24485cea50d1cbac27 -> 
  custom:video-codec-MediaFoundation-h265: 746d11721c4dcdbdad8f713fa42b33f4 -> 
  custom:video-decoder-ogg-theora: a1e56fd34408186e4bbccfd4996cb3dc -> 
  custom:framework-win-MediaFoundation: 216162199b28c13a410421893ffa2e32 -> 
  custom:scripting/monoscript/fileName/Zone_Transition.cs: 7abcaa9ec662674794f40550db270ed6 -> 
  custom:CustomObjectIndexerAttribute: 72b91833f83ae208fae7752999fa3104 -> 
  custom:container-demuxer-webm: 4f35f7cbe854078d1ac9338744f61a02 -> 
  custom:container-muxer-webm: aa71ff27fc2769a1b78a27578f13a17b -> 
  custom:video-decoder-webm-vp8: 9c59270c3fd7afecdb556c50c9e8de78 -> 
  custom:scripting/monoscript/fileName/BiomeManager.cs: 8d35c78ac6eda6663d4d8bef70af112d -> 
  custom:SearchIndexIgnoredProperties: e643bd26f0fe6173181afceb89e7c659 -> 
  custom:AudioImporter_EditorPlatform: d09bf68614088b80899f8185d706f6e7 -> 
  custom:video-encoder-webm-vp8: eb34c28f22e8b96e1ab97ce403110664 -> 
  custom:audio-decoder-ogg-vorbis: bf7c407c2cedff20999df2af8eb42d56 -> 
  custom:scripting/monoscript/fileName/ParallaxBG.cs: 60f35dee57f29e937f9a172bd291a113 -> 
  custom:audio-encoder-webm-vorbis: bf7c407c2cedff20999df2af8eb42d56 -> 
========================================================================
Received Import Request.
  Time since last request: 136.264800 seconds.
  path: Assets/Scripts/PausaMenuManager.cs
  artifactKey: Guid(b96adb6d971a61046a56a5f1c83aa345) Importer(815301076,1909f56bfc062723c751e8b465ee728b)
Start importing Assets/Scripts/PausaMenuManager.cs using Guid(b96adb6d971a61046a56a5f1c83aa345) Importer(815301076,1909f56bfc062723c751e8b465ee728b) [PhysX] Initialized MultithreadedTaskDispatcher with 8 workers.
 -> (artifact id: '6c2c9121974b4df36ad6cb14a884c5cf') in 0.003146 seconds
Number of updated asset objects reloaded before import = 0
Number of asset objects unloaded after import = 0
========================================================================
Received Import Request.
  Time since last request: 20.906014 seconds.
  path: Assets/Immagini/background/background_glacial_mountains.png
  artifactKey: Guid(3a2279b97832f1640bce8c283cb309a5) Importer(815301076,1909f56bfc062723c751e8b465ee728b)
Start importing Assets/Immagini/background/background_glacial_mountains.png using Guid(3a2279b97832f1640bce8c283cb309a5) Importer(815301076,1909f56bfc062723c751e8b465ee728b) [PhysX] Initialized MultithreadedTaskDispatcher with 8 workers.
[PhysX] Initialized MultithreadedTaskDispatcher with 8 workers.
 -> (artifact id: '689433a432999cbe89e362ff255c8143') in 0.099583 seconds
Number of updated asset objects reloaded before import = 0
Number of asset objects unloaded after import = 3
========================================================================
Received Import Request.
  Time since last request: 8.123622 seconds.
  path: Assets/Immagini/background/0.png
  artifactKey: Guid(ad5eaf3849e70774aae354a5264d617b) Importer(815301076,1909f56bfc062723c751e8b465ee728b)
Start importing Assets/Immagini/background/0.png using Guid(ad5eaf3849e70774aae354a5264d617b) Importer(815301076,1909f56bfc062723c751e8b465ee728b) [PhysX] Initialized MultithreadedTaskDispatcher with 8 workers.
[PhysX] Initialized MultithreadedTaskDispatcher with 8 workers.
 -> (artifact id: '88964688889abc2692a09183cacb92ad') in 0.015540 seconds
Number of updated asset objects reloaded before import = 0
Number of asset objects unloaded after import = 3
========================================================================
Received Import Request.
  Time since last request: 13.778176 seconds.
  path: Assets/Immagini/background/Mountain-Dusk.png
  artifactKey: Guid(9fc998ced66f37447a5dc88f9f64b5e2) Importer(815301076,1909f56bfc062723c751e8b465ee728b)
Start importing Assets/Immagini/background/Mountain-Dusk.png using Guid(9fc998ced66f37447a5dc88f9f64b5e2) Importer(815301076,1909f56bfc062723c751e8b465ee728b) [PhysX] Initialized MultithreadedTaskDispatcher with 8 workers.
[PhysX] Initialized MultithreadedTaskDispatcher with 8 workers.
 -> (artifact id: '96ae24e0461a5766ccd3c78564f7d15e') in 0.020311 seconds
Number of updated asset objects reloaded before import = 0
Number of asset objects unloaded after import = 3
========================================================================
Received Import Request.
  Time since last request: 160.294566 seconds.
  path: Assets/Scripts/background.cs
  artifactKey: Guid(ee24a1dfd0132c64a877a3fe83fccb9f) Importer(815301076,1909f56bfc062723c751e8b465ee728b)
Start importing Assets/Scripts/background.cs using Guid(ee24a1dfd0132c64a877a3fe83fccb9f) Importer(815301076,1909f56bfc062723c751e8b465ee728b) [PhysX] Initialized MultithreadedTaskDispatcher with 8 workers.
 -> (artifact id: '8c75b573ee07dce296830cd9863fb9eb') in 0.001176 seconds
Number of updated asset objects reloaded before import = 0
Number of asset objects unloaded after import = 0
========================================================================
Received Prepare
Caller must complete domain reload
Begin MonoManager ReloadAssembly
- Loaded All Assemblies, in  1.159 seconds
Native extension for WindowsStandalone target not found
Mono: successfully reloaded assembly
- Finished resetting the current domain, in  2.966 seconds
Domain Reload Profiling: 4116ms
	BeginReloadAssembly (319ms)
		ExecutionOrderSort (0ms)
		DisableScriptedObjects (21ms)
		BackupInstance (0ms)
		ReleaseScriptingObjects (0ms)
		CreateAndSetChildDomain (59ms)
	RebuildCommonClasses (72ms)
	RebuildNativeTypeToScriptingClass (24ms)
	initialDomainReloadingComplete (53ms)
	LoadAllAssembliesAndSetupDomain (681ms)
		LoadAssemblies (797ms)
		RebuildTransferFunctionScriptingTraits (0ms)
		AnalyzeDomain (75ms)
			TypeCache.Refresh (15ms)
				TypeCache.ScanAssembly (0ms)
			ScanForSourceGeneratedMonoScriptInfo (37ms)
			ResolveRequiredComponents (21ms)
	FinalizeReload (2967ms)
		ReleaseScriptCaches (0ms)
		RebuildScriptCaches (0ms)
		SetupLoadedEditorAssemblies (1126ms)
			LogAssemblyErrors (0ms)
			InitializePlatformSupportModulesInManaged (9ms)
			SetLoadedEditorAssemblies (11ms)
			RefreshPlugins (0ms)
			BeforeProcessingInitializeOnLoad (292ms)
			ProcessInitializeOnLoadAttributes (678ms)
			ProcessInitializeOnLoadMethodAttributes (131ms)
			AfterProcessingInitializeOnLoad (4ms)
			EditorAssembliesLoaded (0ms)
		ExecutionOrderSort2 (0ms)
		AwakeInstancesAfterBackupRestoration (24ms)
Shader Hidden/ProbeVolume/VoxelizeScene is not supported: GPU does not support conservative rasterization
Shader Hidden/ProbeVolume/VoxelizeScene is not supported: GPU does not support conservative rasterization
Refreshing native plugins compatible for Editor in 14.66 ms, found 4 plugins.
Preloading 0 native plugins for Editor in 0.00 ms.
Unloading 5532 Unused Serialized files (Serialized files now loaded: 0)
Unloading 62 unused Assets / (3.6 MB). Loaded Objects now: 6166.
Memory consumption went from 203.0 MB to 199.4 MB.
Total: 6.019000 ms (FindLiveObjects: 0.535700 ms CreateObjectMapping: 0.183600 ms MarkObjects: 3.205900 ms  DeleteObjects: 2.092200 ms)

Prepare: number of updated asset objects reloaded= 0
AssetImportParameters requested are different than current active one (requested -> active):
  custom:container-demuxer-ogg: 62fdf1f143b41e24485cea50d1cbac27 -> 
  custom:video-codec-MediaFoundation-h265: 746d11721c4dcdbdad8f713fa42b33f4 -> 
  custom:video-decoder-ogg-theora: a1e56fd34408186e4bbccfd4996cb3dc -> 
  custom:framework-win-MediaFoundation: 216162199b28c13a410421893ffa2e32 -> 
  custom:scripting/monoscript/fileName/Zone_Transition.cs: 7abcaa9ec662674794f40550db270ed6 -> 
  custom:CustomObjectIndexerAttribute: 72b91833f83ae208fae7752999fa3104 -> 
  custom:scripting/monoscript/fileName/background.cs: 26992a202a4f804f0e1e2bc2100b7527 -> 
  custom:container-demuxer-webm: 4f35f7cbe854078d1ac9338744f61a02 -> 
  custom:container-muxer-webm: aa71ff27fc2769a1b78a27578f13a17b -> 
  custom:video-decoder-webm-vp8: 9c59270c3fd7afecdb556c50c9e8de78 -> 
  custom:scripting/monoscript/fileName/BiomeManager.cs: 8d35c78ac6eda6663d4d8bef70af112d -> 
  custom:SearchIndexIgnoredProperties: e643bd26f0fe6173181afceb89e7c659 -> 
  custom:AudioImporter_EditorPlatform: d09bf68614088b80899f8185d706f6e7 -> 
  custom:video-encoder-webm-vp8: eb34c28f22e8b96e1ab97ce403110664 -> 
  custom:audio-decoder-ogg-vorbis: bf7c407c2cedff20999df2af8eb42d56 -> 
  custom:scripting/monoscript/fileName/ParallaxBG.cs: 60f35dee57f29e937f9a172bd291a113 -> 
  custom:audio-encoder-webm-vorbis: bf7c407c2cedff20999df2af8eb42d56 -> 
  custom:scripting/precompiled-assembly-types:Assembly-CSharp: 3f41e8c7d50bd00f48463d601e627b30 -> 7ab51b2ff1f6fd329de154d611ee96e1
========================================================================
Received Import Request.
  Time since last request: 40.423741 seconds.
  path: Assets/Scripts/background.cs
  artifactKey: Guid(ee24a1dfd0132c64a877a3fe83fccb9f) Importer(815301076,1909f56bfc062723c751e8b465ee728b)
Start importing Assets/Scripts/background.cs using Guid(ee24a1dfd0132c64a877a3fe83fccb9f) Importer(815301076,1909f56bfc062723c751e8b465ee728b) [PhysX] Initialized MultithreadedTaskDispatcher with 8 workers.
 -> (artifact id: '7fc5c4b7be75ad9ead6a30b5764db805') in 0.002962 seconds
Number of updated asset objects reloaded before import = 0
Number of asset objects unloaded after import = 0
========================================================================
Received Import Request.
  Time since last request: 21.424136 seconds.
  path: Assets/Scripts/background.cs
  artifactKey: Guid(ee24a1dfd0132c64a877a3fe83fccb9f) Importer(815301076,1909f56bfc062723c751e8b465ee728b)
Start importing Assets/Scripts/background.cs using Guid(ee24a1dfd0132c64a877a3fe83fccb9f) Importer(815301076,1909f56bfc062723c751e8b465ee728b) [PhysX] Initialized MultithreadedTaskDispatcher with 8 workers.
 -> (artifact id: 'b10402f071c6282f8026127b2e3e91a3') in 0.023932 seconds
Number of updated asset objects reloaded before import = 0
Number of asset objects unloaded after import = 0
========================================================================
Received Prepare
Caller must complete domain reload
Begin MonoManager ReloadAssembly
- Loaded All Assemblies, in  1.304 seconds
Native extension for WindowsStandalone target not found
Mono: successfully reloaded assembly
- Finished resetting the current domain, in  3.325 seconds
Domain Reload Profiling: 4619ms
	BeginReloadAssembly (370ms)
		ExecutionOrderSort (0ms)
		DisableScriptedObjects (25ms)
		BackupInstance (0ms)
		ReleaseScriptingObjects (0ms)
		CreateAndSetChildDomain (70ms)
	RebuildCommonClasses (77ms)
	RebuildNativeTypeToScriptingClass (26ms)
	initialDomainReloadingComplete (65ms)
	LoadAllAssembliesAndSetupDomain (755ms)
		LoadAssemblies (867ms)
		RebuildTransferFunctionScriptingTraits (0ms)
		AnalyzeDomain (112ms)
			TypeCache.Refresh (16ms)
				TypeCache.ScanAssembly (1ms)
			ScanForSourceGeneratedMonoScriptInfo (63ms)
			ResolveRequiredComponents (31ms)
	FinalizeReload (3326ms)
		ReleaseScriptCaches (0ms)
		RebuildScriptCaches (0ms)
		SetupLoadedEditorAssemblies (1080ms)
			LogAssemblyErrors (0ms)
			InitializePlatformSupportModulesInManaged (9ms)
			SetLoadedEditorAssemblies (12ms)
			RefreshPlugins (0ms)
			BeforeProcessingInitializeOnLoad (274ms)
			ProcessInitializeOnLoadAttributes (637ms)
			ProcessInitializeOnLoadMethodAttributes (142ms)
			AfterProcessingInitializeOnLoad (5ms)
			EditorAssembliesLoaded (0ms)
		ExecutionOrderSort2 (0ms)
		AwakeInstancesAfterBackupRestoration (25ms)
Shader Hidden/ProbeVolume/VoxelizeScene is not supported: GPU does not support conservative rasterization
Shader Hidden/ProbeVolume/VoxelizeScene is not supported: GPU does not support conservative rasterization
Refreshing native plugins compatible for Editor in 23.89 ms, found 4 plugins.
Preloading 0 native plugins for Editor in 0.00 ms.
Unloading 5532 Unused Serialized files (Serialized files now loaded: 0)
Unloading 62 unused Assets / (3.5 MB). Loaded Objects now: 6171.
Memory consumption went from 202.9 MB to 199.4 MB.
Total: 11.464900 ms (FindLiveObjects: 0.911100 ms CreateObjectMapping: 0.595000 ms MarkObjects: 6.154500 ms  DeleteObjects: 3.801700 ms)

Prepare: number of updated asset objects reloaded= 0
AssetImportParameters requested are different than current active one (requested -> active):
  custom:container-demuxer-ogg: 62fdf1f143b41e24485cea50d1cbac27 -> 
  custom:video-codec-MediaFoundation-h265: 746d11721c4dcdbdad8f713fa42b33f4 -> 
  custom:video-decoder-ogg-theora: a1e56fd34408186e4bbccfd4996cb3dc -> 
  custom:framework-win-MediaFoundation: 216162199b28c13a410421893ffa2e32 -> 
  custom:scripting/monoscript/fileName/Zone_Transition.cs: 7abcaa9ec662674794f40550db270ed6 -> 
  custom:CustomObjectIndexerAttribute: 72b91833f83ae208fae7752999fa3104 -> 
  custom:scripting/monoscript/fileName/background.cs: 26992a202a4f804f0e1e2bc2100b7527 -> 
  custom:container-demuxer-webm: 4f35f7cbe854078d1ac9338744f61a02 -> 
  custom:container-muxer-webm: aa71ff27fc2769a1b78a27578f13a17b -> 
  custom:video-decoder-webm-vp8: 9c59270c3fd7afecdb556c50c9e8de78 -> 
  custom:scripting/monoscript/fileName/BiomeManager.cs: 8d35c78ac6eda6663d4d8bef70af112d -> 
  custom:SearchIndexIgnoredProperties: e643bd26f0fe6173181afceb89e7c659 -> 
  custom:AudioImporter_EditorPlatform: d09bf68614088b80899f8185d706f6e7 -> 
  custom:video-encoder-webm-vp8: eb34c28f22e8b96e1ab97ce403110664 -> 
  custom:audio-decoder-ogg-vorbis: bf7c407c2cedff20999df2af8eb42d56 -> 
  custom:scripting/monoscript/fileName/ParallaxBG.cs: 60f35dee57f29e937f9a172bd291a113 -> 
  custom:audio-encoder-webm-vorbis: bf7c407c2cedff20999df2af8eb42d56 -> 
  custom:scripting/precompiled-assembly-types:Assembly-CSharp: 3f41e8c7d50bd00f48463d601e627b30 -> 7ab51b2ff1f6fd329de154d611ee96e1
========================================================================
Received Import Request.
  Time since last request: 142.942050 seconds.
  path: Assets/Immagini/background/Mountain-Dusk.png
  artifactKey: Guid(9fc998ced66f37447a5dc88f9f64b5e2) Importer(815301076,1909f56bfc062723c751e8b465ee728b)
Start importing Assets/Immagini/background/Mountain-Dusk.png using Guid(9fc998ced66f37447a5dc88f9f64b5e2) Importer(815301076,1909f56bfc062723c751e8b465ee728b) [PhysX] Initialized MultithreadedTaskDispatcher with 8 workers.
[PhysX] Initialized MultithreadedTaskDispatcher with 8 workers.
 -> (artifact id: '262defb2b3a2989477d7fae9d11ae026') in 0.113877 seconds
Number of updated asset objects reloaded before import = 0
Number of asset objects unloaded after import = 3
========================================================================
Received Import Request.
  Time since last request: 99.749171 seconds.
  path: Assets/Immagini/background/background_glacial_mountains.png
  artifactKey: Guid(3a2279b97832f1640bce8c283cb309a5) Importer(815301076,1909f56bfc062723c751e8b465ee728b)
Start importing Assets/Immagini/background/background_glacial_mountains.png using Guid(3a2279b97832f1640bce8c283cb309a5) Importer(815301076,1909f56bfc062723c751e8b465ee728b) [PhysX] Initialized MultithreadedTaskDispatcher with 8 workers.
[PhysX] Initialized MultithreadedTaskDispatcher with 8 workers.
 -> (artifact id: '25d0e4b2b971e7d5ceeb457233790728') in 0.024346 seconds
Number of updated asset objects reloaded before import = 0
Number of asset objects unloaded after import = 3
========================================================================
Received Import Request.
  Time since last request: 14.971698 seconds.
  path: Assets/Immagini/background/0.png
  artifactKey: Guid(ad5eaf3849e70774aae354a5264d617b) Importer(815301076,1909f56bfc062723c751e8b465ee728b)
Start importing Assets/Immagini/background/0.png using Guid(ad5eaf3849e70774aae354a5264d617b) Importer(815301076,1909f56bfc062723c751e8b465ee728b) [PhysX] Initialized MultithreadedTaskDispatcher with 8 workers.
[PhysX] Initialized MultithreadedTaskDispatcher with 8 workers.
 -> (artifact id: '3bdd82d0f12cf92d21512a2a659000cc') in 0.015794 seconds
Number of updated asset objects reloaded before import = 0
Number of asset objects unloaded after import = 3
========================================================================
Received Prepare
Caller must complete domain reload
Begin MonoManager ReloadAssembly
- Loaded All Assemblies, in  1.087 seconds
Native extension for WindowsStandalone target not found
Mono: successfully reloaded assembly
- Finished resetting the current domain, in  4.293 seconds
Domain Reload Profiling: 5371ms
	BeginReloadAssembly (329ms)
		ExecutionOrderSort (0ms)
		DisableScriptedObjects (17ms)
		BackupInstance (0ms)
		ReleaseScriptingObjects (0ms)
		CreateAndSetChildDomain (64ms)
	RebuildCommonClasses (67ms)
	RebuildNativeTypeToScriptingClass (22ms)
	initialDomainReloadingComplete (67ms)
	LoadAllAssembliesAndSetupDomain (591ms)
		LoadAssemblies (759ms)
		RebuildTransferFunctionScriptingTraits (0ms)
		AnalyzeDomain (31ms)
			TypeCache.Refresh (7ms)
				TypeCache.ScanAssembly (0ms)
			ScanForSourceGeneratedMonoScriptInfo (0ms)
			ResolveRequiredComponents (21ms)
	FinalizeReload (4295ms)
		ReleaseScriptCaches (0ms)
		RebuildScriptCaches (0ms)
		SetupLoadedEditorAssemblies (1359ms)
			LogAssemblyErrors (0ms)
			InitializePlatformSupportModulesInManaged (11ms)
			SetLoadedEditorAssemblies (11ms)
			RefreshPlugins (0ms)
			BeforeProcessingInitializeOnLoad (311ms)
			ProcessInitializeOnLoadAttributes (849ms)
			ProcessInitializeOnLoadMethodAttributes (173ms)
			AfterProcessingInitializeOnLoad (4ms)
			EditorAssembliesLoaded (0ms)
		ExecutionOrderSort2 (0ms)
		AwakeInstancesAfterBackupRestoration (30ms)
Shader Hidden/ProbeVolume/VoxelizeScene is not supported: GPU does not support conservative rasterization
Shader Hidden/ProbeVolume/VoxelizeScene is not supported: GPU does not support conservative rasterization
Refreshing native plugins compatible for Editor in 17.23 ms, found 4 plugins.
Preloading 0 native plugins for Editor in 0.00 ms.
Unloading 5532 Unused Serialized files (Serialized files now loaded: 0)
Unloading 62 unused Assets / (3.6 MB). Loaded Objects now: 6176.
Memory consumption went from 202.9 MB to 199.3 MB.
Total: 10.951200 ms (FindLiveObjects: 0.581300 ms CreateObjectMapping: 0.846000 ms MarkObjects: 5.995100 ms  DeleteObjects: 3.527100 ms)

Prepare: number of updated asset objects reloaded= 0
AssetImportParameters requested are different than current active one (requested -> active):
  custom:container-demuxer-ogg: 62fdf1f143b41e24485cea50d1cbac27 -> 
  custom:video-codec-MediaFoundation-h265: 746d11721c4dcdbdad8f713fa42b33f4 -> 
  custom:video-decoder-ogg-theora: a1e56fd34408186e4bbccfd4996cb3dc -> 
  custom:framework-win-MediaFoundation: 216162199b28c13a410421893ffa2e32 -> 
  custom:scripting/monoscript/fileName/Zone_Transition.cs: 7abcaa9ec662674794f40550db270ed6 -> 
  custom:CustomObjectIndexerAttribute: 72b91833f83ae208fae7752999fa3104 -> 
  custom:scripting/monoscript/fileName/background.cs: 26992a202a4f804f0e1e2bc2100b7527 -> 
  custom:container-demuxer-webm: 4f35f7cbe854078d1ac9338744f61a02 -> 
  custom:container-muxer-webm: aa71ff27fc2769a1b78a27578f13a17b -> 
  custom:video-decoder-webm-vp8: 9c59270c3fd7afecdb556c50c9e8de78 -> 
  custom:scripting/monoscript/fileName/BiomeManager.cs: 8d35c78ac6eda6663d4d8bef70af112d -> 
  custom:SearchIndexIgnoredProperties: e643bd26f0fe6173181afceb89e7c659 -> 
  custom:AudioImporter_EditorPlatform: d09bf68614088b80899f8185d706f6e7 -> 
  custom:video-encoder-webm-vp8: eb34c28f22e8b96e1ab97ce403110664 -> 
  custom:audio-decoder-ogg-vorbis: bf7c407c2cedff20999df2af8eb42d56 -> 
  custom:scripting/monoscript/fileName/ParallaxBG.cs: 60f35dee57f29e937f9a172bd291a113 -> 
  custom:audio-encoder-webm-vorbis: bf7c407c2cedff20999df2af8eb42d56 -> 
  custom:scripting/precompiled-assembly-types:Assembly-CSharp: 3f41e8c7d50bd00f48463d601e627b30 -> 7ab51b2ff1f6fd329de154d611ee96e1
========================================================================
Received Prepare
Caller must complete domain reload
Begin MonoManager ReloadAssembly
- Loaded All Assemblies, in  1.098 seconds
Native extension for WindowsStandalone target not found
Mono: successfully reloaded assembly
- Finished resetting the current domain, in  3.273 seconds
Domain Reload Profiling: 4364ms
	BeginReloadAssembly (327ms)
		ExecutionOrderSort (0ms)
		DisableScriptedObjects (22ms)
		BackupInstance (0ms)
		ReleaseScriptingObjects (0ms)
		CreateAndSetChildDomain (55ms)
	RebuildCommonClasses (59ms)
	RebuildNativeTypeToScriptingClass (19ms)
	initialDomainReloadingComplete (51ms)
	LoadAllAssembliesAndSetupDomain (634ms)
		LoadAssemblies (751ms)
		RebuildTransferFunctionScriptingTraits (0ms)
		AnalyzeDomain (84ms)
			TypeCache.Refresh (15ms)
				TypeCache.ScanAssembly (0ms)
			ScanForSourceGeneratedMonoScriptInfo (46ms)
			ResolveRequiredComponents (21ms)
	FinalizeReload (3274ms)
		ReleaseScriptCaches (0ms)
		RebuildScriptCaches (0ms)
		SetupLoadedEditorAssemblies (1224ms)
			LogAssemblyErrors (0ms)
			InitializePlatformSupportModulesInManaged (10ms)
			SetLoadedEditorAssemblies (8ms)
			RefreshPlugins (0ms)
			BeforeProcessingInitializeOnLoad (254ms)
			ProcessInitializeOnLoadAttributes (752ms)
			ProcessInitializeOnLoadMethodAttributes (194ms)
			AfterProcessingInitializeOnLoad (6ms)
			EditorAssembliesLoaded (0ms)
		ExecutionOrderSort2 (0ms)
		AwakeInstancesAfterBackupRestoration (35ms)
Shader Hidden/ProbeVolume/VoxelizeScene is not supported: GPU does not support conservative rasterization
Shader Hidden/ProbeVolume/VoxelizeScene is not supported: GPU does not support conservative rasterization
Refreshing native plugins compatible for Editor in 15.96 ms, found 4 plugins.
Preloading 0 native plugins for Editor in 0.00 ms.
Unloading 5532 Unused Serialized files (Serialized files now loaded: 0)
Unloading 62 unused Assets / (3.6 MB). Loaded Objects now: 6181.
Memory consumption went from 203.0 MB to 199.4 MB.
Total: 7.105600 ms (FindLiveObjects: 0.593200 ms CreateObjectMapping: 0.211600 ms MarkObjects: 4.086800 ms  DeleteObjects: 2.212100 ms)

Prepare: number of updated asset objects reloaded= 0
AssetImportParameters requested are different than current active one (requested -> active):
  custom:container-demuxer-ogg: 62fdf1f143b41e24485cea50d1cbac27 -> 
  custom:video-codec-MediaFoundation-h265: 746d11721c4dcdbdad8f713fa42b33f4 -> 
  custom:video-decoder-ogg-theora: a1e56fd34408186e4bbccfd4996cb3dc -> 
  custom:framework-win-MediaFoundation: 216162199b28c13a410421893ffa2e32 -> 
  custom:scripting/monoscript/fileName/Zone_Transition.cs: 7abcaa9ec662674794f40550db270ed6 -> 
  custom:CustomObjectIndexerAttribute: 72b91833f83ae208fae7752999fa3104 -> 
  custom:scripting/monoscript/fileName/background.cs: 26992a202a4f804f0e1e2bc2100b7527 -> 
  custom:container-demuxer-webm: 4f35f7cbe854078d1ac9338744f61a02 -> 
  custom:container-muxer-webm: aa71ff27fc2769a1b78a27578f13a17b -> 
  custom:video-decoder-webm-vp8: 9c59270c3fd7afecdb556c50c9e8de78 -> 
  custom:scripting/monoscript/fileName/BiomeManager.cs: 8d35c78ac6eda6663d4d8bef70af112d -> 
  custom:SearchIndexIgnoredProperties: e643bd26f0fe6173181afceb89e7c659 -> 
  custom:AudioImporter_EditorPlatform: d09bf68614088b80899f8185d706f6e7 -> 
  custom:video-encoder-webm-vp8: eb34c28f22e8b96e1ab97ce403110664 -> 
  custom:audio-decoder-ogg-vorbis: bf7c407c2cedff20999df2af8eb42d56 -> 
  custom:scripting/monoscript/fileName/ParallaxBG.cs: 60f35dee57f29e937f9a172bd291a113 -> 
  custom:audio-encoder-webm-vorbis: bf7c407c2cedff20999df2af8eb42d56 -> 
  custom:scripting/precompiled-assembly-types:Assembly-CSharp: 3f41e8c7d50bd00f48463d601e627b30 -> 7ab51b2ff1f6fd329de154d611ee96e1
========================================================================
Received Prepare
Caller must complete domain reload
Begin MonoManager ReloadAssembly
- Loaded All Assemblies, in  1.099 seconds
Native extension for WindowsStandalone target not found
Mono: successfully reloaded assembly
- Finished resetting the current domain, in  3.766 seconds
Domain Reload Profiling: 4857ms
	BeginReloadAssembly (336ms)
		ExecutionOrderSort (0ms)
		DisableScriptedObjects (24ms)
		BackupInstance (0ms)
		ReleaseScriptingObjects (0ms)
		CreateAndSetChildDomain (59ms)
	RebuildCommonClasses (77ms)
	RebuildNativeTypeToScriptingClass (22ms)
	initialDomainReloadingComplete (52ms)
	LoadAllAssembliesAndSetupDomain (603ms)
		LoadAssemblies (766ms)
		RebuildTransferFunctionScriptingTraits (0ms)
		AnalyzeDomain (35ms)
			TypeCache.Refresh (9ms)
				TypeCache.ScanAssembly (0ms)
			ScanForSourceGeneratedMonoScriptInfo (0ms)
			ResolveRequiredComponents (23ms)
	FinalizeReload (3767ms)
		ReleaseScriptCaches (0ms)
		RebuildScriptCaches (0ms)
		SetupLoadedEditorAssemblies (1353ms)
			LogAssemblyErrors (0ms)
			InitializePlatformSupportModulesInManaged (12ms)
			SetLoadedEditorAssemblies (11ms)
			RefreshPlugins (0ms)
			BeforeProcessingInitializeOnLoad (316ms)
			ProcessInitializeOnLoadAttributes (813ms)
			ProcessInitializeOnLoadMethodAttributes (193ms)
			AfterProcessingInitializeOnLoad (6ms)
			EditorAssembliesLoaded (1ms)
		ExecutionOrderSort2 (0ms)
		AwakeInstancesAfterBackupRestoration (36ms)
Shader Hidden/ProbeVolume/VoxelizeScene is not supported: GPU does not support conservative rasterization
Shader Hidden/ProbeVolume/VoxelizeScene is not supported: GPU does not support conservative rasterization
Refreshing native plugins compatible for Editor in 19.67 ms, found 4 plugins.
Preloading 0 native plugins for Editor in 0.00 ms.
Unloading 5532 Unused Serialized files (Serialized files now loaded: 0)
Unloading 62 unused Assets / (3.5 MB). Loaded Objects now: 6186.
Memory consumption went from 202.9 MB to 199.4 MB.
Total: 12.519400 ms (FindLiveObjects: 0.789100 ms CreateObjectMapping: 0.855900 ms MarkObjects: 6.856000 ms  DeleteObjects: 4.016600 ms)

Prepare: number of updated asset objects reloaded= 0
AssetImportParameters requested are different than current active one (requested -> active):
  custom:container-demuxer-ogg: 62fdf1f143b41e24485cea50d1cbac27 -> 
  custom:video-codec-MediaFoundation-h265: 746d11721c4dcdbdad8f713fa42b33f4 -> 
  custom:video-decoder-ogg-theora: a1e56fd34408186e4bbccfd4996cb3dc -> 
  custom:framework-win-MediaFoundation: 216162199b28c13a410421893ffa2e32 -> 
  custom:scripting/monoscript/fileName/Zone_Transition.cs: 7abcaa9ec662674794f40550db270ed6 -> 
  custom:CustomObjectIndexerAttribute: 72b91833f83ae208fae7752999fa3104 -> 
  custom:scripting/monoscript/fileName/background.cs: 26992a202a4f804f0e1e2bc2100b7527 -> 
  custom:container-demuxer-webm: 4f35f7cbe854078d1ac9338744f61a02 -> 
  custom:container-muxer-webm: aa71ff27fc2769a1b78a27578f13a17b -> 
  custom:video-decoder-webm-vp8: 9c59270c3fd7afecdb556c50c9e8de78 -> 
  custom:scripting/monoscript/fileName/BiomeManager.cs: 8d35c78ac6eda6663d4d8bef70af112d -> 
  custom:SearchIndexIgnoredProperties: e643bd26f0fe6173181afceb89e7c659 -> 
  custom:AudioImporter_EditorPlatform: d09bf68614088b80899f8185d706f6e7 -> 
  custom:video-encoder-webm-vp8: eb34c28f22e8b96e1ab97ce403110664 -> 
  custom:audio-decoder-ogg-vorbis: bf7c407c2cedff20999df2af8eb42d56 -> 
  custom:scripting/monoscript/fileName/ParallaxBG.cs: 60f35dee57f29e937f9a172bd291a113 -> 
  custom:audio-encoder-webm-vorbis: bf7c407c2cedff20999df2af8eb42d56 -> 
  custom:scripting/precompiled-assembly-types:Assembly-CSharp: 3f41e8c7d50bd00f48463d601e627b30 -> 7ab51b2ff1f6fd329de154d611ee96e1
========================================================================
Received Prepare
Caller must complete domain reload
Begin MonoManager ReloadAssembly
- Loaded All Assemblies, in  1.071 seconds
Native extension for WindowsStandalone target not found
Mono: successfully reloaded assembly
- Finished resetting the current domain, in  3.721 seconds
Domain Reload Profiling: 4782ms
	BeginReloadAssembly (321ms)
		ExecutionOrderSort (0ms)
		DisableScriptedObjects (27ms)
		BackupInstance (0ms)
		ReleaseScriptingObjects (0ms)
		CreateAndSetChildDomain (57ms)
	RebuildCommonClasses (69ms)
	RebuildNativeTypeToScriptingClass (22ms)
	initialDomainReloadingComplete (56ms)
	LoadAllAssembliesAndSetupDomain (594ms)
		LoadAssemblies (745ms)
		RebuildTransferFunctionScriptingTraits (0ms)
		AnalyzeDomain (34ms)
			TypeCache.Refresh (9ms)
				TypeCache.ScanAssembly (0ms)
			ScanForSourceGeneratedMonoScriptInfo (0ms)
			ResolveRequiredComponents (23ms)
	FinalizeReload (3722ms)
		ReleaseScriptCaches (0ms)
		RebuildScriptCaches (0ms)
		SetupLoadedEditorAssemblies (1350ms)
			LogAssemblyErrors (0ms)
			InitializePlatformSupportModulesInManaged (10ms)
			SetLoadedEditorAssemblies (12ms)
			RefreshPlugins (0ms)
			BeforeProcessingInitializeOnLoad (316ms)
			ProcessInitializeOnLoadAttributes (812ms)
			ProcessInitializeOnLoadMethodAttributes (194ms)
			AfterProcessingInitializeOnLoad (5ms)
			EditorAssembliesLoaded (1ms)
		ExecutionOrderSort2 (0ms)
		AwakeInstancesAfterBackupRestoration (36ms)
Shader Hidden/ProbeVolume/VoxelizeScene is not supported: GPU does not support conservative rasterization
Shader Hidden/ProbeVolume/VoxelizeScene is not supported: GPU does not support conservative rasterization
Refreshing native plugins compatible for Editor in 18.71 ms, found 4 plugins.
Preloading 0 native plugins for Editor in 0.00 ms.
Unloading 5532 Unused Serialized files (Serialized files now loaded: 0)
Unloading 62 unused Assets / (3.6 MB). Loaded Objects now: 6191.
Memory consumption went from 203.0 MB to 199.4 MB.
Total: 8.740200 ms (FindLiveObjects: 0.589500 ms CreateObjectMapping: 0.562300 ms MarkObjects: 4.700600 ms  DeleteObjects: 2.886000 ms)

Prepare: number of updated asset objects reloaded= 0
AssetImportParameters requested are different than current active one (requested -> active):
  custom:container-demuxer-ogg: 62fdf1f143b41e24485cea50d1cbac27 -> 
  custom:video-codec-MediaFoundation-h265: 746d11721c4dcdbdad8f713fa42b33f4 -> 
  custom:video-decoder-ogg-theora: a1e56fd34408186e4bbccfd4996cb3dc -> 
  custom:framework-win-MediaFoundation: 216162199b28c13a410421893ffa2e32 -> 
  custom:scripting/monoscript/fileName/Zone_Transition.cs: 7abcaa9ec662674794f40550db270ed6 -> 
  custom:CustomObjectIndexerAttribute: 72b91833f83ae208fae7752999fa3104 -> 
  custom:scripting/monoscript/fileName/background.cs: 26992a202a4f804f0e1e2bc2100b7527 -> 
  custom:container-demuxer-webm: 4f35f7cbe854078d1ac9338744f61a02 -> 
  custom:container-muxer-webm: aa71ff27fc2769a1b78a27578f13a17b -> 
  custom:video-decoder-webm-vp8: 9c59270c3fd7afecdb556c50c9e8de78 -> 
  custom:scripting/monoscript/fileName/BiomeManager.cs: 8d35c78ac6eda6663d4d8bef70af112d -> 
  custom:SearchIndexIgnoredProperties: e643bd26f0fe6173181afceb89e7c659 -> 
  custom:AudioImporter_EditorPlatform: d09bf68614088b80899f8185d706f6e7 -> 
  custom:video-encoder-webm-vp8: eb34c28f22e8b96e1ab97ce403110664 -> 
  custom:audio-decoder-ogg-vorbis: bf7c407c2cedff20999df2af8eb42d56 -> 
  custom:scripting/monoscript/fileName/ParallaxBG.cs: 60f35dee57f29e937f9a172bd291a113 -> 
  custom:audio-encoder-webm-vorbis: bf7c407c2cedff20999df2af8eb42d56 -> 
  custom:scripting/precompiled-assembly-types:Assembly-CSharp: 3f41e8c7d50bd00f48463d601e627b30 -> 7ab51b2ff1f6fd329de154d611ee96e1
========================================================================
Received Import Request.
  Time since last request: 1667.561775 seconds.
  path: Assets/Immagini/background/glacial_mountains.png
  artifactKey: Guid(894bf30a1faa1ba49aba946a37707e6e) Importer(815301076,1909f56bfc062723c751e8b465ee728b)
Start importing Assets/Immagini/background/glacial_mountains.png using Guid(894bf30a1faa1ba49aba946a37707e6e) Importer(815301076,1909f56bfc062723c751e8b465ee728b) [PhysX] Initialized MultithreadedTaskDispatcher with 8 workers.
[PhysX] Initialized MultithreadedTaskDispatcher with 8 workers.
 -> (artifact id: 'c5cbfb01a2b2d5411a680219a6e1560f') in 0.135331 seconds
Number of updated asset objects reloaded before import = 0
Number of asset objects unloaded after import = 3
========================================================================
Received Import Request.
  Time since last request: 15.161577 seconds.
  path: Assets/Immagini/background/glacial_mountains.png
  artifactKey: Guid(894bf30a1faa1ba49aba946a37707e6e) Importer(815301076,1909f56bfc062723c751e8b465ee728b)
Start importing Assets/Immagini/background/glacial_mountains.png using Guid(894bf30a1faa1ba49aba946a37707e6e) Importer(815301076,1909f56bfc062723c751e8b465ee728b) [PhysX] Initialized MultithreadedTaskDispatcher with 8 workers.
[PhysX] Initialized MultithreadedTaskDispatcher with 8 workers.
 -> (artifact id: 'ecc22bf1d41613451e9575927049eaca') in 0.023149 seconds
Number of updated asset objects reloaded before import = 0
Number of asset objects unloaded after import = 3
========================================================================
Received Import Request.
  Time since last request: 261.101151 seconds.
  path: Assets/Immagini/background/background_glacial_mountains.png
  artifactKey: Guid(3a2279b97832f1640bce8c283cb309a5) Importer(815301076,1909f56bfc062723c751e8b465ee728b)
Start importing Assets/Immagini/background/background_glacial_mountains.png using Guid(3a2279b97832f1640bce8c283cb309a5) Importer(815301076,1909f56bfc062723c751e8b465ee728b) [PhysX] Initialized MultithreadedTaskDispatcher with 8 workers.
[PhysX] Initialized MultithreadedTaskDispatcher with 8 workers.
 -> (artifact id: 'b300f789dc4937cdfa051fdcd1c954ab') in 0.026341 seconds
Number of updated asset objects reloaded before import = 0
Number of asset objects unloaded after import = 3
========================================================================
Received Import Request.
  Time since last request: 1155.815744 seconds.
  path: Assets/Immagini/background/Mountain-Dusk.png
  artifactKey: Guid(9fc998ced66f37447a5dc88f9f64b5e2) Importer(815301076,1909f56bfc062723c751e8b465ee728b)
Start importing Assets/Immagini/background/Mountain-Dusk.png using Guid(9fc998ced66f37447a5dc88f9f64b5e2) Importer(815301076,1909f56bfc062723c751e8b465ee728b) [PhysX] Initialized MultithreadedTaskDispatcher with 8 workers.
[PhysX] Initialized MultithreadedTaskDispatcher with 8 workers.
 -> (artifact id: 'a874c135c472e41f6721ccc543548a4c') in 0.029639 seconds
Number of updated asset objects reloaded before import = 0
Number of asset objects unloaded after import = 3
========================================================================
Received Prepare
Caller must complete domain reload
Begin MonoManager ReloadAssembly
- Loaded All Assemblies, in  1.469 seconds
Native extension for WindowsStandalone target not found
Mono: successfully reloaded assembly
- Finished resetting the current domain, in  4.292 seconds
Domain Reload Profiling: 5756ms
	BeginReloadAssembly (514ms)
		ExecutionOrderSort (0ms)
		DisableScriptedObjects (37ms)
		BackupInstance (0ms)
		ReleaseScriptingObjects (0ms)
		CreateAndSetChildDomain (143ms)
	RebuildCommonClasses (81ms)
	RebuildNativeTypeToScriptingClass (19ms)
	initialDomainReloadingComplete (63ms)
	LoadAllAssembliesAndSetupDomain (784ms)
		LoadAssemblies (1001ms)
		RebuildTransferFunctionScriptingTraits (0ms)
		AnalyzeDomain (49ms)
			TypeCache.Refresh (10ms)
				TypeCache.ScanAssembly (0ms)
			ScanForSourceGeneratedMonoScriptInfo (1ms)
			ResolveRequiredComponents (36ms)
	FinalizeReload (4294ms)
		ReleaseScriptCaches (0ms)
		RebuildScriptCaches (0ms)
		SetupLoadedEditorAssemblies (1478ms)
			LogAssemblyErrors (0ms)
			InitializePlatformSupportModulesInManaged (12ms)
			SetLoadedEditorAssemblies (12ms)
			RefreshPlugins (0ms)
			BeforeProcessingInitializeOnLoad (325ms)
			ProcessInitializeOnLoadAttributes (909ms)
			ProcessInitializeOnLoadMethodAttributes (213ms)
			AfterProcessingInitializeOnLoad (5ms)
			EditorAssembliesLoaded (1ms)
		ExecutionOrderSort2 (0ms)
		AwakeInstancesAfterBackupRestoration (36ms)
Shader Hidden/ProbeVolume/VoxelizeScene is not supported: GPU does not support conservative rasterization
Shader Hidden/ProbeVolume/VoxelizeScene is not supported: GPU does not support conservative rasterization
Refreshing native plugins compatible for Editor in 19.17 ms, found 4 plugins.
Preloading 0 native plugins for Editor in 0.00 ms.
Unloading 5532 Unused Serialized files (Serialized files now loaded: 0)
Unloading 62 unused Assets / (3.5 MB). Loaded Objects now: 6202.
Memory consumption went from 203.0 MB to 199.4 MB.
Total: 14.213100 ms (FindLiveObjects: 0.736200 ms CreateObjectMapping: 0.879400 ms MarkObjects: 8.494300 ms  DeleteObjects: 4.100800 ms)

Prepare: number of updated asset objects reloaded= 0
AssetImportParameters requested are different than current active one (requested -> active):
  custom:container-demuxer-ogg: 62fdf1f143b41e24485cea50d1cbac27 -> 
  custom:video-codec-MediaFoundation-h265: 746d11721c4dcdbdad8f713fa42b33f4 -> 
  custom:video-decoder-ogg-theora: a1e56fd34408186e4bbccfd4996cb3dc -> 
  custom:framework-win-MediaFoundation: 216162199b28c13a410421893ffa2e32 -> 
  custom:scripting/monoscript/fileName/Zone_Transition.cs: 7abcaa9ec662674794f40550db270ed6 -> 
  custom:CustomObjectIndexerAttribute: 72b91833f83ae208fae7752999fa3104 -> 
  custom:scripting/monoscript/fileName/background.cs: 26992a202a4f804f0e1e2bc2100b7527 -> 
  custom:container-demuxer-webm: 4f35f7cbe854078d1ac9338744f61a02 -> 
  custom:container-muxer-webm: aa71ff27fc2769a1b78a27578f13a17b -> 
  custom:video-decoder-webm-vp8: 9c59270c3fd7afecdb556c50c9e8de78 -> 
  custom:scripting/monoscript/fileName/BiomeManager.cs: 8d35c78ac6eda6663d4d8bef70af112d -> 
  custom:SearchIndexIgnoredProperties: e643bd26f0fe6173181afceb89e7c659 -> 
  custom:AudioImporter_EditorPlatform: d09bf68614088b80899f8185d706f6e7 -> 
  custom:video-encoder-webm-vp8: eb34c28f22e8b96e1ab97ce403110664 -> 
  custom:audio-decoder-ogg-vorbis: bf7c407c2cedff20999df2af8eb42d56 -> 
  custom:scripting/monoscript/fileName/ParallaxBG.cs: 60f35dee57f29e937f9a172bd291a113 -> 
  custom:audio-encoder-webm-vorbis: bf7c407c2cedff20999df2af8eb42d56 -> 
  custom:scripting/precompiled-assembly-types:Assembly-CSharp: 3f41e8c7d50bd00f48463d601e627b30 -> 7ab51b2ff1f6fd329de154d611ee96e1
========================================================================
Received Prepare
Caller must complete domain reload
Begin MonoManager ReloadAssembly
- Loaded All Assemblies, in  1.089 seconds
Native extension for WindowsStandalone target not found
Mono: successfully reloaded assembly
- Finished resetting the current domain, in  3.792 seconds
Domain Reload Profiling: 4872ms
	BeginReloadAssembly (326ms)
		ExecutionOrderSort (0ms)
		DisableScriptedObjects (18ms)
		BackupInstance (0ms)
		ReleaseScriptingObjects (0ms)
		CreateAndSetChildDomain (64ms)
	RebuildCommonClasses (64ms)
	RebuildNativeTypeToScriptingClass (19ms)
	initialDomainReloadingComplete (56ms)
	LoadAllAssembliesAndSetupDomain (614ms)
		LoadAssemblies (765ms)
		RebuildTransferFunctionScriptingTraits (0ms)
		AnalyzeDomain (41ms)
			TypeCache.Refresh (10ms)
				TypeCache.ScanAssembly (0ms)
			ScanForSourceGeneratedMonoScriptInfo (0ms)
			ResolveRequiredComponents (28ms)
	FinalizeReload (3794ms)
		ReleaseScriptCaches (0ms)
		RebuildScriptCaches (0ms)
		SetupLoadedEditorAssemblies (1448ms)
			LogAssemblyErrors (0ms)
			InitializePlatformSupportModulesInManaged (11ms)
			SetLoadedEditorAssemblies (17ms)
			RefreshPlugins (0ms)
			BeforeProcessingInitializeOnLoad (390ms)
			ProcessInitializeOnLoadAttributes (847ms)
			ProcessInitializeOnLoadMethodAttributes (179ms)
			AfterProcessingInitializeOnLoad (4ms)
			EditorAssembliesLoaded (0ms)
		ExecutionOrderSort2 (0ms)
		AwakeInstancesAfterBackupRestoration (32ms)
Shader Hidden/ProbeVolume/VoxelizeScene is not supported: GPU does not support conservative rasterization
Shader Hidden/ProbeVolume/VoxelizeScene is not supported: GPU does not support conservative rasterization
Refreshing native plugins compatible for Editor in 18.47 ms, found 4 plugins.
Preloading 0 native plugins for Editor in 0.00 ms.
Unloading 5532 Unused Serialized files (Serialized files now loaded: 0)
Unloading 62 unused Assets / (3.5 MB). Loaded Objects now: 6207.
Memory consumption went from 202.9 MB to 199.4 MB.
Total: 9.124600 ms (FindLiveObjects: 0.658600 ms CreateObjectMapping: 0.499100 ms MarkObjects: 4.919700 ms  DeleteObjects: 3.039900 ms)

Prepare: number of updated asset objects reloaded= 0
AssetImportParameters requested are different than current active one (requested -> active):
  custom:container-demuxer-ogg: 62fdf1f143b41e24485cea50d1cbac27 -> 
  custom:video-codec-MediaFoundation-h265: 746d11721c4dcdbdad8f713fa42b33f4 -> 
  custom:video-decoder-ogg-theora: a1e56fd34408186e4bbccfd4996cb3dc -> 
  custom:framework-win-MediaFoundation: 216162199b28c13a410421893ffa2e32 -> 
  custom:scripting/monoscript/fileName/Zone_Transition.cs: 7abcaa9ec662674794f40550db270ed6 -> 
  custom:CustomObjectIndexerAttribute: 72b91833f83ae208fae7752999fa3104 -> 
  custom:scripting/monoscript/fileName/background.cs: 26992a202a4f804f0e1e2bc2100b7527 -> 
  custom:container-demuxer-webm: 4f35f7cbe854078d1ac9338744f61a02 -> 
  custom:container-muxer-webm: aa71ff27fc2769a1b78a27578f13a17b -> 
  custom:video-decoder-webm-vp8: 9c59270c3fd7afecdb556c50c9e8de78 -> 
  custom:scripting/monoscript/fileName/BiomeManager.cs: 8d35c78ac6eda6663d4d8bef70af112d -> 
  custom:SearchIndexIgnoredProperties: e643bd26f0fe6173181afceb89e7c659 -> 
  custom:AudioImporter_EditorPlatform: d09bf68614088b80899f8185d706f6e7 -> 
  custom:video-encoder-webm-vp8: eb34c28f22e8b96e1ab97ce403110664 -> 
  custom:audio-decoder-ogg-vorbis: bf7c407c2cedff20999df2af8eb42d56 -> 
  custom:scripting/monoscript/fileName/ParallaxBG.cs: 60f35dee57f29e937f9a172bd291a113 -> 
  custom:audio-encoder-webm-vorbis: bf7c407c2cedff20999df2af8eb42d56 -> 
  custom:scripting/precompiled-assembly-types:Assembly-CSharp: 3f41e8c7d50bd00f48463d601e627b30 -> 7ab51b2ff1f6fd329de154d611ee96e1
========================================================================
Received Prepare
Caller must complete domain reload
Begin MonoManager ReloadAssembly
- Loaded All Assemblies, in  1.088 seconds
Native extension for WindowsStandalone target not found
Mono: successfully reloaded assembly
- Finished resetting the current domain, in  3.932 seconds
Domain Reload Profiling: 5011ms
	BeginReloadAssembly (335ms)
		ExecutionOrderSort (0ms)
		DisableScriptedObjects (21ms)
		BackupInstance (0ms)
		ReleaseScriptingObjects (0ms)
		CreateAndSetChildDomain (61ms)
	RebuildCommonClasses (60ms)
	RebuildNativeTypeToScriptingClass (19ms)
	initialDomainReloadingComplete (51ms)
	LoadAllAssembliesAndSetupDomain (614ms)
		LoadAssemblies (771ms)
		RebuildTransferFunctionScriptingTraits (0ms)
		AnalyzeDomain (40ms)
			TypeCache.Refresh (9ms)
				TypeCache.ScanAssembly (0ms)
			ScanForSourceGeneratedMonoScriptInfo (0ms)
			ResolveRequiredComponents (28ms)
	FinalizeReload (3933ms)
		ReleaseScriptCaches (0ms)
		RebuildScriptCaches (0ms)
		SetupLoadedEditorAssemblies (1419ms)
			LogAssemblyErrors (0ms)
			InitializePlatformSupportModulesInManaged (11ms)
			SetLoadedEditorAssemblies (10ms)
			RefreshPlugins (0ms)
			BeforeProcessingInitializeOnLoad (330ms)
			ProcessInitializeOnLoadAttributes (860ms)
			ProcessInitializeOnLoadMethodAttributes (202ms)
			AfterProcessingInitializeOnLoad (6ms)
			EditorAssembliesLoaded (1ms)
		ExecutionOrderSort2 (0ms)
		AwakeInstancesAfterBackupRestoration (37ms)
Shader Hidden/ProbeVolume/VoxelizeScene is not supported: GPU does not support conservative rasterization
Shader Hidden/ProbeVolume/VoxelizeScene is not supported: GPU does not support conservative rasterization
Refreshing native plugins compatible for Editor in 23.28 ms, found 4 plugins.
Preloading 0 native plugins for Editor in 0.00 ms.
Unloading 5532 Unused Serialized files (Serialized files now loaded: 0)
Unloading 62 unused Assets / (3.6 MB). Loaded Objects now: 6212.
Memory consumption went from 203.1 MB to 199.4 MB.
Total: 12.137000 ms (FindLiveObjects: 0.772700 ms CreateObjectMapping: 0.624500 ms MarkObjects: 6.761400 ms  DeleteObjects: 3.976000 ms)

Prepare: number of updated asset objects reloaded= 0
AssetImportParameters requested are different than current active one (requested -> active):
  custom:container-demuxer-ogg: 62fdf1f143b41e24485cea50d1cbac27 -> 
  custom:video-codec-MediaFoundation-h265: 746d11721c4dcdbdad8f713fa42b33f4 -> 
  custom:video-decoder-ogg-theora: a1e56fd34408186e4bbccfd4996cb3dc -> 
  custom:framework-win-MediaFoundation: 216162199b28c13a410421893ffa2e32 -> 
  custom:scripting/monoscript/fileName/Zone_Transition.cs: 7abcaa9ec662674794f40550db270ed6 -> 
  custom:CustomObjectIndexerAttribute: 72b91833f83ae208fae7752999fa3104 -> 
  custom:scripting/monoscript/fileName/background.cs: 26992a202a4f804f0e1e2bc2100b7527 -> 
  custom:container-demuxer-webm: 4f35f7cbe854078d1ac9338744f61a02 -> 
  custom:container-muxer-webm: aa71ff27fc2769a1b78a27578f13a17b -> 
  custom:video-decoder-webm-vp8: 9c59270c3fd7afecdb556c50c9e8de78 -> 
  custom:scripting/monoscript/fileName/BiomeManager.cs: 8d35c78ac6eda6663d4d8bef70af112d -> 
  custom:SearchIndexIgnoredProperties: e643bd26f0fe6173181afceb89e7c659 -> 
  custom:AudioImporter_EditorPlatform: d09bf68614088b80899f8185d706f6e7 -> 
  custom:video-encoder-webm-vp8: eb34c28f22e8b96e1ab97ce403110664 -> 
  custom:audio-decoder-ogg-vorbis: bf7c407c2cedff20999df2af8eb42d56 -> 
  custom:scripting/monoscript/fileName/ParallaxBG.cs: 60f35dee57f29e937f9a172bd291a113 -> 
  custom:audio-encoder-webm-vorbis: bf7c407c2cedff20999df2af8eb42d56 -> 
  custom:scripting/precompiled-assembly-types:Assembly-CSharp: 3f41e8c7d50bd00f48463d601e627b30 -> 7ab51b2ff1f6fd329de154d611ee96e1
========================================================================
Received Prepare
Caller must complete domain reload
Begin MonoManager ReloadAssembly
- Loaded All Assemblies, in  1.151 seconds
Native extension for WindowsStandalone target not found
Mono: successfully reloaded assembly
- Finished resetting the current domain, in  3.775 seconds
Domain Reload Profiling: 4917ms
	BeginReloadAssembly (369ms)
		ExecutionOrderSort (0ms)
		DisableScriptedObjects (27ms)
		BackupInstance (0ms)
		ReleaseScriptingObjects (0ms)
		CreateAndSetChildDomain (64ms)
	RebuildCommonClasses (88ms)
	RebuildNativeTypeToScriptingClass (22ms)
	initialDomainReloadingComplete (52ms)
	LoadAllAssembliesAndSetupDomain (610ms)
		LoadAssemblies (802ms)
		RebuildTransferFunctionScriptingTraits (0ms)
		AnalyzeDomain (30ms)
			TypeCache.Refresh (9ms)
				TypeCache.ScanAssembly (0ms)
			ScanForSourceGeneratedMonoScriptInfo (0ms)
			ResolveRequiredComponents (20ms)
	FinalizeReload (3776ms)
		ReleaseScriptCaches (0ms)
		RebuildScriptCaches (0ms)
		SetupLoadedEditorAssemblies (1370ms)
			LogAssemblyErrors (0ms)
			InitializePlatformSupportModulesInManaged (16ms)
			SetLoadedEditorAssemblies (13ms)
			RefreshPlugins (0ms)
			BeforeProcessingInitializeOnLoad (335ms)
			ProcessInitializeOnLoadAttributes (820ms)
			ProcessInitializeOnLoadMethodAttributes (182ms)
			AfterProcessingInitializeOnLoad (5ms)
			EditorAssembliesLoaded (1ms)
		ExecutionOrderSort2 (0ms)
		AwakeInstancesAfterBackupRestoration (34ms)
Shader Hidden/ProbeVolume/VoxelizeScene is not supported: GPU does not support conservative rasterization
Shader Hidden/ProbeVolume/VoxelizeScene is not supported: GPU does not support conservative rasterization
Refreshing native plugins compatible for Editor in 19.84 ms, found 4 plugins.
Preloading 0 native plugins for Editor in 0.00 ms.
Unloading 5532 Unused Serialized files (Serialized files now loaded: 0)
Unloading 62 unused Assets / (3.6 MB). Loaded Objects now: 6217.
Memory consumption went from 203.0 MB to 199.4 MB.
Total: 8.682800 ms (FindLiveObjects: 0.728400 ms CreateObjectMapping: 0.551000 ms MarkObjects: 3.857000 ms  DeleteObjects: 3.544700 ms)

Prepare: number of updated asset objects reloaded= 0
AssetImportParameters requested are different than current active one (requested -> active):
  custom:container-demuxer-ogg: 62fdf1f143b41e24485cea50d1cbac27 -> 
  custom:video-codec-MediaFoundation-h265: 746d11721c4dcdbdad8f713fa42b33f4 -> 
  custom:video-decoder-ogg-theora: a1e56fd34408186e4bbccfd4996cb3dc -> 
  custom:framework-win-MediaFoundation: 216162199b28c13a410421893ffa2e32 -> 
  custom:scripting/monoscript/fileName/Zone_Transition.cs: 7abcaa9ec662674794f40550db270ed6 -> 
  custom:CustomObjectIndexerAttribute: 72b91833f83ae208fae7752999fa3104 -> 
  custom:scripting/monoscript/fileName/background.cs: 26992a202a4f804f0e1e2bc2100b7527 -> 
  custom:container-demuxer-webm: 4f35f7cbe854078d1ac9338744f61a02 -> 
  custom:container-muxer-webm: aa71ff27fc2769a1b78a27578f13a17b -> 
  custom:video-decoder-webm-vp8: 9c59270c3fd7afecdb556c50c9e8de78 -> 
  custom:scripting/monoscript/fileName/BiomeManager.cs: 8d35c78ac6eda6663d4d8bef70af112d -> 
  custom:SearchIndexIgnoredProperties: e643bd26f0fe6173181afceb89e7c659 -> 
  custom:AudioImporter_EditorPlatform: d09bf68614088b80899f8185d706f6e7 -> 
  custom:video-encoder-webm-vp8: eb34c28f22e8b96e1ab97ce403110664 -> 
  custom:audio-decoder-ogg-vorbis: bf7c407c2cedff20999df2af8eb42d56 -> 
  custom:scripting/monoscript/fileName/ParallaxBG.cs: 60f35dee57f29e937f9a172bd291a113 -> 
  custom:audio-encoder-webm-vorbis: bf7c407c2cedff20999df2af8eb42d56 -> 
  custom:scripting/precompiled-assembly-types:Assembly-CSharp: 3f41e8c7d50bd00f48463d601e627b30 -> 7ab51b2ff1f6fd329de154d611ee96e1
========================================================================
Received Import Request.
  Time since last request: 1517.650183 seconds.
  path: Assets/Audio
  artifactKey: Guid(b73e3f7277fe40944b34c06b2a30b2f9) Importer(815301076,1909f56bfc062723c751e8b465ee728b)
Start importing Assets/Audio using Guid(b73e3f7277fe40944b34c06b2a30b2f9) Importer(815301076,1909f56bfc062723c751e8b465ee728b) [PhysX] Initialized MultithreadedTaskDispatcher with 8 workers.
 -> (artifact id: '2c0ea6c5eb355de54c9f4a4635e05122') in 0.003575 seconds
Number of updated asset objects reloaded before import = 0
Number of asset objects unloaded after import = 0
========================================================================
Received Import Request.
  Time since last request: 2083.179261 seconds.
  path: Assets/Audio/passo.mp3
  artifactKey: Guid(a80a0e8f1ba840c48a250a55d6f5cea0) Importer(815301076,1909f56bfc062723c751e8b465ee728b)
Start importing Assets/Audio/passo.mp3 using Guid(a80a0e8f1ba840c48a250a55d6f5cea0) Importer(815301076,1909f56bfc062723c751e8b465ee728b) [PhysX] Initialized MultithreadedTaskDispatcher with 8 workers.
[PhysX] Initialized MultithreadedTaskDispatcher with 8 workers.
 -> (artifact id: '0288063e6a61f9eb3b027eb74afb4677') in 0.499330 seconds
Number of updated asset objects reloaded before import = 0
Number of asset objects unloaded after import = 2
========================================================================
Received Import Request.
  Time since last request: 4.645058 seconds.
  path: Assets/Audio/dash.mp3
  artifactKey: Guid(d435e396f048a55438d51f1ef266ba2e) Importer(815301076,1909f56bfc062723c751e8b465ee728b)
Start importing Assets/Audio/dash.mp3 using Guid(d435e396f048a55438d51f1ef266ba2e) Importer(815301076,1909f56bfc062723c751e8b465ee728b) [PhysX] Initialized MultithreadedTaskDispatcher with 8 workers.
[PhysX] Initialized MultithreadedTaskDispatcher with 8 workers.
 -> (artifact id: '21cfdb585b8dde771f078fcf7f3c0d6d') in 0.016581 seconds
Number of updated asset objects reloaded before import = 0
Number of asset objects unloaded after import = 2
========================================================================
Received Import Request.
  Time since last request: 2.415737 seconds.
  path: Assets/Audio/salto.mp3
  artifactKey: Guid(470eddf66fdc6914ea82a5b3229c9d6d) Importer(815301076,1909f56bfc062723c751e8b465ee728b)
Start importing Assets/Audio/salto.mp3 using Guid(470eddf66fdc6914ea82a5b3229c9d6d) Importer(815301076,1909f56bfc062723c751e8b465ee728b) [PhysX] Initialized MultithreadedTaskDispatcher with 8 workers.
[PhysX] Initialized MultithreadedTaskDispatcher with 8 workers.
 -> (artifact id: 'eebee057d8dd7a1dc155c54afa562bbe') in 0.013111 seconds
Number of updated asset objects reloaded before import = 0
Number of asset objects unloaded after import = 2
========================================================================
Received Import Request.
  Time since last request: 19.153222 seconds.
  path: Assets/Audio/musichetta.mp3
  artifactKey: Guid(515dd4ce6951c694ba94bc81e125c612) Importer(815301076,1909f56bfc062723c751e8b465ee728b)
Start importing Assets/Audio/musichetta.mp3 using Guid(515dd4ce6951c694ba94bc81e125c612) Importer(815301076,1909f56bfc062723c751e8b465ee728b) [PhysX] Initialized MultithreadedTaskDispatcher with 8 workers.
[PhysX] Initialized MultithreadedTaskDispatcher with 8 workers.
 -> (artifact id: '30edd94e54bf06f70fb11c3e8929e2f5') in 0.022443 seconds
Number of updated asset objects reloaded before import = 0
Number of asset objects unloaded after import = 2
========================================================================
Received Prepare
Caller must complete domain reload
Begin MonoManager ReloadAssembly
- Loaded All Assemblies, in  2.089 seconds
Native extension for WindowsStandalone target not found
Mono: successfully reloaded assembly
- Finished resetting the current domain, in  6.301 seconds
Domain Reload Profiling: 8382ms
	BeginReloadAssembly (585ms)
		ExecutionOrderSort (0ms)
		DisableScriptedObjects (57ms)
		BackupInstance (0ms)
		ReleaseScriptingObjects (0ms)
		CreateAndSetChildDomain (186ms)
	RebuildCommonClasses (79ms)
	RebuildNativeTypeToScriptingClass (30ms)
	initialDomainReloadingComplete (82ms)
	LoadAllAssembliesAndSetupDomain (1304ms)
		LoadAssemblies (1323ms)
		RebuildTransferFunctionScriptingTraits (0ms)
		AnalyzeDomain (239ms)
			TypeCache.Refresh (121ms)
				TypeCache.ScanAssembly (1ms)
			ScanForSourceGeneratedMonoScriptInfo (69ms)
			ResolveRequiredComponents (47ms)
	FinalizeReload (6302ms)
		ReleaseScriptCaches (0ms)
		RebuildScriptCaches (0ms)
		SetupLoadedEditorAssemblies (1160ms)
			LogAssemblyErrors (0ms)
			InitializePlatformSupportModulesInManaged (11ms)
			SetLoadedEditorAssemblies (11ms)
			RefreshPlugins (0ms)
			BeforeProcessingInitializeOnLoad (276ms)
			ProcessInitializeOnLoadAttributes (703ms)
			ProcessInitializeOnLoadMethodAttributes (155ms)
			AfterProcessingInitializeOnLoad (3ms)
			EditorAssembliesLoaded (0ms)
		ExecutionOrderSort2 (0ms)
		AwakeInstancesAfterBackupRestoration (24ms)
Shader Hidden/ProbeVolume/VoxelizeScene is not supported: GPU does not support conservative rasterization
Shader Hidden/ProbeVolume/VoxelizeScene is not supported: GPU does not support conservative rasterization
Refreshing native plugins compatible for Editor in 21.85 ms, found 4 plugins.
Preloading 0 native plugins for Editor in 0.00 ms.
Unloading 5532 Unused Serialized files (Serialized files now loaded: 0)
Unloading 62 unused Assets / (3.6 MB). Loaded Objects now: 6228.
Memory consumption went from 203.1 MB to 199.5 MB.
Total: 11.068300 ms (FindLiveObjects: 0.607800 ms CreateObjectMapping: 0.616000 ms MarkObjects: 6.630200 ms  DeleteObjects: 3.212900 ms)

Prepare: number of updated asset objects reloaded= 0
AssetImportParameters requested are different than current active one (requested -> active):
  custom:container-demuxer-ogg: 62fdf1f143b41e24485cea50d1cbac27 -> 
  custom:video-codec-MediaFoundation-h265: 746d11721c4dcdbdad8f713fa42b33f4 -> 
  custom:video-decoder-ogg-theora: a1e56fd34408186e4bbccfd4996cb3dc -> 
  custom:framework-win-MediaFoundation: 216162199b28c13a410421893ffa2e32 -> 
  custom:scripting/monoscript/fileName/Zone_Transition.cs: 7abcaa9ec662674794f40550db270ed6 -> 
  custom:CustomObjectIndexerAttribute: 72b91833f83ae208fae7752999fa3104 -> 
  custom:scripting/monoscript/fileName/background.cs: 26992a202a4f804f0e1e2bc2100b7527 -> 
  custom:container-demuxer-webm: 4f35f7cbe854078d1ac9338744f61a02 -> 
  custom:container-muxer-webm: aa71ff27fc2769a1b78a27578f13a17b -> 
  custom:video-decoder-webm-vp8: 9c59270c3fd7afecdb556c50c9e8de78 -> 
  custom:scripting/monoscript/fileName/BiomeManager.cs: 8d35c78ac6eda6663d4d8bef70af112d -> 
  custom:SearchIndexIgnoredProperties: e643bd26f0fe6173181afceb89e7c659 -> 
  custom:AudioImporter_EditorPlatform: d09bf68614088b80899f8185d706f6e7 -> 
  custom:video-encoder-webm-vp8: eb34c28f22e8b96e1ab97ce403110664 -> 
  custom:audio-decoder-ogg-vorbis: bf7c407c2cedff20999df2af8eb42d56 -> 
  custom:scripting/monoscript/fileName/ParallaxBG.cs: 60f35dee57f29e937f9a172bd291a113 -> 
  custom:audio-encoder-webm-vorbis: bf7c407c2cedff20999df2af8eb42d56 -> 
  custom:scripting/precompiled-assembly-types:Assembly-CSharp: 127115ec9d5cf6ca6467e373f56a78d1 -> 7ab51b2ff1f6fd329de154d611ee96e1
========================================================================
Received Import Request.
  Time since last request: 363.707726 seconds.
  path: Assets/Audio/morte.mp3
  artifactKey: Guid(fbe9f1b6d6233cf4fbdcd14c40944959) Importer(815301076,1909f56bfc062723c751e8b465ee728b)
Start importing Assets/Audio/morte.mp3 using Guid(fbe9f1b6d6233cf4fbdcd14c40944959) Importer(815301076,1909f56bfc062723c751e8b465ee728b) [PhysX] Initialized MultithreadedTaskDispatcher with 8 workers.
[PhysX] Initialized MultithreadedTaskDispatcher with 8 workers.
 -> (artifact id: '666eff8e4c288008bcd88b8c8e378089') in 0.103746 seconds
Number of updated asset objects reloaded before import = 0
Number of asset objects unloaded after import = 2
========================================================================
Received Prepare
Caller must complete domain reload
Begin MonoManager ReloadAssembly
- Loaded All Assemblies, in  1.480 seconds
Native extension for WindowsStandalone target not found
Mono: successfully reloaded assembly
- Finished resetting the current domain, in  3.695 seconds
Domain Reload Profiling: 5166ms
	BeginReloadAssembly (502ms)
		ExecutionOrderSort (0ms)
		DisableScriptedObjects (39ms)
		BackupInstance (0ms)
		ReleaseScriptingObjects (0ms)
		CreateAndSetChildDomain (111ms)
	RebuildCommonClasses (67ms)
	RebuildNativeTypeToScriptingClass (23ms)
	initialDomainReloadingComplete (51ms)
	LoadAllAssembliesAndSetupDomain (827ms)
		LoadAssemblies (1004ms)
		RebuildTransferFunctionScriptingTraits (0ms)
		AnalyzeDomain (93ms)
			TypeCache.Refresh (16ms)
				TypeCache.ScanAssembly (0ms)
			ScanForSourceGeneratedMonoScriptInfo (53ms)
			ResolveRequiredComponents (23ms)
	FinalizeReload (3696ms)
		ReleaseScriptCaches (0ms)
		RebuildScriptCaches (0ms)
		SetupLoadedEditorAssemblies (1642ms)
			LogAssemblyErrors (0ms)
			InitializePlatformSupportModulesInManaged (9ms)
			SetLoadedEditorAssemblies (9ms)
			RefreshPlugins (0ms)
			BeforeProcessingInitializeOnLoad (259ms)
			ProcessInitializeOnLoadAttributes (1228ms)
			ProcessInitializeOnLoadMethodAttributes (133ms)
			AfterProcessingInitializeOnLoad (3ms)
			EditorAssembliesLoaded (0ms)
		ExecutionOrderSort2 (0ms)
		AwakeInstancesAfterBackupRestoration (23ms)
Shader Hidden/ProbeVolume/VoxelizeScene is not supported: GPU does not support conservative rasterization
Shader Hidden/ProbeVolume/VoxelizeScene is not supported: GPU does not support conservative rasterization
Refreshing native plugins compatible for Editor in 18.75 ms, found 4 plugins.
Preloading 0 native plugins for Editor in 0.00 ms.
Unloading 5532 Unused Serialized files (Serialized files now loaded: 0)
Unloading 62 unused Assets / (3.6 MB). Loaded Objects now: 6233.
Memory consumption went from 203.1 MB to 199.5 MB.
Total: 9.878800 ms (FindLiveObjects: 0.694800 ms CreateObjectMapping: 1.010200 ms MarkObjects: 4.810000 ms  DeleteObjects: 3.361700 ms)

Prepare: number of updated asset objects reloaded= 0
AssetImportParameters requested are different than current active one (requested -> active):
  custom:container-demuxer-ogg: 62fdf1f143b41e24485cea50d1cbac27 -> 
  custom:video-codec-MediaFoundation-h265: 746d11721c4dcdbdad8f713fa42b33f4 -> 
  custom:video-decoder-ogg-theora: a1e56fd34408186e4bbccfd4996cb3dc -> 
  custom:framework-win-MediaFoundation: 216162199b28c13a410421893ffa2e32 -> 
  custom:scripting/monoscript/fileName/Zone_Transition.cs: 7abcaa9ec662674794f40550db270ed6 -> 
  custom:CustomObjectIndexerAttribute: 72b91833f83ae208fae7752999fa3104 -> 
  custom:scripting/monoscript/fileName/background.cs: 26992a202a4f804f0e1e2bc2100b7527 -> 
  custom:container-demuxer-webm: 4f35f7cbe854078d1ac9338744f61a02 -> 
  custom:container-muxer-webm: aa71ff27fc2769a1b78a27578f13a17b -> 
  custom:video-decoder-webm-vp8: 9c59270c3fd7afecdb556c50c9e8de78 -> 
  custom:scripting/monoscript/fileName/BiomeManager.cs: 8d35c78ac6eda6663d4d8bef70af112d -> 
  custom:SearchIndexIgnoredProperties: e643bd26f0fe6173181afceb89e7c659 -> 
  custom:AudioImporter_EditorPlatform: d09bf68614088b80899f8185d706f6e7 -> 
  custom:video-encoder-webm-vp8: eb34c28f22e8b96e1ab97ce403110664 -> 
  custom:audio-decoder-ogg-vorbis: bf7c407c2cedff20999df2af8eb42d56 -> 
  custom:scripting/monoscript/fileName/ParallaxBG.cs: 60f35dee57f29e937f9a172bd291a113 -> 
  custom:audio-encoder-webm-vorbis: bf7c407c2cedff20999df2af8eb42d56 -> 
  custom:scripting/precompiled-assembly-types:Assembly-CSharp: cb01aa9559fdd38df9a3884fcf39b043 -> 7ab51b2ff1f6fd329de154d611ee96e1
========================================================================
Received Prepare
Caller must complete domain reload
Begin MonoManager ReloadAssembly
- Loaded All Assemblies, in  1.507 seconds
Native extension for WindowsStandalone target not found
Mono: successfully reloaded assembly
- Finished resetting the current domain, in  3.473 seconds
Domain Reload Profiling: 4971ms
	BeginReloadAssembly (495ms)
		ExecutionOrderSort (0ms)
		DisableScriptedObjects (24ms)
		BackupInstance (0ms)
		ReleaseScriptingObjects (0ms)
		CreateAndSetChildDomain (77ms)
	RebuildCommonClasses (102ms)
	RebuildNativeTypeToScriptingClass (56ms)
	initialDomainReloadingComplete (85ms)
	LoadAllAssembliesAndSetupDomain (757ms)
		LoadAssemblies (1006ms)
		RebuildTransferFunctionScriptingTraits (0ms)
		AnalyzeDomain (84ms)
			TypeCache.Refresh (15ms)
				TypeCache.ScanAssembly (1ms)
			ScanForSourceGeneratedMonoScriptInfo (39ms)
			ResolveRequiredComponents (28ms)
	FinalizeReload (3474ms)
		ReleaseScriptCaches (0ms)
		RebuildScriptCaches (0ms)
		SetupLoadedEditorAssemblies (1165ms)
			LogAssemblyErrors (0ms)
			InitializePlatformSupportModulesInManaged (9ms)
			SetLoadedEditorAssemblies (8ms)
			RefreshPlugins (0ms)
			BeforeProcessingInitializeOnLoad (283ms)
			ProcessInitializeOnLoadAttributes (701ms)
			ProcessInitializeOnLoadMethodAttributes (159ms)
			AfterProcessingInitializeOnLoad (4ms)
			EditorAssembliesLoaded (0ms)
		ExecutionOrderSort2 (0ms)
		AwakeInstancesAfterBackupRestoration (30ms)
Shader Hidden/ProbeVolume/VoxelizeScene is not supported: GPU does not support conservative rasterization
Shader Hidden/ProbeVolume/VoxelizeScene is not supported: GPU does not support conservative rasterization
Refreshing native plugins compatible for Editor in 14.51 ms, found 4 plugins.
Preloading 0 native plugins for Editor in 0.00 ms.
Unloading 5532 Unused Serialized files (Serialized files now loaded: 0)
Unloading 62 unused Assets / (3.5 MB). Loaded Objects now: 6238.
Memory consumption went from 203.0 MB to 199.5 MB.
Total: 7.495600 ms (FindLiveObjects: 0.622500 ms CreateObjectMapping: 0.241400 ms MarkObjects: 4.387400 ms  DeleteObjects: 2.242800 ms)

Prepare: number of updated asset objects reloaded= 0
AssetImportParameters requested are different than current active one (requested -> active):
  custom:container-demuxer-ogg: 62fdf1f143b41e24485cea50d1cbac27 -> 
  custom:video-codec-MediaFoundation-h265: 746d11721c4dcdbdad8f713fa42b33f4 -> 
  custom:video-decoder-ogg-theora: a1e56fd34408186e4bbccfd4996cb3dc -> 
  custom:framework-win-MediaFoundation: 216162199b28c13a410421893ffa2e32 -> 
  custom:scripting/monoscript/fileName/Zone_Transition.cs: 7abcaa9ec662674794f40550db270ed6 -> 
  custom:CustomObjectIndexerAttribute: 72b91833f83ae208fae7752999fa3104 -> 
  custom:scripting/monoscript/fileName/background.cs: 26992a202a4f804f0e1e2bc2100b7527 -> 
  custom:container-demuxer-webm: 4f35f7cbe854078d1ac9338744f61a02 -> 
  custom:container-muxer-webm: aa71ff27fc2769a1b78a27578f13a17b -> 
  custom:video-decoder-webm-vp8: 9c59270c3fd7afecdb556c50c9e8de78 -> 
  custom:scripting/monoscript/fileName/BiomeManager.cs: 8d35c78ac6eda6663d4d8bef70af112d -> 
  custom:SearchIndexIgnoredProperties: e643bd26f0fe6173181afceb89e7c659 -> 
  custom:AudioImporter_EditorPlatform: d09bf68614088b80899f8185d706f6e7 -> 
  custom:video-encoder-webm-vp8: eb34c28f22e8b96e1ab97ce403110664 -> 
  custom:audio-decoder-ogg-vorbis: bf7c407c2cedff20999df2af8eb42d56 -> 
  custom:scripting/monoscript/fileName/ParallaxBG.cs: 60f35dee57f29e937f9a172bd291a113 -> 
  custom:audio-encoder-webm-vorbis: bf7c407c2cedff20999df2af8eb42d56 -> 
  custom:scripting/precompiled-assembly-types:Assembly-CSharp: b536514e6f9c2b989c72987a37bf4607 -> 7ab51b2ff1f6fd329de154d611ee96e1
========================================================================
Received Prepare
Caller must complete domain reload
Begin MonoManager ReloadAssembly
- Loaded All Assemblies, in  1.162 seconds
Native extension for WindowsStandalone target not found
Mono: successfully reloaded assembly
- Finished resetting the current domain, in  3.694 seconds
Domain Reload Profiling: 4845ms
	BeginReloadAssembly (349ms)
		ExecutionOrderSort (0ms)
		DisableScriptedObjects (25ms)
		BackupInstance (0ms)
		ReleaseScriptingObjects (0ms)
		CreateAndSetChildDomain (58ms)
	RebuildCommonClasses (74ms)
	RebuildNativeTypeToScriptingClass (17ms)
	initialDomainReloadingComplete (55ms)
	LoadAllAssembliesAndSetupDomain (655ms)
		LoadAssemblies (777ms)
		RebuildTransferFunctionScriptingTraits (0ms)
		AnalyzeDomain (86ms)
			TypeCache.Refresh (16ms)
				TypeCache.ScanAssembly (1ms)
			ScanForSourceGeneratedMonoScriptInfo (43ms)
			ResolveRequiredComponents (26ms)
	FinalizeReload (3695ms)
		ReleaseScriptCaches (0ms)
		RebuildScriptCaches (0ms)
		SetupLoadedEditorAssemblies (1298ms)
			LogAssemblyErrors (0ms)
			InitializePlatformSupportModulesInManaged (10ms)
			SetLoadedEditorAssemblies (14ms)
			RefreshPlugins (0ms)
			BeforeProcessingInitializeOnLoad (272ms)
			ProcessInitializeOnLoadAttributes (818ms)
			ProcessInitializeOnLoadMethodAttributes (180ms)
			AfterProcessingInitializeOnLoad (4ms)
			EditorAssembliesLoaded (0ms)
		ExecutionOrderSort2 (0ms)
		AwakeInstancesAfterBackupRestoration (31ms)
Shader Hidden/ProbeVolume/VoxelizeScene is not supported: GPU does not support conservative rasterization
Shader Hidden/ProbeVolume/VoxelizeScene is not supported: GPU does not support conservative rasterization
Refreshing native plugins compatible for Editor in 13.89 ms, found 4 plugins.
Preloading 0 native plugins for Editor in 0.00 ms.
Unloading 5532 Unused Serialized files (Serialized files now loaded: 0)
Unloading 62 unused Assets / (3.5 MB). Loaded Objects now: 6243.
Memory consumption went from 203.1 MB to 199.5 MB.
Total: 7.666600 ms (FindLiveObjects: 0.607800 ms CreateObjectMapping: 0.246400 ms MarkObjects: 4.001000 ms  DeleteObjects: 2.809800 ms)

Prepare: number of updated asset objects reloaded= 0
AssetImportParameters requested are different than current active one (requested -> active):
  custom:container-demuxer-ogg: 62fdf1f143b41e24485cea50d1cbac27 -> 
  custom:video-codec-MediaFoundation-h265: 746d11721c4dcdbdad8f713fa42b33f4 -> 
  custom:video-decoder-ogg-theora: a1e56fd34408186e4bbccfd4996cb3dc -> 
  custom:framework-win-MediaFoundation: 216162199b28c13a410421893ffa2e32 -> 
  custom:scripting/monoscript/fileName/Zone_Transition.cs: 7abcaa9ec662674794f40550db270ed6 -> 
  custom:CustomObjectIndexerAttribute: 72b91833f83ae208fae7752999fa3104 -> 
  custom:scripting/monoscript/fileName/background.cs: 26992a202a4f804f0e1e2bc2100b7527 -> 
  custom:container-demuxer-webm: 4f35f7cbe854078d1ac9338744f61a02 -> 
  custom:container-muxer-webm: aa71ff27fc2769a1b78a27578f13a17b -> 
  custom:video-decoder-webm-vp8: 9c59270c3fd7afecdb556c50c9e8de78 -> 
  custom:scripting/monoscript/fileName/BiomeManager.cs: 8d35c78ac6eda6663d4d8bef70af112d -> 
  custom:SearchIndexIgnoredProperties: e643bd26f0fe6173181afceb89e7c659 -> 
  custom:AudioImporter_EditorPlatform: d09bf68614088b80899f8185d706f6e7 -> 
  custom:video-encoder-webm-vp8: eb34c28f22e8b96e1ab97ce403110664 -> 
  custom:audio-decoder-ogg-vorbis: bf7c407c2cedff20999df2af8eb42d56 -> 
  custom:scripting/monoscript/fileName/ParallaxBG.cs: 60f35dee57f29e937f9a172bd291a113 -> 
  custom:audio-encoder-webm-vorbis: bf7c407c2cedff20999df2af8eb42d56 -> 
  custom:scripting/precompiled-assembly-types:Assembly-CSharp: b536514e6f9c2b989c72987a37bf4607 -> 7ab51b2ff1f6fd329de154d611ee96e1
========================================================================
Received Prepare
Caller must complete domain reload
Begin MonoManager ReloadAssembly
- Loaded All Assemblies, in  1.121 seconds
Native extension for WindowsStandalone target not found
Mono: successfully reloaded assembly
- Finished resetting the current domain, in  3.663 seconds
Domain Reload Profiling: 4775ms
	BeginReloadAssembly (369ms)
		ExecutionOrderSort (0ms)
		DisableScriptedObjects (29ms)
		BackupInstance (0ms)
		ReleaseScriptingObjects (0ms)
		CreateAndSetChildDomain (72ms)
	RebuildCommonClasses (67ms)
	RebuildNativeTypeToScriptingClass (19ms)
	initialDomainReloadingComplete (59ms)
	LoadAllAssembliesAndSetupDomain (599ms)
		LoadAssemblies (778ms)
		RebuildTransferFunctionScriptingTraits (0ms)
		AnalyzeDomain (33ms)
			TypeCache.Refresh (10ms)
				TypeCache.ScanAssembly (0ms)
			ScanForSourceGeneratedMonoScriptInfo (0ms)
			ResolveRequiredComponents (21ms)
	FinalizeReload (3664ms)
		ReleaseScriptCaches (0ms)
		RebuildScriptCaches (0ms)
		SetupLoadedEditorAssemblies (1355ms)
			LogAssemblyErrors (0ms)
			InitializePlatformSupportModulesInManaged (11ms)
			SetLoadedEditorAssemblies (11ms)
			RefreshPlugins (0ms)
			BeforeProcessingInitializeOnLoad (324ms)
			ProcessInitializeOnLoadAttributes (853ms)
			ProcessInitializeOnLoadMethodAttributes (152ms)
			AfterProcessingInitializeOnLoad (4ms)
			EditorAssembliesLoaded (1ms)
		ExecutionOrderSort2 (0ms)
		AwakeInstancesAfterBackupRestoration (31ms)
Shader Hidden/ProbeVolume/VoxelizeScene is not supported: GPU does not support conservative rasterization
Shader Hidden/ProbeVolume/VoxelizeScene is not supported: GPU does not support conservative rasterization
Refreshing native plugins compatible for Editor in 18.21 ms, found 4 plugins.
Preloading 0 native plugins for Editor in 0.00 ms.
Unloading 5532 Unused Serialized files (Serialized files now loaded: 0)
Unloading 62 unused Assets / (3.5 MB). Loaded Objects now: 6248.
Memory consumption went from 203.0 MB to 199.6 MB.
Total: 8.457500 ms (FindLiveObjects: 0.604500 ms CreateObjectMapping: 0.364500 ms MarkObjects: 5.206800 ms  DeleteObjects: 2.280100 ms)

Prepare: number of updated asset objects reloaded= 0
AssetImportParameters requested are different than current active one (requested -> active):
  custom:container-demuxer-ogg: 62fdf1f143b41e24485cea50d1cbac27 -> 
  custom:video-codec-MediaFoundation-h265: 746d11721c4dcdbdad8f713fa42b33f4 -> 
  custom:video-decoder-ogg-theora: a1e56fd34408186e4bbccfd4996cb3dc -> 
  custom:framework-win-MediaFoundation: 216162199b28c13a410421893ffa2e32 -> 
  custom:scripting/monoscript/fileName/Zone_Transition.cs: 7abcaa9ec662674794f40550db270ed6 -> 
  custom:CustomObjectIndexerAttribute: 72b91833f83ae208fae7752999fa3104 -> 
  custom:scripting/monoscript/fileName/background.cs: 26992a202a4f804f0e1e2bc2100b7527 -> 
  custom:container-demuxer-webm: 4f35f7cbe854078d1ac9338744f61a02 -> 
  custom:container-muxer-webm: aa71ff27fc2769a1b78a27578f13a17b -> 
  custom:video-decoder-webm-vp8: 9c59270c3fd7afecdb556c50c9e8de78 -> 
  custom:scripting/monoscript/fileName/BiomeManager.cs: 8d35c78ac6eda6663d4d8bef70af112d -> 
  custom:SearchIndexIgnoredProperties: e643bd26f0fe6173181afceb89e7c659 -> 
  custom:AudioImporter_EditorPlatform: d09bf68614088b80899f8185d706f6e7 -> 
  custom:video-encoder-webm-vp8: eb34c28f22e8b96e1ab97ce403110664 -> 
  custom:audio-decoder-ogg-vorbis: bf7c407c2cedff20999df2af8eb42d56 -> 
  custom:scripting/monoscript/fileName/ParallaxBG.cs: 60f35dee57f29e937f9a172bd291a113 -> 
  custom:audio-encoder-webm-vorbis: bf7c407c2cedff20999df2af8eb42d56 -> 
  custom:scripting/precompiled-assembly-types:Assembly-CSharp: b536514e6f9c2b989c72987a37bf4607 -> 7ab51b2ff1f6fd329de154d611ee96e1
========================================================================
Received Import Request.
  Time since last request: 551.994224 seconds.
  path: Assets/UniversalRenderPipelineGlobalSettings.asset
  artifactKey: Guid(93b439a37f63240aca3dd4e01d978a9f) Importer(2089858483,0ecaa5967403d082aa24f35e1b516d23)
Start importing Assets/UniversalRenderPipelineGlobalSettings.asset using Guid(93b439a37f63240aca3dd4e01d978a9f) Importer(2089858483,0ecaa5967403d082aa24f35e1b516d23) [PhysX] Initialized MultithreadedTaskDispatcher with 8 workers.
 -> (artifact id: '1884f9c3403a1f47afc82fbe97c24fdd') in 0.511466 seconds
Number of updated asset objects reloaded before import = 0
Number of asset objects unloaded after import = 1
========================================================================
Received Import Request.
  Time since last request: 0.000038 seconds.
  path: Assets/Palette/cliffsideAlt_34.asset
  artifactKey: Guid(f65fc4c221e2972478bac5aae4df684c) Importer(2089858483,0ecaa5967403d082aa24f35e1b516d23)
Start importing Assets/Palette/cliffsideAlt_34.asset using Guid(f65fc4c221e2972478bac5aae4df684c) Importer(2089858483,0ecaa5967403d082aa24f35e1b516d23) [PhysX] Initialized MultithreadedTaskDispatcher with 8 workers.
 -> (artifact id: '5f9f0276c47ba767337af9d64e03a39a') in 0.045529 seconds
Number of updated asset objects reloaded before import = 0
Number of asset objects unloaded after import = 3
========================================================================
Received Import Request.
  Time since last request: 0.000044 seconds.
  path: Assets/Palette/CaveTileset_24.asset
  artifactKey: Guid(312d211355514c747ae72074c20c1e59) Importer(2089858483,0ecaa5967403d082aa24f35e1b516d23)
Start importing Assets/Palette/CaveTileset_24.asset using Guid(312d211355514c747ae72074c20c1e59) Importer(2089858483,0ecaa5967403d082aa24f35e1b516d23) [PhysX] Initialized MultithreadedTaskDispatcher with 8 workers.
 -> (artifact id: 'ea00c25597fb75134d9afafc186facf8') in 0.026004 seconds
Number of updated asset objects reloaded before import = 0
Number of asset objects unloaded after import = 3
========================================================================
Received Import Request.
  Time since last request: 0.000033 seconds.
  path: Assets/Palette/CaveTileset_31.asset
  artifactKey: Guid(21d77d9c7f57e294fbc438418ad44369) Importer(2089858483,0ecaa5967403d082aa24f35e1b516d23)
Start importing Assets/Palette/CaveTileset_31.asset using Guid(21d77d9c7f57e294fbc438418ad44369) Importer(2089858483,0ecaa5967403d082aa24f35e1b516d23) [PhysX] Initialized MultithreadedTaskDispatcher with 8 workers.
 -> (artifact id: 'a1618391f135c5442330e6904289b628') in 0.024667 seconds
Number of updated asset objects reloaded before import = 0
Number of asset objects unloaded after import = 3
========================================================================
Received Import Request.
  Time since last request: 0.000043 seconds.
  path: Assets/Palette/cliffsideAlt_30.asset
  artifactKey: Guid(e40309fd8e6f7cd41884087e60d92c27) Importer(2089858483,0ecaa5967403d082aa24f35e1b516d23)
Start importing Assets/Palette/cliffsideAlt_30.asset using Guid(e40309fd8e6f7cd41884087e60d92c27) Importer(2089858483,0ecaa5967403d082aa24f35e1b516d23) [PhysX] Initialized MultithreadedTaskDispatcher with 8 workers.
 -> (artifact id: 'c19bb576e7514192249246ace1cbb116') in 0.024368 seconds
Number of updated asset objects reloaded before import = 0
Number of asset objects unloaded after import = 3
========================================================================
Received Import Request.
  Time since last request: 0.000028 seconds.
  path: Assets/Palette/CaveTileset_33.asset
  artifactKey: Guid(aaf48b22e6020bf4ab70b99eabb11159) Importer(2089858483,0ecaa5967403d082aa24f35e1b516d23)
Start importing Assets/Palette/CaveTileset_33.asset using Guid(aaf48b22e6020bf4ab70b99eabb11159) Importer(2089858483,0ecaa5967403d082aa24f35e1b516d23) [PhysX] Initialized MultithreadedTaskDispatcher with 8 workers.
 -> (artifact id: 'e6594217cbc640ae8a459344c90aebcc') in 0.022433 seconds
Number of updated asset objects reloaded before import = 0
Number of asset objects unloaded after import = 3
========================================================================
Received Import Request.
  Time since last request: 0.000045 seconds.
  path: Assets/Palette/CaveTileset_42.asset
  artifactKey: Guid(76e1920dc7b3be34f820aeb054f7d52f) Importer(2089858483,0ecaa5967403d082aa24f35e1b516d23)
Start importing Assets/Palette/CaveTileset_42.asset using Guid(76e1920dc7b3be34f820aeb054f7d52f) Importer(2089858483,0ecaa5967403d082aa24f35e1b516d23) [PhysX] Initialized MultithreadedTaskDispatcher with 8 workers.
 -> (artifact id: '1bedd2318fbab73bee1e319aed73b2f9') in 0.020320 seconds
Number of updated asset objects reloaded before import = 0
Number of asset objects unloaded after import = 3
========================================================================
Received Import Request.
  Time since last request: 0.000033 seconds.
  path: Assets/Palette/cliffsideAlt_0.asset
  artifactKey: Guid(e92aff652359c0a41a634bc675fff373) Importer(2089858483,0ecaa5967403d082aa24f35e1b516d23)
Start importing Assets/Palette/cliffsideAlt_0.asset using Guid(e92aff652359c0a41a634bc675fff373) Importer(2089858483,0ecaa5967403d082aa24f35e1b516d23) [PhysX] Initialized MultithreadedTaskDispatcher with 8 workers.
 -> (artifact id: '643bb8aa7457a63c810dd30a6145d684') in 0.022276 seconds
Number of updated asset objects reloaded before import = 0
Number of asset objects unloaded after import = 3
========================================================================
Received Import Request.
  Time since last request: 0.000029 seconds.
  path: Assets/Palette/cliffsideAlt_31.asset
  artifactKey: Guid(d866ebfd1740f894e87ee5335e235b74) Importer(2089858483,0ecaa5967403d082aa24f35e1b516d23)
Start importing Assets/Palette/cliffsideAlt_31.asset using Guid(d866ebfd1740f894e87ee5335e235b74) Importer(2089858483,0ecaa5967403d082aa24f35e1b516d23) [PhysX] Initialized MultithreadedTaskDispatcher with 8 workers.
 -> (artifact id: '639e642cd6d4ddfaeef206954a856721') in 0.020230 seconds
Number of updated asset objects reloaded before import = 0
Number of asset objects unloaded after import = 3
========================================================================
Received Import Request.
  Time since last request: 0.000029 seconds.
  path: Assets/Materiali/MaterialeScivoloso.physicsMaterial2D
  artifactKey: Guid(81418639bdaa28248a79125fea68fd4b) Importer(2089858483,0ecaa5967403d082aa24f35e1b516d23)
Start importing Assets/Materiali/MaterialeScivoloso.physicsMaterial2D using Guid(81418639bdaa28248a79125fea68fd4b) Importer(2089858483,0ecaa5967403d082aa24f35e1b516d23) [PhysX] Initialized MultithreadedTaskDispatcher with 8 workers.
 -> (artifact id: '4b76f81827c87c8298238f00b3c286a1') in 0.018011 seconds
Number of updated asset objects reloaded before import = 0
Number of asset objects unloaded after import = 1
========================================================================
Received Import Request.
  Time since last request: 0.000038 seconds.
  path: Assets/Palette/cliffsideAlt_13.asset
  artifactKey: Guid(cde28d795725a25438e6ee4da07523ac) Importer(2089858483,0ecaa5967403d082aa24f35e1b516d23)
Start importing Assets/Palette/cliffsideAlt_13.asset using Guid(cde28d795725a25438e6ee4da07523ac) Importer(2089858483,0ecaa5967403d082aa24f35e1b516d23) [PhysX] Initialized MultithreadedTaskDispatcher with 8 workers.
 -> (artifact id: 'a162fcdce914c4d3b5bd945921484e7a') in 0.024572 seconds
Number of updated asset objects reloaded before import = 0
Number of asset objects unloaded after import = 3
========================================================================
Received Import Request.
  Time since last request: 0.000030 seconds.
  path: Assets/Palette/CaveTileset_15.asset
  artifactKey: Guid(605bad1a8b1ad3c4a812bb826bc3d3b7) Importer(2089858483,0ecaa5967403d082aa24f35e1b516d23)
Start importing Assets/Palette/CaveTileset_15.asset using Guid(605bad1a8b1ad3c4a812bb826bc3d3b7) Importer(2089858483,0ecaa5967403d082aa24f35e1b516d23) [PhysX] Initialized MultithreadedTaskDispatcher with 8 workers.
 -> (artifact id: 'dbfdce3e80fe51e99cd0a143380eb8ac') in 0.021002 seconds
Number of updated asset objects reloaded before import = 0
Number of asset objects unloaded after import = 3
========================================================================
Received Import Request.
  Time since last request: 0.000039 seconds.
  path: Assets/Palette/CaveTileset_10.asset
  artifactKey: Guid(a6a2216c504ed39458407474d3d02c03) Importer(2089858483,0ecaa5967403d082aa24f35e1b516d23)
Start importing Assets/Palette/CaveTileset_10.asset using Guid(a6a2216c504ed39458407474d3d02c03) Importer(2089858483,0ecaa5967403d082aa24f35e1b516d23) [PhysX] Initialized MultithreadedTaskDispatcher with 8 workers.
 -> (artifact id: 'eb81980837215e007b11551745cdb207') in 0.021332 seconds
Number of updated asset objects reloaded before import = 0
Number of asset objects unloaded after import = 3
========================================================================
Received Import Request.
  Time since last request: 0.000036 seconds.
  path: Assets/Palette/CaveTileset_17.asset
  artifactKey: Guid(6d46d7401085a49438a7abce25d8449f) Importer(2089858483,0ecaa5967403d082aa24f35e1b516d23)
Start importing Assets/Palette/CaveTileset_17.asset using Guid(6d46d7401085a49438a7abce25d8449f) Importer(2089858483,0ecaa5967403d082aa24f35e1b516d23) [PhysX] Initialized MultithreadedTaskDispatcher with 8 workers.
 -> (artifact id: '3efd8fa678afbb72f8f133b82475d8b5') in 0.021441 seconds
Number of updated asset objects reloaded before import = 0
Number of asset objects unloaded after import = 3
========================================================================
Received Import Request.
  Time since last request: 0.000029 seconds.
  path: Assets/Palette/cliffsideAlt_3.asset
  artifactKey: Guid(c9f778a7364debb4bae208becb76081b) Importer(2089858483,0ecaa5967403d082aa24f35e1b516d23)
Start importing Assets/Palette/cliffsideAlt_3.asset using Guid(c9f778a7364debb4bae208becb76081b) Importer(2089858483,0ecaa5967403d082aa24f35e1b516d23) [PhysX] Initialized MultithreadedTaskDispatcher with 8 workers.
 -> (artifact id: '973b4d2f03e745e886e2ea344561090a') in 0.020540 seconds
Number of updated asset objects reloaded before import = 0
Number of asset objects unloaded after import = 3
========================================================================
Received Import Request.
  Time since last request: 0.000028 seconds.
  path: Assets/Palette/cliffsideAlt_36.asset
  artifactKey: Guid(26de97ba0f9d528439a2cb8e51671d39) Importer(2089858483,0ecaa5967403d082aa24f35e1b516d23)
Start importing Assets/Palette/cliffsideAlt_36.asset using Guid(26de97ba0f9d528439a2cb8e51671d39) Importer(2089858483,0ecaa5967403d082aa24f35e1b516d23) [PhysX] Initialized MultithreadedTaskDispatcher with 8 workers.
 -> (artifact id: 'e837f5a95724f8c35551ed40f9c45885') in 0.021324 seconds
Number of updated asset objects reloaded before import = 0
Number of asset objects unloaded after import = 3
========================================================================
Received Import Request.
  Time since last request: 0.000032 seconds.
  path: Assets/Palette/CaveTileset_16.asset
  artifactKey: Guid(d43602c9da5d94b4288b15197f684787) Importer(2089858483,0ecaa5967403d082aa24f35e1b516d23)
Start importing Assets/Palette/CaveTileset_16.asset using Guid(d43602c9da5d94b4288b15197f684787) Importer(2089858483,0ecaa5967403d082aa24f35e1b516d23) [PhysX] Initialized MultithreadedTaskDispatcher with 8 workers.
 -> (artifact id: 'b6b156212bf8816a2b9e5a8d5da52bbd') in 0.033693 seconds
Number of updated asset objects reloaded before import = 0
Number of asset objects unloaded after import = 3
========================================================================
Received Import Request.
  Time since last request: 0.000066 seconds.
  path: Assets/Palette/CaveTileset_21.asset
  artifactKey: Guid(c9fe7566d26b5324795c58e33ceed73c) Importer(2089858483,0ecaa5967403d082aa24f35e1b516d23)
Start importing Assets/Palette/CaveTileset_21.asset using Guid(c9fe7566d26b5324795c58e33ceed73c) Importer(2089858483,0ecaa5967403d082aa24f35e1b516d23) [PhysX] Initialized MultithreadedTaskDispatcher with 8 workers.
 -> (artifact id: '29077aa43afc927b586e267a6dd1a62c') in 0.033374 seconds
Number of updated asset objects reloaded before import = 0
Number of asset objects unloaded after import = 3
========================================================================
Received Import Request.
  Time since last request: 0.000033 seconds.
  path: Assets/Palette/CaveTileset_11.asset
  artifactKey: Guid(4ef8a2848eb70764bb5e64d784dc5dff) Importer(2089858483,0ecaa5967403d082aa24f35e1b516d23)
Start importing Assets/Palette/CaveTileset_11.asset using Guid(4ef8a2848eb70764bb5e64d784dc5dff) Importer(2089858483,0ecaa5967403d082aa24f35e1b516d23) [PhysX] Initialized MultithreadedTaskDispatcher with 8 workers.
 -> (artifact id: '457ade95ee906684096c227ae1a85aa2') in 0.030865 seconds
Number of updated asset objects reloaded before import = 0
Number of asset objects unloaded after import = 3
========================================================================
Received Import Request.
  Time since last request: 0.000032 seconds.
  path: Assets/Palette/cliffsideAlt_12.asset
  artifactKey: Guid(51cd1e146b867b64498462a800143294) Importer(2089858483,0ecaa5967403d082aa24f35e1b516d23)
Start importing Assets/Palette/cliffsideAlt_12.asset using Guid(51cd1e146b867b64498462a800143294) Importer(2089858483,0ecaa5967403d082aa24f35e1b516d23) [PhysX] Initialized MultithreadedTaskDispatcher with 8 workers.
 -> (artifact id: '4b9622596fdd454f67245583e257dad3') in 0.019498 seconds
Number of updated asset objects reloaded before import = 0
Number of asset objects unloaded after import = 3
========================================================================
Received Import Request.
  Time since last request: 0.000032 seconds.
  path: Assets/Palette/CaveTileset_13.asset
  artifactKey: Guid(7e5e272f3d7a08d4d837c323dc158291) Importer(2089858483,0ecaa5967403d082aa24f35e1b516d23)
Start importing Assets/Palette/CaveTileset_13.asset using Guid(7e5e272f3d7a08d4d837c323dc158291) Importer(2089858483,0ecaa5967403d082aa24f35e1b516d23) [PhysX] Initialized MultithreadedTaskDispatcher with 8 workers.
 -> (artifact id: '03f1604cfd9542b96c4c75c86dab4fd7') in 0.021246 seconds
Number of updated asset objects reloaded before import = 0
Number of asset objects unloaded after import = 3
========================================================================
Received Import Request.
  Time since last request: 0.000031 seconds.
  path: Assets/Palette/cliffsideAlt_19.asset
  artifactKey: Guid(68306872dd533e545997057fa548ae2d) Importer(2089858483,0ecaa5967403d082aa24f35e1b516d23)
Start importing Assets/Palette/cliffsideAlt_19.asset using Guid(68306872dd533e545997057fa548ae2d) Importer(2089858483,0ecaa5967403d082aa24f35e1b516d23) [PhysX] Initialized MultithreadedTaskDispatcher with 8 workers.
 -> (artifact id: '37a8b550eb52d2eae87cb19cba7234cb') in 0.027067 seconds
Number of updated asset objects reloaded before import = 0
Number of asset objects unloaded after import = 3
========================================================================
Received Import Request.
  Time since last request: 0.000219 seconds.
  path: Assets/Palette/CaveTileset_0.asset
  artifactKey: Guid(b501eaef9f1bee140a53f78a74e637f5) Importer(2089858483,0ecaa5967403d082aa24f35e1b516d23)
Start importing Assets/Palette/CaveTileset_0.asset using Guid(b501eaef9f1bee140a53f78a74e637f5) Importer(2089858483,0ecaa5967403d082aa24f35e1b516d23) [PhysX] Initialized MultithreadedTaskDispatcher with 8 workers.
 -> (artifact id: 'decfa769cadccb45a2c7fb8dc35b1b51') in 0.027172 seconds
Number of updated asset objects reloaded before import = 0
Number of asset objects unloaded after import = 3
========================================================================
Received Import Request.
  Time since last request: 0.000044 seconds.
  path: Assets/Palette/CaveTileset_50.asset
  artifactKey: Guid(9d94dabb2c64b8248b013e05b0480f1e) Importer(2089858483,0ecaa5967403d082aa24f35e1b516d23)
Start importing Assets/Palette/CaveTileset_50.asset using Guid(9d94dabb2c64b8248b013e05b0480f1e) Importer(2089858483,0ecaa5967403d082aa24f35e1b516d23) [PhysX] Initialized MultithreadedTaskDispatcher with 8 workers.
 -> (artifact id: '60f0014e0096d80ed5e109e6468653cd') in 0.030419 seconds
Number of updated asset objects reloaded before import = 0
Number of asset objects unloaded after import = 3
========================================================================
Received Import Request.
  Time since last request: 0.000049 seconds.
  path: Assets/Palette/cliffsideAlt_7.asset
  artifactKey: Guid(056d5bb2d65e1634592578d4ba497236) Importer(2089858483,0ecaa5967403d082aa24f35e1b516d23)
Start importing Assets/Palette/cliffsideAlt_7.asset using Guid(056d5bb2d65e1634592578d4ba497236) Importer(2089858483,0ecaa5967403d082aa24f35e1b516d23) [PhysX] Initialized MultithreadedTaskDispatcher with 8 workers.
 -> (artifact id: '2d6291e64e05094cd675eeea313ea997') in 0.025579 seconds
Number of updated asset objects reloaded before import = 0
Number of asset objects unloaded after import = 3
========================================================================
Received Import Request.
  Time since last request: 0.000031 seconds.
  path: Assets/Palette/cliffsideAlt_61.asset
  artifactKey: Guid(11678f1c92a35d945834a4f8b2b6ed9f) Importer(2089858483,0ecaa5967403d082aa24f35e1b516d23)
Start importing Assets/Palette/cliffsideAlt_61.asset using Guid(11678f1c92a35d945834a4f8b2b6ed9f) Importer(2089858483,0ecaa5967403d082aa24f35e1b516d23) [PhysX] Initialized MultithreadedTaskDispatcher with 8 workers.
 -> (artifact id: '323ddfc57075e25ad226c6c2705d5576') in 0.027597 seconds
Number of updated asset objects reloaded before import = 0
Number of asset objects unloaded after import = 3
========================================================================
Received Import Request.
  Time since last request: 0.000034 seconds.
  path: Assets/Palette/cliffsideAlt_57.asset
  artifactKey: Guid(8319404c9868cf54ea3d770ba9e300b3) Importer(2089858483,0ecaa5967403d082aa24f35e1b516d23)
Start importing Assets/Palette/cliffsideAlt_57.asset using Guid(8319404c9868cf54ea3d770ba9e300b3) Importer(2089858483,0ecaa5967403d082aa24f35e1b516d23) [PhysX] Initialized MultithreadedTaskDispatcher with 8 workers.
 -> (artifact id: '47673aa48d339609ee690de6c64c38f5') in 0.021117 seconds
Number of updated asset objects reloaded before import = 0
Number of asset objects unloaded after import = 3
========================================================================
Received Import Request.
  Time since last request: 0.000028 seconds.
  path: Assets/Palette/cliffsideAlt_74.asset
  artifactKey: Guid(34f0bf719442b8149a30b7dba68462d7) Importer(2089858483,0ecaa5967403d082aa24f35e1b516d23)
Start importing Assets/Palette/cliffsideAlt_74.asset using Guid(34f0bf719442b8149a30b7dba68462d7) Importer(2089858483,0ecaa5967403d082aa24f35e1b516d23) [PhysX] Initialized MultithreadedTaskDispatcher with 8 workers.
 -> (artifact id: 'b9d982dc4024a5491ad186aba0ccc4ee') in 0.022044 seconds
Number of updated asset objects reloaded before import = 0
Number of asset objects unloaded after import = 3
========================================================================
Received Import Request.
  Time since last request: 0.000038 seconds.
  path: Assets/Palette/cliffsideAlt_51.asset
  artifactKey: Guid(dfe78e769b2c136459667a58554b0938) Importer(2089858483,0ecaa5967403d082aa24f35e1b516d23)
Start importing Assets/Palette/cliffsideAlt_51.asset using Guid(dfe78e769b2c136459667a58554b0938) Importer(2089858483,0ecaa5967403d082aa24f35e1b516d23) [PhysX] Initialized MultithreadedTaskDispatcher with 8 workers.
 -> (artifact id: '3fbd72affc3c61a30bc58861187156a1') in 0.021927 seconds
Number of updated asset objects reloaded before import = 0
Number of asset objects unloaded after import = 3
========================================================================
Received Import Request.
  Time since last request: 0.000043 seconds.
  path: Assets/Palette/cliffsideAlt_76.asset
  artifactKey: Guid(42dbd356ef41a354f9361780008e2c19) Importer(2089858483,0ecaa5967403d082aa24f35e1b516d23)
Start importing Assets/Palette/cliffsideAlt_76.asset using Guid(42dbd356ef41a354f9361780008e2c19) Importer(2089858483,0ecaa5967403d082aa24f35e1b516d23) [PhysX] Initialized MultithreadedTaskDispatcher with 8 workers.
 -> (artifact id: 'dc532f896f7c2906d20c1aeaa6a60dc4') in 0.021431 seconds
Number of updated asset objects reloaded before import = 0
Number of asset objects unloaded after import = 3
========================================================================
Received Import Request.
  Time since last request: 0.000029 seconds.
  path: Assets/Palette/cliffsideAlt_46.asset
  artifactKey: Guid(0dbc779ecc0ccd549a8e533d21ee2bfa) Importer(2089858483,0ecaa5967403d082aa24f35e1b516d23)
Start importing Assets/Palette/cliffsideAlt_46.asset using Guid(0dbc779ecc0ccd549a8e533d21ee2bfa) Importer(2089858483,0ecaa5967403d082aa24f35e1b516d23) [PhysX] Initialized MultithreadedTaskDispatcher with 8 workers.
 -> (artifact id: '27ff0961c9e0492c51979d4069ac3e48') in 0.025431 seconds
Number of updated asset objects reloaded before import = 0
Number of asset objects unloaded after import = 3
========================================================================
Received Import Request.
  Time since last request: 0.000032 seconds.
  path: Assets/Palette/cliffsideAlt_47.asset
  artifactKey: Guid(097fd17986a9293498ee789273f0a7f5) Importer(2089858483,0ecaa5967403d082aa24f35e1b516d23)
Start importing Assets/Palette/cliffsideAlt_47.asset using Guid(097fd17986a9293498ee789273f0a7f5) Importer(2089858483,0ecaa5967403d082aa24f35e1b516d23) [PhysX] Initialized MultithreadedTaskDispatcher with 8 workers.
 -> (artifact id: 'e1511be0d3c377fa3e2f4e6e1c6e47bb') in 0.020272 seconds
Number of updated asset objects reloaded before import = 0
Number of asset objects unloaded after import = 3
========================================================================
Received Import Request.
  Time since last request: 0.000064 seconds.
  path: Assets/Palette/cliffsideAlt_65.asset
  artifactKey: Guid(dc9471e502edd4e4eace5933e99c8282) Importer(2089858483,0ecaa5967403d082aa24f35e1b516d23)
Start importing Assets/Palette/cliffsideAlt_65.asset using Guid(dc9471e502edd4e4eace5933e99c8282) Importer(2089858483,0ecaa5967403d082aa24f35e1b516d23) [PhysX] Initialized MultithreadedTaskDispatcher with 8 workers.
 -> (artifact id: '48ebe84df62281ea1285f1cda7fea523') in 0.026651 seconds
Number of updated asset objects reloaded before import = 0
Number of asset objects unloaded after import = 3
========================================================================
Received Import Request.
  Time since last request: 0.000031 seconds.
  path: Assets/Palette/cliffsideAlt_2.asset
  artifactKey: Guid(a722c428bf4565047be368be81e8632c) Importer(2089858483,0ecaa5967403d082aa24f35e1b516d23)
Start importing Assets/Palette/cliffsideAlt_2.asset using Guid(a722c428bf4565047be368be81e8632c) Importer(2089858483,0ecaa5967403d082aa24f35e1b516d23) [PhysX] Initialized MultithreadedTaskDispatcher with 8 workers.
 -> (artifact id: '21f207210a7bbbdde720f284016ea2b0') in 0.020458 seconds
Number of updated asset objects reloaded before import = 0
Number of asset objects unloaded after import = 3
========================================================================
Received Import Request.
  Time since last request: 0.000031 seconds.
  path: Assets/Palette/cliffsideAlt_43.asset
  artifactKey: Guid(a9bdeaaf9aa4f5f48aec4014cebb1e6a) Importer(2089858483,0ecaa5967403d082aa24f35e1b516d23)
Start importing Assets/Palette/cliffsideAlt_43.asset using Guid(a9bdeaaf9aa4f5f48aec4014cebb1e6a) Importer(2089858483,0ecaa5967403d082aa24f35e1b516d23) [PhysX] Initialized MultithreadedTaskDispatcher with 8 workers.
 -> (artifact id: 'fef1340dccfb5b306ffd2fe4b6a0b07e') in 0.021670 seconds
Number of updated asset objects reloaded before import = 0
Number of asset objects unloaded after import = 3
========================================================================
Received Import Request.
  Time since last request: 0.000033 seconds.
  path: Assets/Palette/cliffsideAlt_45.asset
  artifactKey: Guid(7fffad957142f7e47af690980fbd1036) Importer(2089858483,0ecaa5967403d082aa24f35e1b516d23)
Start importing Assets/Palette/cliffsideAlt_45.asset using Guid(7fffad957142f7e47af690980fbd1036) Importer(2089858483,0ecaa5967403d082aa24f35e1b516d23) [PhysX] Initialized MultithreadedTaskDispatcher with 8 workers.
 -> (artifact id: '39b68e69e455db76608306dc58df48fe') in 0.017841 seconds
Number of updated asset objects reloaded before import = 0
Number of asset objects unloaded after import = 3
========================================================================
Received Import Request.
  Time since last request: 0.000030 seconds.
  path: Assets/Palette/cliffsideAlt_79.asset
  artifactKey: Guid(aaeb0646b942a624f855efeb1bfa540a) Importer(2089858483,0ecaa5967403d082aa24f35e1b516d23)
Start importing Assets/Palette/cliffsideAlt_79.asset using Guid(aaeb0646b942a624f855efeb1bfa540a) Importer(2089858483,0ecaa5967403d082aa24f35e1b516d23) [PhysX] Initialized MultithreadedTaskDispatcher with 8 workers.
 -> (artifact id: '37b0de5163fe5a9a9427eb31d5006873') in 0.021400 seconds
Number of updated asset objects reloaded before import = 0
Number of asset objects unloaded after import = 3
========================================================================
Received Import Request.
  Time since last request: 0.000033 seconds.
  path: Assets/Palette/cliffsideAlt_44.asset
  artifactKey: Guid(65d284540c7a4e34bab65848c6d00ef4) Importer(2089858483,0ecaa5967403d082aa24f35e1b516d23)
Start importing Assets/Palette/cliffsideAlt_44.asset using Guid(65d284540c7a4e34bab65848c6d00ef4) Importer(2089858483,0ecaa5967403d082aa24f35e1b516d23) [PhysX] Initialized MultithreadedTaskDispatcher with 8 workers.
 -> (artifact id: '8130a325f8e30251e891ec481b6ba927') in 0.020750 seconds
Number of updated asset objects reloaded before import = 0
Number of asset objects unloaded after import = 3
========================================================================
Received Import Request.
  Time since last request: 0.000033 seconds.
  path: Assets/Palette/CaveTileset_5.asset
  artifactKey: Guid(bc535a1e34634d84caee6b6473f7c953) Importer(2089858483,0ecaa5967403d082aa24f35e1b516d23)
Start importing Assets/Palette/CaveTileset_5.asset using Guid(bc535a1e34634d84caee6b6473f7c953) Importer(2089858483,0ecaa5967403d082aa24f35e1b516d23) [PhysX] Initialized MultithreadedTaskDispatcher with 8 workers.
 -> (artifact id: 'f86fe29801f260b248c3f302f6790434') in 0.020607 seconds
Number of updated asset objects reloaded before import = 0
Number of asset objects unloaded after import = 3
========================================================================
Received Import Request.
  Time since last request: 0.000031 seconds.
  path: Assets/Palette/cliffsideAlt_22.asset
  artifactKey: Guid(c2ddf0c31b5e6ed469a8f7bb29f5f03d) Importer(2089858483,0ecaa5967403d082aa24f35e1b516d23)
Start importing Assets/Palette/cliffsideAlt_22.asset using Guid(c2ddf0c31b5e6ed469a8f7bb29f5f03d) Importer(2089858483,0ecaa5967403d082aa24f35e1b516d23) [PhysX] Initialized MultithreadedTaskDispatcher with 8 workers.
 -> (artifact id: 'b8beb5033178aa8647760e0d3847bbd5') in 0.026544 seconds
Number of updated asset objects reloaded before import = 0
Number of asset objects unloaded after import = 3
========================================================================
Received Import Request.
  Time since last request: 0.000038 seconds.
  path: Assets/Palette/CaveTileset_41.asset
  artifactKey: Guid(12b825160cadbaf47a1f7b9e51e1b932) Importer(2089858483,0ecaa5967403d082aa24f35e1b516d23)
Start importing Assets/Palette/CaveTileset_41.asset using Guid(12b825160cadbaf47a1f7b9e51e1b932) Importer(2089858483,0ecaa5967403d082aa24f35e1b516d23) [PhysX] Initialized MultithreadedTaskDispatcher with 8 workers.
 -> (artifact id: 'f54a12815ac375d5b0a203beec57c6ce') in 0.019865 seconds
Number of updated asset objects reloaded before import = 0
Number of asset objects unloaded after import = 3
========================================================================
Received Import Request.
  Time since last request: 0.000041 seconds.
  path: Assets/Palette/CaveTileset_27.asset
  artifactKey: Guid(7acbdc9c04164be47a180ba847611739) Importer(2089858483,0ecaa5967403d082aa24f35e1b516d23)
Start importing Assets/Palette/CaveTileset_27.asset using Guid(7acbdc9c04164be47a180ba847611739) Importer(2089858483,0ecaa5967403d082aa24f35e1b516d23) [PhysX] Initialized MultithreadedTaskDispatcher with 8 workers.
 -> (artifact id: '36fa8f419da8928e46baf10381f10279') in 0.021713 seconds
Number of updated asset objects reloaded before import = 0
Number of asset objects unloaded after import = 3
========================================================================
Received Import Request.
  Time since last request: 0.000036 seconds.
  path: Assets/Audio/dash.mp3
  artifactKey: Guid(d435e396f048a55438d51f1ef266ba2e) Importer(2089858483,0ecaa5967403d082aa24f35e1b516d23)
Start importing Assets/Audio/dash.mp3 using Guid(d435e396f048a55438d51f1ef266ba2e) Importer(2089858483,0ecaa5967403d082aa24f35e1b516d23) [PhysX] Initialized MultithreadedTaskDispatcher with 8 workers.
 -> (artifact id: '05b676a85bd6f918d11f86ac78ad9927') in 0.128660 seconds
Number of updated asset objects reloaded before import = 0
Number of asset objects unloaded after import = 1
========================================================================
Received Import Request.
  Time since last request: 0.000032 seconds.
  path: Assets/Palette/CaveTileset_47.asset
  artifactKey: Guid(682e79e881748aa4f845cb6fdd5697d7) Importer(2089858483,0ecaa5967403d082aa24f35e1b516d23)
Start importing Assets/Palette/CaveTileset_47.asset using Guid(682e79e881748aa4f845cb6fdd5697d7) Importer(2089858483,0ecaa5967403d082aa24f35e1b516d23) [PhysX] Initialized MultithreadedTaskDispatcher with 8 workers.
 -> (artifact id: 'a0c452f3cbe92e772ba450a9ea6c4a53') in 0.023213 seconds
Number of updated asset objects reloaded before import = 0
Number of asset objects unloaded after import = 3
========================================================================
Received Import Request.
  Time since last request: 0.000033 seconds.
  path: Assets/Palette/cliffsideAlt_58.asset
  artifactKey: Guid(e0a17a884bedfef49903bb98324ba1fa) Importer(2089858483,0ecaa5967403d082aa24f35e1b516d23)
Start importing Assets/Palette/cliffsideAlt_58.asset using Guid(e0a17a884bedfef49903bb98324ba1fa) Importer(2089858483,0ecaa5967403d082aa24f35e1b516d23) [PhysX] Initialized MultithreadedTaskDispatcher with 8 workers.
 -> (artifact id: '312a6f3b8b6617a568fd1a72552905f3') in 0.021943 seconds
Number of updated asset objects reloaded before import = 0
Number of asset objects unloaded after import = 3
========================================================================
Received Import Request.
  Time since last request: 0.000045 seconds.
  path: Assets/Palette/CaveTileset_20.asset
  artifactKey: Guid(f78fb75c167a0724586739a3e712b8d5) Importer(2089858483,0ecaa5967403d082aa24f35e1b516d23)
Start importing Assets/Palette/CaveTileset_20.asset using Guid(f78fb75c167a0724586739a3e712b8d5) Importer(2089858483,0ecaa5967403d082aa24f35e1b516d23) [PhysX] Initialized MultithreadedTaskDispatcher with 8 workers.
 -> (artifact id: '6e8005292e2b1ca72d2592dc37e5b0f5') in 0.021874 seconds
Number of updated asset objects reloaded before import = 0
Number of asset objects unloaded after import = 3
========================================================================
Received Import Request.
  Time since last request: 0.000027 seconds.
  path: Assets/Audio/salto.mp3
  artifactKey: Guid(470eddf66fdc6914ea82a5b3229c9d6d) Importer(2089858483,0ecaa5967403d082aa24f35e1b516d23)
Start importing Assets/Audio/salto.mp3 using Guid(470eddf66fdc6914ea82a5b3229c9d6d) Importer(2089858483,0ecaa5967403d082aa24f35e1b516d23) [PhysX] Initialized MultithreadedTaskDispatcher with 8 workers.
 -> (artifact id: 'f96ed64a04dcd3c077d9946c186eaa40') in 0.061900 seconds
Number of updated asset objects reloaded before import = 0
Number of asset objects unloaded after import = 1
========================================================================
Received Import Request.
  Time since last request: 0.000047 seconds.
  path: Assets/Palette/cliffsideAlt_55.asset
  artifactKey: Guid(a38c6be0af1f2a14bace7020617070bc) Importer(2089858483,0ecaa5967403d082aa24f35e1b516d23)
Start importing Assets/Palette/cliffsideAlt_55.asset using Guid(a38c6be0af1f2a14bace7020617070bc) Importer(2089858483,0ecaa5967403d082aa24f35e1b516d23) [PhysX] Initialized MultithreadedTaskDispatcher with 8 workers.
 -> (artifact id: '5628bb1abbbfe45184a9a597a8a20909') in 0.020476 seconds
Number of updated asset objects reloaded before import = 0
Number of asset objects unloaded after import = 3
========================================================================
Received Import Request.
  Time since last request: 0.000043 seconds.
  path: Assets/Palette/cliffsideAlt_6.asset
  artifactKey: Guid(0792410aec7484c41827bbe16345381f) Importer(2089858483,0ecaa5967403d082aa24f35e1b516d23)
Start importing Assets/Palette/cliffsideAlt_6.asset using Guid(0792410aec7484c41827bbe16345381f) Importer(2089858483,0ecaa5967403d082aa24f35e1b516d23) [PhysX] Initialized MultithreadedTaskDispatcher with 8 workers.
 -> (artifact id: '7b549996df0849f0c295ddc67b84c822') in 0.026041 seconds
Number of updated asset objects reloaded before import = 0
Number of asset objects unloaded after import = 3
========================================================================
Received Import Request.
  Time since last request: 0.000031 seconds.
  path: Assets/Audio/musichetta.mp3
  artifactKey: Guid(515dd4ce6951c694ba94bc81e125c612) Importer(2089858483,0ecaa5967403d082aa24f35e1b516d23)
Start importing Assets/Audio/musichetta.mp3 using Guid(515dd4ce6951c694ba94bc81e125c612) Importer(2089858483,0ecaa5967403d082aa24f35e1b516d23) [PhysX] Initialized MultithreadedTaskDispatcher with 8 workers.
 -> (artifact id: '833c56bb73a628c7e773cc1574d40e86') in 0.153400 seconds
Number of updated asset objects reloaded before import = 0
Number of asset objects unloaded after import = 1
========================================================================
Received Import Request.
  Time since last request: 0.000049 seconds.
  path: Assets/Audio/morte.mp3
  artifactKey: Guid(fbe9f1b6d6233cf4fbdcd14c40944959) Importer(2089858483,0ecaa5967403d082aa24f35e1b516d23)
Start importing Assets/Audio/morte.mp3 using Guid(fbe9f1b6d6233cf4fbdcd14c40944959) Importer(2089858483,0ecaa5967403d082aa24f35e1b516d23) [PhysX] Initialized MultithreadedTaskDispatcher with 8 workers.
 -> (artifact id: '41fe886045de49202f0cbe7b8e710352') in 0.132716 seconds
Number of updated asset objects reloaded before import = 0
Number of asset objects unloaded after import = 1
========================================================================
Received Import Request.
  Time since last request: 0.000050 seconds.
  path: Assets/Palette/cliffside_36.asset
  artifactKey: Guid(0c210d56d81c9574b88ddff577af734d) Importer(2089858483,0ecaa5967403d082aa24f35e1b516d23)
Start importing Assets/Palette/cliffside_36.asset using Guid(0c210d56d81c9574b88ddff577af734d) Importer(2089858483,0ecaa5967403d082aa24f35e1b516d23) [PhysX] Initialized MultithreadedTaskDispatcher with 8 workers.
 -> (artifact id: 'b033cfc0e583735952392e5518edfd87') in 0.025013 seconds
Number of updated asset objects reloaded before import = 0
Number of asset objects unloaded after import = 3
========================================================================
Received Import Request.
  Time since last request: 0.000037 seconds.
  path: Assets/Palette/cliffside_50.asset
  artifactKey: Guid(ac70c03b541b5ac4dbcf13bc5934e7ea) Importer(2089858483,0ecaa5967403d082aa24f35e1b516d23)
Start importing Assets/Palette/cliffside_50.asset using Guid(ac70c03b541b5ac4dbcf13bc5934e7ea) Importer(2089858483,0ecaa5967403d082aa24f35e1b516d23) [PhysX] Initialized MultithreadedTaskDispatcher with 8 workers.
 -> (artifact id: '96a36c00b221bf3992d49c14d03bef91') in 0.025577 seconds
Number of updated asset objects reloaded before import = 0
Number of asset objects unloaded after import = 3
========================================================================
Received Import Request.
  Time since last request: 0.000035 seconds.
  path: Assets/Palette/cliffside_14.asset
  artifactKey: Guid(8ad02a8aa51d9a54c89cbe44aa4d4d49) Importer(2089858483,0ecaa5967403d082aa24f35e1b516d23)
Start importing Assets/Palette/cliffside_14.asset using Guid(8ad02a8aa51d9a54c89cbe44aa4d4d49) Importer(2089858483,0ecaa5967403d082aa24f35e1b516d23) [PhysX] Initialized MultithreadedTaskDispatcher with 8 workers.
 -> (artifact id: 'fa60766e1eb0335edeb38662f03ac5e7') in 0.026118 seconds
Number of updated asset objects reloaded before import = 0
Number of asset objects unloaded after import = 3
========================================================================
Received Import Request.
  Time since last request: 0.000034 seconds.
  path: Assets/Palette/cliffside_28.asset
  artifactKey: Guid(60f8d8b20c4c06647a8cc07373ab3a3a) Importer(2089858483,0ecaa5967403d082aa24f35e1b516d23)
Start importing Assets/Palette/cliffside_28.asset using Guid(60f8d8b20c4c06647a8cc07373ab3a3a) Importer(2089858483,0ecaa5967403d082aa24f35e1b516d23) [PhysX] Initialized MultithreadedTaskDispatcher with 8 workers.
 -> (artifact id: 'fccdcfb142c9dd28d89bc5bc8acb8e0e') in 0.026138 seconds
Number of updated asset objects reloaded before import = 0
Number of asset objects unloaded after import = 3
========================================================================
Received Import Request.
  Time since last request: 0.000035 seconds.
  path: Assets/Palette/cliffside_37.asset
  artifactKey: Guid(c6beebc85831d9d49aeb85633533b340) Importer(2089858483,0ecaa5967403d082aa24f35e1b516d23)
Start importing Assets/Palette/cliffside_37.asset using Guid(c6beebc85831d9d49aeb85633533b340) Importer(2089858483,0ecaa5967403d082aa24f35e1b516d23) [PhysX] Initialized MultithreadedTaskDispatcher with 8 workers.
 -> (artifact id: 'cd589db50807efc365e7111803b314a7') in 0.025136 seconds
Number of updated asset objects reloaded before import = 0
Number of asset objects unloaded after import = 3
========================================================================
Received Import Request.
  Time since last request: 0.000053 seconds.
  path: Assets/Palette/cliffside_31.asset
  artifactKey: Guid(c239b331320899e4cb464237069ffe6d) Importer(2089858483,0ecaa5967403d082aa24f35e1b516d23)
Start importing Assets/Palette/cliffside_31.asset using Guid(c239b331320899e4cb464237069ffe6d) Importer(2089858483,0ecaa5967403d082aa24f35e1b516d23) [PhysX] Initialized MultithreadedTaskDispatcher with 8 workers.
 -> (artifact id: '4e272b8b86a0ee501fd14a1b41ee2661') in 0.025991 seconds
Number of updated asset objects reloaded before import = 0
Number of asset objects unloaded after import = 3
========================================================================
Received Import Request.
  Time since last request: 0.000042 seconds.
  path: Assets/Palette/cliffside_34.asset
  artifactKey: Guid(94662680ef5e05845acc9fc9a4b3639c) Importer(2089858483,0ecaa5967403d082aa24f35e1b516d23)
Start importing Assets/Palette/cliffside_34.asset using Guid(94662680ef5e05845acc9fc9a4b3639c) Importer(2089858483,0ecaa5967403d082aa24f35e1b516d23) [PhysX] Initialized MultithreadedTaskDispatcher with 8 workers.
 -> (artifact id: 'f00830355d1372fe1b93ac2a873d1f92') in 0.023486 seconds
Number of updated asset objects reloaded before import = 0
Number of asset objects unloaded after import = 3
========================================================================
Received Import Request.
  Time since last request: 0.000058 seconds.
  path: Assets/Palette/cliffside_29.asset
  artifactKey: Guid(c1bbbccf1d1b07a4abad5e1983d0ca43) Importer(2089858483,0ecaa5967403d082aa24f35e1b516d23)
Start importing Assets/Palette/cliffside_29.asset using Guid(c1bbbccf1d1b07a4abad5e1983d0ca43) Importer(2089858483,0ecaa5967403d082aa24f35e1b516d23) [PhysX] Initialized MultithreadedTaskDispatcher with 8 workers.
 -> (artifact id: 'e411dc4cd69f60d0f72532186aa9e75a') in 0.023825 seconds
Number of updated asset objects reloaded before import = 0
Number of asset objects unloaded after import = 3
========================================================================
Received Import Request.
  Time since last request: 0.000060 seconds.
  path: Assets/Palette/cliffside_17.asset
  artifactKey: Guid(518f9fa83db11f045a9d133e9cca9280) Importer(2089858483,0ecaa5967403d082aa24f35e1b516d23)
Start importing Assets/Palette/cliffside_17.asset using Guid(518f9fa83db11f045a9d133e9cca9280) Importer(2089858483,0ecaa5967403d082aa24f35e1b516d23) [PhysX] Initialized MultithreadedTaskDispatcher with 8 workers.
 -> (artifact id: '90090d0f8845a33baff20af181e31e81') in 0.019801 seconds
Number of updated asset objects reloaded before import = 0
Number of asset objects unloaded after import = 3
========================================================================
Received Import Request.
  Time since last request: 0.000034 seconds.
  path: Assets/Palette/cliffside_35.asset
  artifactKey: Guid(27d6e842dda46034e94008f8e6ed41a5) Importer(2089858483,0ecaa5967403d082aa24f35e1b516d23)
Start importing Assets/Palette/cliffside_35.asset using Guid(27d6e842dda46034e94008f8e6ed41a5) Importer(2089858483,0ecaa5967403d082aa24f35e1b516d23) [PhysX] Initialized MultithreadedTaskDispatcher with 8 workers.
 -> (artifact id: '90f6e4d95932734f3882773c6a94704d') in 0.020345 seconds
Number of updated asset objects reloaded before import = 0
Number of asset objects unloaded after import = 3
========================================================================
Received Import Request.
  Time since last request: 0.000031 seconds.
  path: Assets/Palette/CaveTileset_37.asset
  artifactKey: Guid(ddfea3f8869df1142bfef030d211df2b) Importer(2089858483,0ecaa5967403d082aa24f35e1b516d23)
Start importing Assets/Palette/CaveTileset_37.asset using Guid(ddfea3f8869df1142bfef030d211df2b) Importer(2089858483,0ecaa5967403d082aa24f35e1b516d23) [PhysX] Initialized MultithreadedTaskDispatcher with 8 workers.
 -> (artifact id: '405d14c49c11106a855f797a0076983e') in 0.023529 seconds
Number of updated asset objects reloaded before import = 0
Number of asset objects unloaded after import = 3
========================================================================
Received Import Request.
  Time since last request: 0.000027 seconds.
  path: Assets/Palette/CaveTileset_12.asset
  artifactKey: Guid(2170a8f1bdd68c84d98594d615dbebe0) Importer(2089858483,0ecaa5967403d082aa24f35e1b516d23)
Start importing Assets/Palette/CaveTileset_12.asset using Guid(2170a8f1bdd68c84d98594d615dbebe0) Importer(2089858483,0ecaa5967403d082aa24f35e1b516d23) [PhysX] Initialized MultithreadedTaskDispatcher with 8 workers.
 -> (artifact id: '8eae7da3c9e26be565c730f99721db56') in 0.020630 seconds
Number of updated asset objects reloaded before import = 0
Number of asset objects unloaded after import = 3
========================================================================
Received Import Request.
  Time since last request: 0.000030 seconds.
  path: Assets/Palette/cliffside_26.asset
  artifactKey: Guid(70d9bb9be53e7d944a960dada932eb3f) Importer(2089858483,0ecaa5967403d082aa24f35e1b516d23)
Start importing Assets/Palette/cliffside_26.asset using Guid(70d9bb9be53e7d944a960dada932eb3f) Importer(2089858483,0ecaa5967403d082aa24f35e1b516d23) [PhysX] Initialized MultithreadedTaskDispatcher with 8 workers.
 -> (artifact id: 'bb06108bc842698850d7eafbab03be6e') in 0.025154 seconds
Number of updated asset objects reloaded before import = 0
Number of asset objects unloaded after import = 3
========================================================================
Received Import Request.
  Time since last request: 0.000042 seconds.
  path: Assets/Palette/CaveTileset_23.asset
  artifactKey: Guid(5e8c635e0ddbdf64fb8d18daf0673a65) Importer(2089858483,0ecaa5967403d082aa24f35e1b516d23)
Start importing Assets/Palette/CaveTileset_23.asset using Guid(5e8c635e0ddbdf64fb8d18daf0673a65) Importer(2089858483,0ecaa5967403d082aa24f35e1b516d23) [PhysX] Initialized MultithreadedTaskDispatcher with 8 workers.
 -> (artifact id: '073d9e934d192af16955f8561763de95') in 0.024553 seconds
Number of updated asset objects reloaded before import = 0
Number of asset objects unloaded after import = 3
========================================================================
Received Import Request.
  Time since last request: 0.000036 seconds.
  path: Assets/Palette/cliffside_15.asset
  artifactKey: Guid(8693293f819a68249882ebf7871c6f99) Importer(2089858483,0ecaa5967403d082aa24f35e1b516d23)
Start importing Assets/Palette/cliffside_15.asset using Guid(8693293f819a68249882ebf7871c6f99) Importer(2089858483,0ecaa5967403d082aa24f35e1b516d23) [PhysX] Initialized MultithreadedTaskDispatcher with 8 workers.
 -> (artifact id: '919d0bc2e325e8703d690632157ae02e') in 0.024363 seconds
Number of updated asset objects reloaded before import = 0
Number of asset objects unloaded after import = 3
========================================================================
Received Import Request.
  Time since last request: 0.000044 seconds.
  path: Assets/Palette/cliffsideAlt_4.asset
  artifactKey: Guid(599ad0b590b7d75469fc2c8d97f5e498) Importer(2089858483,0ecaa5967403d082aa24f35e1b516d23)
Start importing Assets/Palette/cliffsideAlt_4.asset using Guid(599ad0b590b7d75469fc2c8d97f5e498) Importer(2089858483,0ecaa5967403d082aa24f35e1b516d23) [PhysX] Initialized MultithreadedTaskDispatcher with 8 workers.
 -> (artifact id: '985434b2179db0301b716ed3f052c2d5') in 0.020381 seconds
Number of updated asset objects reloaded before import = 0
Number of asset objects unloaded after import = 3
========================================================================
Received Import Request.
  Time since last request: 0.000027 seconds.
  path: Assets/Palette/CaveTileset_1.asset
  artifactKey: Guid(2fd561b83e9fd2b47abe193c60cd8cd4) Importer(2089858483,0ecaa5967403d082aa24f35e1b516d23)
Start importing Assets/Palette/CaveTileset_1.asset using Guid(2fd561b83e9fd2b47abe193c60cd8cd4) Importer(2089858483,0ecaa5967403d082aa24f35e1b516d23) [PhysX] Initialized MultithreadedTaskDispatcher with 8 workers.
 -> (artifact id: 'd8988494fe909aa89e9c58b6e7798f61') in 0.020085 seconds
Number of updated asset objects reloaded before import = 0
Number of asset objects unloaded after import = 3
========================================================================
Received Import Request.
  Time since last request: 0.000027 seconds.
  path: Assets/Palette/cliffside_27.asset
  artifactKey: Guid(14748faaa269e4744beb50132bfb1795) Importer(2089858483,0ecaa5967403d082aa24f35e1b516d23)
Start importing Assets/Palette/cliffside_27.asset using Guid(14748faaa269e4744beb50132bfb1795) Importer(2089858483,0ecaa5967403d082aa24f35e1b516d23) [PhysX] Initialized MultithreadedTaskDispatcher with 8 workers.
 -> (artifact id: '00b84de4c550004e656565a3828e3e7a') in 0.021666 seconds
Number of updated asset objects reloaded before import = 0
Number of asset objects unloaded after import = 3
========================================================================
Received Import Request.
  Time since last request: 0.000029 seconds.
  path: Assets/Palette/CaveTileset_51.asset
  artifactKey: Guid(1987e8964ab5b414a8e5f750e819a9b5) Importer(2089858483,0ecaa5967403d082aa24f35e1b516d23)
Start importing Assets/Palette/CaveTileset_51.asset using Guid(1987e8964ab5b414a8e5f750e819a9b5) Importer(2089858483,0ecaa5967403d082aa24f35e1b516d23) [PhysX] Initialized MultithreadedTaskDispatcher with 8 workers.
 -> (artifact id: 'c3327f8b0484dab5c5993504c89e2794') in 0.023338 seconds
Number of updated asset objects reloaded before import = 0
Number of asset objects unloaded after import = 3
========================================================================
Received Import Request.
  Time since last request: 0.000030 seconds.
  path: Assets/Palette/cliffsideAlt_66.asset
  artifactKey: Guid(dc5456c71e008f942b9dd7729eabc3d8) Importer(2089858483,0ecaa5967403d082aa24f35e1b516d23)
Start importing Assets/Palette/cliffsideAlt_66.asset using Guid(dc5456c71e008f942b9dd7729eabc3d8) Importer(2089858483,0ecaa5967403d082aa24f35e1b516d23) [PhysX] Initialized MultithreadedTaskDispatcher with 8 workers.
 -> (artifact id: 'ebbca00f67a4e079b0228d208c887f4a') in 0.025362 seconds
Number of updated asset objects reloaded before import = 0
Number of asset objects unloaded after import = 3
========================================================================
Received Import Request.
  Time since last request: 0.000025 seconds.
  path: Assets/Palette/cliffside_54.asset
  artifactKey: Guid(55da2980719d99448b898d98f3412ea7) Importer(2089858483,0ecaa5967403d082aa24f35e1b516d23)
Start importing Assets/Palette/cliffside_54.asset using Guid(55da2980719d99448b898d98f3412ea7) Importer(2089858483,0ecaa5967403d082aa24f35e1b516d23) [PhysX] Initialized MultithreadedTaskDispatcher with 8 workers.
 -> (artifact id: 'e7ae8efb02da1b22c2aee85818ae4dc5') in 0.023159 seconds
Number of updated asset objects reloaded before import = 0
Number of asset objects unloaded after import = 3
========================================================================
Received Import Request.
  Time since last request: 0.000036 seconds.
  path: Assets/Palette/cliffsideAlt_25.asset
  artifactKey: Guid(19bd59d76b819e2478c4ecbea5f34afc) Importer(2089858483,0ecaa5967403d082aa24f35e1b516d23)
Start importing Assets/Palette/cliffsideAlt_25.asset using Guid(19bd59d76b819e2478c4ecbea5f34afc) Importer(2089858483,0ecaa5967403d082aa24f35e1b516d23) [PhysX] Initialized MultithreadedTaskDispatcher with 8 workers.
 -> (artifact id: '534ba00b0433c6537d0418f839d6d77b') in 0.024633 seconds
Number of updated asset objects reloaded before import = 0
Number of asset objects unloaded after import = 3
========================================================================
Received Import Request.
  Time since last request: 0.000041 seconds.
  path: Assets/Palette/cliffside_30.asset
  artifactKey: Guid(187acb95b8cc74147a1850d5ddb61f37) Importer(2089858483,0ecaa5967403d082aa24f35e1b516d23)
Start importing Assets/Palette/cliffside_30.asset using Guid(187acb95b8cc74147a1850d5ddb61f37) Importer(2089858483,0ecaa5967403d082aa24f35e1b516d23) [PhysX] Initialized MultithreadedTaskDispatcher with 8 workers.
 -> (artifact id: '4ad8faa2cfa271c38346b874cbc84f4c') in 0.021097 seconds
Number of updated asset objects reloaded before import = 0
Number of asset objects unloaded after import = 3
========================================================================
Received Import Request.
  Time since last request: 0.000052 seconds.
  path: Assets/Palette/cliffside_23.asset
  artifactKey: Guid(7d7e5175121720348a2877710f529029) Importer(2089858483,0ecaa5967403d082aa24f35e1b516d23)
Start importing Assets/Palette/cliffside_23.asset using Guid(7d7e5175121720348a2877710f529029) Importer(2089858483,0ecaa5967403d082aa24f35e1b516d23) [PhysX] Initialized MultithreadedTaskDispatcher with 8 workers.
 -> (artifact id: '44eb7345563dc01118a954365671c51a') in 0.020591 seconds
Number of updated asset objects reloaded before import = 0
Number of asset objects unloaded after import = 3
========================================================================
Received Import Request.
  Time since last request: 0.000038 seconds.
  path: Assets/Palette/cliffside_16.asset
  artifactKey: Guid(25deecacc61ddb14cb840c51a3c2ff72) Importer(2089858483,0ecaa5967403d082aa24f35e1b516d23)
Start importing Assets/Palette/cliffside_16.asset using Guid(25deecacc61ddb14cb840c51a3c2ff72) Importer(2089858483,0ecaa5967403d082aa24f35e1b516d23) [PhysX] Initialized MultithreadedTaskDispatcher with 8 workers.
 -> (artifact id: '3a17230afce0fec103c831ea61fa7ca9') in 0.020879 seconds
Number of updated asset objects reloaded before import = 0
Number of asset objects unloaded after import = 3
========================================================================
Received Import Request.
  Time since last request: 0.000046 seconds.
  path: Assets/Palette/cliffside_53.asset
  artifactKey: Guid(5160534991857f44f93cd9a8285c5377) Importer(2089858483,0ecaa5967403d082aa24f35e1b516d23)
Start importing Assets/Palette/cliffside_53.asset using Guid(5160534991857f44f93cd9a8285c5377) Importer(2089858483,0ecaa5967403d082aa24f35e1b516d23) [PhysX] Initialized MultithreadedTaskDispatcher with 8 workers.
 -> (artifact id: '2398038d1c893aacc409ad033b5f967b') in 0.026456 seconds
Number of updated asset objects reloaded before import = 0
Number of asset objects unloaded after import = 3
========================================================================
Received Import Request.
  Time since last request: 0.000044 seconds.
  path: Assets/Palette/cliffside_44.asset
  artifactKey: Guid(1ff4472f4386d9446baf34a16e53cfa5) Importer(2089858483,0ecaa5967403d082aa24f35e1b516d23)
Start importing Assets/Palette/cliffside_44.asset using Guid(1ff4472f4386d9446baf34a16e53cfa5) Importer(2089858483,0ecaa5967403d082aa24f35e1b516d23) [PhysX] Initialized MultithreadedTaskDispatcher with 8 workers.
 -> (artifact id: '84b290fa302fa742ade78a2390ba3bd2') in 0.023630 seconds
Number of updated asset objects reloaded before import = 0
Number of asset objects unloaded after import = 3
========================================================================
Received Import Request.
  Time since last request: 0.000027 seconds.
  path: Assets/Palette/cliffside_25.asset
  artifactKey: Guid(e9cc75dcea561da4b8fc759a239abb57) Importer(2089858483,0ecaa5967403d082aa24f35e1b516d23)
Start importing Assets/Palette/cliffside_25.asset using Guid(e9cc75dcea561da4b8fc759a239abb57) Importer(2089858483,0ecaa5967403d082aa24f35e1b516d23) [PhysX] Initialized MultithreadedTaskDispatcher with 8 workers.
 -> (artifact id: 'c929ccc1e7bc43e3b76a989611993708') in 0.024896 seconds
Number of updated asset objects reloaded before import = 0
Number of asset objects unloaded after import = 3
========================================================================
Received Import Request.
  Time since last request: 0.000036 seconds.
  path: Assets/Palette/cliffsideAlt_88.asset
  artifactKey: Guid(bccc1aab357fe8d488d33db968f50c33) Importer(2089858483,0ecaa5967403d082aa24f35e1b516d23)
Start importing Assets/Palette/cliffsideAlt_88.asset using Guid(bccc1aab357fe8d488d33db968f50c33) Importer(2089858483,0ecaa5967403d082aa24f35e1b516d23) [PhysX] Initialized MultithreadedTaskDispatcher with 8 workers.
 -> (artifact id: '348bac1ee43c6b0e48d9084f1ccd7436') in 0.025011 seconds
Number of updated asset objects reloaded before import = 0
Number of asset objects unloaded after import = 3
========================================================================
Received Import Request.
  Time since last request: 0.000031 seconds.
  path: Assets/Palette/cliffside_18.asset
  artifactKey: Guid(b9a38a3eb6a3aa4498d65bd284f06912) Importer(2089858483,0ecaa5967403d082aa24f35e1b516d23)
Start importing Assets/Palette/cliffside_18.asset using Guid(b9a38a3eb6a3aa4498d65bd284f06912) Importer(2089858483,0ecaa5967403d082aa24f35e1b516d23) [PhysX] Initialized MultithreadedTaskDispatcher with 8 workers.
 -> (artifact id: '93e78b8a83894f1badac487d3141f6f0') in 0.021119 seconds
Number of updated asset objects reloaded before import = 0
Number of asset objects unloaded after import = 3
========================================================================
Received Import Request.
  Time since last request: 0.000039 seconds.
  path: Assets/Palette/cliffside_46.asset
  artifactKey: Guid(247c10bfda6d76843b375fda73b767a2) Importer(2089858483,0ecaa5967403d082aa24f35e1b516d23)
Start importing Assets/Palette/cliffside_46.asset using Guid(247c10bfda6d76843b375fda73b767a2) Importer(2089858483,0ecaa5967403d082aa24f35e1b516d23) [PhysX] Initialized MultithreadedTaskDispatcher with 8 workers.
 -> (artifact id: 'ef06921b9548bd3115d9badaea6adec4') in 0.019491 seconds
Number of updated asset objects reloaded before import = 0
Number of asset objects unloaded after import = 3
========================================================================
Received Import Request.
  Time since last request: 0.000030 seconds.
  path: Assets/Palette/cliffside_20.asset
  artifactKey: Guid(4dc0a060eeb111245a7830ebf0f559da) Importer(2089858483,0ecaa5967403d082aa24f35e1b516d23)
Start importing Assets/Palette/cliffside_20.asset using Guid(4dc0a060eeb111245a7830ebf0f559da) Importer(2089858483,0ecaa5967403d082aa24f35e1b516d23) [PhysX] Initialized MultithreadedTaskDispatcher with 8 workers.
 -> (artifact id: 'e2d0b10a5925724c094047c48b9370c9') in 0.019697 seconds
Number of updated asset objects reloaded before import = 0
Number of asset objects unloaded after import = 3
========================================================================
Received Import Request.
  Time since last request: 0.000024 seconds.
  path: Assets/Palette/cliffsideAlt_85.asset
  artifactKey: Guid(72a473ab81e81cf4699101106d0d6f1a) Importer(2089858483,0ecaa5967403d082aa24f35e1b516d23)
Start importing Assets/Palette/cliffsideAlt_85.asset using Guid(72a473ab81e81cf4699101106d0d6f1a) Importer(2089858483,0ecaa5967403d082aa24f35e1b516d23) [PhysX] Initialized MultithreadedTaskDispatcher with 8 workers.
 -> (artifact id: '1741c2bae6ba4a080de70d531c850bc9') in 0.020866 seconds
Number of updated asset objects reloaded before import = 0
Number of asset objects unloaded after import = 3
========================================================================
Received Import Request.
  Time since last request: 0.000027 seconds.
  path: Assets/Palette/cliffside_63.asset
  artifactKey: Guid(8c2bb60a1f0d30844967b48f9f63292b) Importer(2089858483,0ecaa5967403d082aa24f35e1b516d23)
Start importing Assets/Palette/cliffside_63.asset using Guid(8c2bb60a1f0d30844967b48f9f63292b) Importer(2089858483,0ecaa5967403d082aa24f35e1b516d23) [PhysX] Initialized MultithreadedTaskDispatcher with 8 workers.
 -> (artifact id: '961935faea1fb28e00fb5445f996deb6') in 0.022899 seconds
Number of updated asset objects reloaded before import = 0
Number of asset objects unloaded after import = 3
========================================================================
Received Import Request.
  Time since last request: 0.000029 seconds.
  path: Assets/Palette/cliffside_77.asset
  artifactKey: Guid(b731a53b4b7206349b6f4ba93fd2de1f) Importer(2089858483,0ecaa5967403d082aa24f35e1b516d23)
Start importing Assets/Palette/cliffside_77.asset using Guid(b731a53b4b7206349b6f4ba93fd2de1f) Importer(2089858483,0ecaa5967403d082aa24f35e1b516d23) [PhysX] Initialized MultithreadedTaskDispatcher with 8 workers.
 -> (artifact id: '90332098fa88fbbbc887c23857af553a') in 0.024058 seconds
Number of updated asset objects reloaded before import = 0
Number of asset objects unloaded after import = 3
========================================================================
Received Import Request.
  Time since last request: 0.000038 seconds.
  path: Assets/Palette/cliffside_59.asset
  artifactKey: Guid(3029b2f2b004c7748b4eefe2d65fdafd) Importer(2089858483,0ecaa5967403d082aa24f35e1b516d23)
Start importing Assets/Palette/cliffside_59.asset using Guid(3029b2f2b004c7748b4eefe2d65fdafd) Importer(2089858483,0ecaa5967403d082aa24f35e1b516d23) [PhysX] Initialized MultithreadedTaskDispatcher with 8 workers.
 -> (artifact id: '2ed58bd9a9597e011d952e5e6c868593') in 0.028605 seconds
Number of updated asset objects reloaded before import = 0
Number of asset objects unloaded after import = 3
========================================================================
Received Import Request.
  Time since last request: 0.000049 seconds.
  path: Assets/Palette/grass tileset_116.asset
  artifactKey: Guid(d94e4ae37046a0d46ab8b4370e365c89) Importer(2089858483,0ecaa5967403d082aa24f35e1b516d23)
Start importing Assets/Palette/grass tileset_116.asset using Guid(d94e4ae37046a0d46ab8b4370e365c89) Importer(2089858483,0ecaa5967403d082aa24f35e1b516d23) [PhysX] Initialized MultithreadedTaskDispatcher with 8 workers.
 -> (artifact id: 'de124e4d582b00994ab4a06492d9d6f7') in 0.026960 seconds
Number of updated asset objects reloaded before import = 0
Number of asset objects unloaded after import = 3
========================================================================
Received Import Request.
  Time since last request: 0.000034 seconds.
  path: Assets/Palette/grass tileset_105.asset
  artifactKey: Guid(8c5ed2b1d60f7cd4a8434eb49b4093bf) Importer(2089858483,0ecaa5967403d082aa24f35e1b516d23)
Start importing Assets/Palette/grass tileset_105.asset using Guid(8c5ed2b1d60f7cd4a8434eb49b4093bf) Importer(2089858483,0ecaa5967403d082aa24f35e1b516d23) [PhysX] Initialized MultithreadedTaskDispatcher with 8 workers.
 -> (artifact id: '2223734bbae9ae000c606870ac09dab2') in 0.021978 seconds
Number of updated asset objects reloaded before import = 0
Number of asset objects unloaded after import = 3
========================================================================
Received Import Request.
  Time since last request: 0.000041 seconds.
  path: Assets/Palette/grass tileset_120.asset
  artifactKey: Guid(92c513e0934e413408669d3106aa9442) Importer(2089858483,0ecaa5967403d082aa24f35e1b516d23)
Start importing Assets/Palette/grass tileset_120.asset using Guid(92c513e0934e413408669d3106aa9442) Importer(2089858483,0ecaa5967403d082aa24f35e1b516d23) [PhysX] Initialized MultithreadedTaskDispatcher with 8 workers.
 -> (artifact id: '720d4b9f0aa460eec3544c021ad13370') in 0.021822 seconds
Number of updated asset objects reloaded before import = 0
Number of asset objects unloaded after import = 3
========================================================================
Received Import Request.
  Time since last request: 0.000041 seconds.
  path: Assets/Palette/grass tileset_0.asset
  artifactKey: Guid(19e3bf9d13c403d4589358179c285cf1) Importer(2089858483,0ecaa5967403d082aa24f35e1b516d23)
Start importing Assets/Palette/grass tileset_0.asset using Guid(19e3bf9d13c403d4589358179c285cf1) Importer(2089858483,0ecaa5967403d082aa24f35e1b516d23) [PhysX] Initialized MultithreadedTaskDispatcher with 8 workers.
 -> (artifact id: 'b0315d4c96de294d3df31d34e986beae') in 0.021927 seconds
Number of updated asset objects reloaded before import = 0
Number of asset objects unloaded after import = 3
========================================================================
Received Import Request.
  Time since last request: 0.000034 seconds.
  path: Assets/Palette/cliffside_71.asset
  artifactKey: Guid(9bc706fc0acd83a4b854799a8695b6b5) Importer(2089858483,0ecaa5967403d082aa24f35e1b516d23)
Start importing Assets/Palette/cliffside_71.asset using Guid(9bc706fc0acd83a4b854799a8695b6b5) Importer(2089858483,0ecaa5967403d082aa24f35e1b516d23) [PhysX] Initialized MultithreadedTaskDispatcher with 8 workers.
 -> (artifact id: '06b26574e26be3e6191defd1d3c97f08') in 0.020465 seconds
Number of updated asset objects reloaded before import = 0
Number of asset objects unloaded after import = 3
========================================================================
Received Import Request.
  Time since last request: 0.000047 seconds.
  path: Assets/Palette/cliffside_58.asset
  artifactKey: Guid(ead7b3562e72cf649bb5dd4a841b2dbb) Importer(2089858483,0ecaa5967403d082aa24f35e1b516d23)
Start importing Assets/Palette/cliffside_58.asset using Guid(ead7b3562e72cf649bb5dd4a841b2dbb) Importer(2089858483,0ecaa5967403d082aa24f35e1b516d23) [PhysX] Initialized MultithreadedTaskDispatcher with 8 workers.
 -> (artifact id: '24682be1acc3adfc4e0879593b085729') in 0.023297 seconds
Number of updated asset objects reloaded before import = 0
Number of asset objects unloaded after import = 3
========================================================================
Received Import Request.
  Time since last request: 0.000029 seconds.
  path: Assets/Palette/cliffside_9.asset
  artifactKey: Guid(da1c64aa463cb14428e210f6cce36d66) Importer(2089858483,0ecaa5967403d082aa24f35e1b516d23)
Start importing Assets/Palette/cliffside_9.asset using Guid(da1c64aa463cb14428e210f6cce36d66) Importer(2089858483,0ecaa5967403d082aa24f35e1b516d23) [PhysX] Initialized MultithreadedTaskDispatcher with 8 workers.
 -> (artifact id: '0cd2afb45014ea7083627fba6a43076d') in 0.023873 seconds
Number of updated asset objects reloaded before import = 0
Number of asset objects unloaded after import = 3
========================================================================
Received Import Request.
  Time since last request: 0.000028 seconds.
  path: Assets/Palette/cliffside_65.asset
  artifactKey: Guid(984087fd587f42a4696b7afd472cf07c) Importer(2089858483,0ecaa5967403d082aa24f35e1b516d23)
Start importing Assets/Palette/cliffside_65.asset using Guid(984087fd587f42a4696b7afd472cf07c) Importer(2089858483,0ecaa5967403d082aa24f35e1b516d23) [PhysX] Initialized MultithreadedTaskDispatcher with 8 workers.
 -> (artifact id: '8311086c17eb6ba4744186e3d0f4d815') in 0.022671 seconds
Number of updated asset objects reloaded before import = 0
Number of asset objects unloaded after import = 3
========================================================================
Received Import Request.
  Time since last request: 0.000028 seconds.
  path: Assets/Palette/cliffside_86.asset
  artifactKey: Guid(7f7b35ef12e5b4e47a05f049ae1fc4c1) Importer(2089858483,0ecaa5967403d082aa24f35e1b516d23)
Start importing Assets/Palette/cliffside_86.asset using Guid(7f7b35ef12e5b4e47a05f049ae1fc4c1) Importer(2089858483,0ecaa5967403d082aa24f35e1b516d23) [PhysX] Initialized MultithreadedTaskDispatcher with 8 workers.
 -> (artifact id: 'd90b4f0f4f252533e5529e20ee6f22aa') in 0.027443 seconds
Number of updated asset objects reloaded before import = 0
Number of asset objects unloaded after import = 3
========================================================================
Received Import Request.
  Time since last request: 0.000045 seconds.
  path: Assets/Palette/grass tileset_121.asset
  artifactKey: Guid(673c6daed12b5294a91b09476a54b05b) Importer(2089858483,0ecaa5967403d082aa24f35e1b516d23)
Start importing Assets/Palette/grass tileset_121.asset using Guid(673c6daed12b5294a91b09476a54b05b) Importer(2089858483,0ecaa5967403d082aa24f35e1b516d23) [PhysX] Initialized MultithreadedTaskDispatcher with 8 workers.
 -> (artifact id: '18642fe97a2efec17a98f99efff9f6ca') in 0.023724 seconds
Number of updated asset objects reloaded before import = 0
Number of asset objects unloaded after import = 3
========================================================================
Received Import Request.
  Time since last request: 0.000045 seconds.
  path: Assets/Palette/cliffside_66.asset
  artifactKey: Guid(e40730cf94a75d54cba0710ce0b4faef) Importer(2089858483,0ecaa5967403d082aa24f35e1b516d23)
Start importing Assets/Palette/cliffside_66.asset using Guid(e40730cf94a75d54cba0710ce0b4faef) Importer(2089858483,0ecaa5967403d082aa24f35e1b516d23) [PhysX] Initialized MultithreadedTaskDispatcher with 8 workers.
 -> (artifact id: '37f2b0dbf76460f88f8271508d18457a') in 0.023358 seconds
Number of updated asset objects reloaded before import = 0
Number of asset objects unloaded after import = 3
========================================================================
Received Import Request.
  Time since last request: 0.000025 seconds.
  path: Assets/Palette/cliffside_82.asset
  artifactKey: Guid(110542c122c24ee4a880b2876e9e4482) Importer(2089858483,0ecaa5967403d082aa24f35e1b516d23)
Start importing Assets/Palette/cliffside_82.asset using Guid(110542c122c24ee4a880b2876e9e4482) Importer(2089858483,0ecaa5967403d082aa24f35e1b516d23) [PhysX] Initialized MultithreadedTaskDispatcher with 8 workers.
 -> (artifact id: '982230efb9bb300d96adad09a014e25c') in 0.020462 seconds
Number of updated asset objects reloaded before import = 0
Number of asset objects unloaded after import = 3
========================================================================
Received Import Request.
  Time since last request: 0.000032 seconds.
  path: Assets/Palette/grass tileset_119.asset
  artifactKey: Guid(293bca078b9cac94c8a5277572fa8beb) Importer(2089858483,0ecaa5967403d082aa24f35e1b516d23)
Start importing Assets/Palette/grass tileset_119.asset using Guid(293bca078b9cac94c8a5277572fa8beb) Importer(2089858483,0ecaa5967403d082aa24f35e1b516d23) [PhysX] Initialized MultithreadedTaskDispatcher with 8 workers.
 -> (artifact id: '54a7b069cdfed19b81e79d8216370fc5') in 0.026468 seconds
Number of updated asset objects reloaded before import = 0
Number of asset objects unloaded after import = 3
========================================================================
Received Import Request.
  Time since last request: 0.000042 seconds.
  path: Assets/Palette/grass tileset_115.asset
  artifactKey: Guid(5cc76f103352e8d468b12f38f82889a8) Importer(2089858483,0ecaa5967403d082aa24f35e1b516d23)
Start importing Assets/Palette/grass tileset_115.asset using Guid(5cc76f103352e8d468b12f38f82889a8) Importer(2089858483,0ecaa5967403d082aa24f35e1b516d23) [PhysX] Initialized MultithreadedTaskDispatcher with 8 workers.
 -> (artifact id: '059002cce45c436049e9e941fec9a60f') in 0.020650 seconds
Number of updated asset objects reloaded before import = 0
Number of asset objects unloaded after import = 3
========================================================================
Received Import Request.
  Time since last request: 0.000025 seconds.
  path: Assets/Palette/cliffside_68.asset
  artifactKey: Guid(6924d77efaa9aec4589f5ae577db308b) Importer(2089858483,0ecaa5967403d082aa24f35e1b516d23)
Start importing Assets/Palette/cliffside_68.asset using Guid(6924d77efaa9aec4589f5ae577db308b) Importer(2089858483,0ecaa5967403d082aa24f35e1b516d23) [PhysX] Initialized MultithreadedTaskDispatcher with 8 workers.
 -> (artifact id: '402305701ceb5a1ed233151c3852681b') in 0.026484 seconds
Number of updated asset objects reloaded before import = 0
Number of asset objects unloaded after import = 3
========================================================================
Received Import Request.
  Time since last request: 0.000036 seconds.
  path: Assets/Palette/grass tileset_1.asset
  artifactKey: Guid(d72982adaeab7f4429a9138e11c9f689) Importer(2089858483,0ecaa5967403d082aa24f35e1b516d23)
Start importing Assets/Palette/grass tileset_1.asset using Guid(d72982adaeab7f4429a9138e11c9f689) Importer(2089858483,0ecaa5967403d082aa24f35e1b516d23) [PhysX] Initialized MultithreadedTaskDispatcher with 8 workers.
 -> (artifact id: '955e3e42c15d84ce42bddac7ca337ba7') in 0.020672 seconds
Number of updated asset objects reloaded before import = 0
Number of asset objects unloaded after import = 3
========================================================================
Received Import Request.
  Time since last request: 0.000031 seconds.
  path: Assets/Palette/grass tileset_11.asset
  artifactKey: Guid(a9d9c6d517409c74e8ccb20ee086d0df) Importer(2089858483,0ecaa5967403d082aa24f35e1b516d23)
Start importing Assets/Palette/grass tileset_11.asset using Guid(a9d9c6d517409c74e8ccb20ee086d0df) Importer(2089858483,0ecaa5967403d082aa24f35e1b516d23) [PhysX] Initialized MultithreadedTaskDispatcher with 8 workers.
 -> (artifact id: '632f2b739c82bd625e9130627dbc152d') in 0.022844 seconds
Number of updated asset objects reloaded before import = 0
Number of asset objects unloaded after import = 3
========================================================================
Received Import Request.
  Time since last request: 0.000041 seconds.
  path: Assets/Palette/cliffside_89.asset
  artifactKey: Guid(6b591911c7986524e8d030cc92be8930) Importer(2089858483,0ecaa5967403d082aa24f35e1b516d23)
Start importing Assets/Palette/cliffside_89.asset using Guid(6b591911c7986524e8d030cc92be8930) Importer(2089858483,0ecaa5967403d082aa24f35e1b516d23) [PhysX] Initialized MultithreadedTaskDispatcher with 8 workers.
 -> (artifact id: 'e26f3d60bed8627142de40e6d860f66f') in 0.023548 seconds
Number of updated asset objects reloaded before import = 0
Number of asset objects unloaded after import = 3
========================================================================
Received Import Request.
  Time since last request: 0.000043 seconds.
  path: Assets/Palette/cliffside_61.asset
  artifactKey: Guid(7af98bc2c41cc4945984ef50694b621e) Importer(2089858483,0ecaa5967403d082aa24f35e1b516d23)
Start importing Assets/Palette/cliffside_61.asset using Guid(7af98bc2c41cc4945984ef50694b621e) Importer(2089858483,0ecaa5967403d082aa24f35e1b516d23) [PhysX] Initialized MultithreadedTaskDispatcher with 8 workers.
 -> (artifact id: 'ec8d7395dad7fd63f5ec018149196e00') in 0.022750 seconds
Number of updated asset objects reloaded before import = 0
Number of asset objects unloaded after import = 3
========================================================================
Received Import Request.
  Time since last request: 0.000028 seconds.
  path: Assets/Palette/grass tileset_108.asset
  artifactKey: Guid(0f22a60609e9d9443a45ebe86ae55d11) Importer(2089858483,0ecaa5967403d082aa24f35e1b516d23)
Start importing Assets/Palette/grass tileset_108.asset using Guid(0f22a60609e9d9443a45ebe86ae55d11) Importer(2089858483,0ecaa5967403d082aa24f35e1b516d23) [PhysX] Initialized MultithreadedTaskDispatcher with 8 workers.
 -> (artifact id: '2455cb41ef155c8ca06e8203d2c873b2') in 0.021243 seconds
Number of updated asset objects reloaded before import = 0
Number of asset objects unloaded after import = 3
========================================================================
Received Import Request.
  Time since last request: 0.000029 seconds.
  path: Assets/Palette/cliffside_56.asset
  artifactKey: Guid(4d81ba3de2677ce4099454f14c1411eb) Importer(2089858483,0ecaa5967403d082aa24f35e1b516d23)
Start importing Assets/Palette/cliffside_56.asset using Guid(4d81ba3de2677ce4099454f14c1411eb) Importer(2089858483,0ecaa5967403d082aa24f35e1b516d23) [PhysX] Initialized MultithreadedTaskDispatcher with 8 workers.
 -> (artifact id: '0e682c694ebc9ee14388d6040632a3db') in 0.025135 seconds
Number of updated asset objects reloaded before import = 0
Number of asset objects unloaded after import = 3
========================================================================
Received Import Request.
  Time since last request: 0.000032 seconds.
  path: Assets/Palette/cliffside_74.asset
  artifactKey: Guid(cb0bb7ba6f9bd4049910b7cc3b9a3a18) Importer(2089858483,0ecaa5967403d082aa24f35e1b516d23)
Start importing Assets/Palette/cliffside_74.asset using Guid(cb0bb7ba6f9bd4049910b7cc3b9a3a18) Importer(2089858483,0ecaa5967403d082aa24f35e1b516d23) [PhysX] Initialized MultithreadedTaskDispatcher with 8 workers.
 -> (artifact id: '2a1a938b4955ea222a329cb4d4dddac4') in 0.024632 seconds
Number of updated asset objects reloaded before import = 0
Number of asset objects unloaded after import = 3
========================================================================
Received Import Request.
  Time since last request: 0.000050 seconds.
  path: Assets/Palette/grass tileset_100.asset
  artifactKey: Guid(203f7edaf3563064880c2db86a221ba3) Importer(2089858483,0ecaa5967403d082aa24f35e1b516d23)
Start importing Assets/Palette/grass tileset_100.asset using Guid(203f7edaf3563064880c2db86a221ba3) Importer(2089858483,0ecaa5967403d082aa24f35e1b516d23) [PhysX] Initialized MultithreadedTaskDispatcher with 8 workers.
 -> (artifact id: 'e3bd7c5f5633d0b1d89d3a797f409ccc') in 0.022797 seconds
Number of updated asset objects reloaded before import = 0
Number of asset objects unloaded after import = 3
========================================================================
Received Import Request.
  Time since last request: 0.000030 seconds.
  path: Assets/Palette/cliffside_70.asset
  artifactKey: Guid(15683f9874c816945a6c13b9215ca79e) Importer(2089858483,0ecaa5967403d082aa24f35e1b516d23)
Start importing Assets/Palette/cliffside_70.asset using Guid(15683f9874c816945a6c13b9215ca79e) Importer(2089858483,0ecaa5967403d082aa24f35e1b516d23) [PhysX] Initialized MultithreadedTaskDispatcher with 8 workers.
 -> (artifact id: '0549b66d6d9fc2693f9ff2d1a02621fd') in 0.027667 seconds
Number of updated asset objects reloaded before import = 0
Number of asset objects unloaded after import = 3
========================================================================
Received Import Request.
  Time since last request: 0.000039 seconds.
  path: Assets/Palette/grass tileset_107.asset
  artifactKey: Guid(46143b16ec773bf4bb94247f03928865) Importer(2089858483,0ecaa5967403d082aa24f35e1b516d23)
Start importing Assets/Palette/grass tileset_107.asset using Guid(46143b16ec773bf4bb94247f03928865) Importer(2089858483,0ecaa5967403d082aa24f35e1b516d23) [PhysX] Initialized MultithreadedTaskDispatcher with 8 workers.
 -> (artifact id: '0e6086a4aa9e386bf2fbddbbfe6e458e') in 0.020249 seconds
Number of updated asset objects reloaded before import = 0
Number of asset objects unloaded after import = 3
========================================================================
Received Import Request.
  Time since last request: 0.000047 seconds.
  path: Assets/Palette/grass tileset_117.asset
  artifactKey: Guid(cea090dcb138cae409f762e6169708c5) Importer(2089858483,0ecaa5967403d082aa24f35e1b516d23)
Start importing Assets/Palette/grass tileset_117.asset using Guid(cea090dcb138cae409f762e6169708c5) Importer(2089858483,0ecaa5967403d082aa24f35e1b516d23) [PhysX] Initialized MultithreadedTaskDispatcher with 8 workers.
 -> (artifact id: 'f490dca8f306c779739fb42a3d70e8a8') in 0.020681 seconds
Number of updated asset objects reloaded before import = 0
Number of asset objects unloaded after import = 3
========================================================================
Received Import Request.
  Time since last request: 0.000036 seconds.
  path: Assets/Palette/cliffside_57.asset
  artifactKey: Guid(92bdf297a478422448a0e060396c65df) Importer(2089858483,0ecaa5967403d082aa24f35e1b516d23)
Start importing Assets/Palette/cliffside_57.asset using Guid(92bdf297a478422448a0e060396c65df) Importer(2089858483,0ecaa5967403d082aa24f35e1b516d23) [PhysX] Initialized MultithreadedTaskDispatcher with 8 workers.
 -> (artifact id: '096315c077b418f306424f8b5befe129') in 0.025088 seconds
Number of updated asset objects reloaded before import = 0
Number of asset objects unloaded after import = 3
========================================================================
Received Import Request.
  Time since last request: 0.000038 seconds.
  path: Assets/Palette/cliffside_80.asset
  artifactKey: Guid(737edf8135ed5a1408c45f011df253bb) Importer(2089858483,0ecaa5967403d082aa24f35e1b516d23)
Start importing Assets/Palette/cliffside_80.asset using Guid(737edf8135ed5a1408c45f011df253bb) Importer(2089858483,0ecaa5967403d082aa24f35e1b516d23) [PhysX] Initialized MultithreadedTaskDispatcher with 8 workers.
 -> (artifact id: '2ced681811ccbd4886e2e00a1d20c184') in 0.024937 seconds
Number of updated asset objects reloaded before import = 0
Number of asset objects unloaded after import = 3
========================================================================
Received Import Request.
  Time since last request: 0.000035 seconds.
  path: Assets/Palette/cliffside_21.asset
  artifactKey: Guid(3779aea1846b1f642bcabfb5f59a5fc7) Importer(2089858483,0ecaa5967403d082aa24f35e1b516d23)
Start importing Assets/Palette/cliffside_21.asset using Guid(3779aea1846b1f642bcabfb5f59a5fc7) Importer(2089858483,0ecaa5967403d082aa24f35e1b516d23) [PhysX] Initialized MultithreadedTaskDispatcher with 8 workers.
 -> (artifact id: 'f022e93711b66d6bc31d300ca0f81531') in 0.024750 seconds
Number of updated asset objects reloaded before import = 0
Number of asset objects unloaded after import = 3
========================================================================
Received Import Request.
  Time since last request: 0.000043 seconds.
  path: Assets/Palette/grass tileset_129.asset
  artifactKey: Guid(711930dbeed2c49469c687c7067d9a15) Importer(2089858483,0ecaa5967403d082aa24f35e1b516d23)
Start importing Assets/Palette/grass tileset_129.asset using Guid(711930dbeed2c49469c687c7067d9a15) Importer(2089858483,0ecaa5967403d082aa24f35e1b516d23) [PhysX] Initialized MultithreadedTaskDispatcher with 8 workers.
 -> (artifact id: '4c86b4d75d3f8c3dc42f7c4dcd1ae0a2') in 0.022628 seconds
Number of updated asset objects reloaded before import = 0
Number of asset objects unloaded after import = 3
========================================================================
Received Import Request.
  Time since last request: 0.000036 seconds.
  path: Assets/Palette/grass tileset_136.asset
  artifactKey: Guid(a857d1377c4b5954f94b5760d14ec0ee) Importer(2089858483,0ecaa5967403d082aa24f35e1b516d23)
Start importing Assets/Palette/grass tileset_136.asset using Guid(a857d1377c4b5954f94b5760d14ec0ee) Importer(2089858483,0ecaa5967403d082aa24f35e1b516d23) [PhysX] Initialized MultithreadedTaskDispatcher with 8 workers.
 -> (artifact id: '35480c02c6e33f0a5d38a2286b57a364') in 0.034595 seconds
Number of updated asset objects reloaded before import = 0
Number of asset objects unloaded after import = 3
========================================================================
Received Import Request.
  Time since last request: 0.000049 seconds.
  path: Assets/Palette/grass tileset_160.asset
  artifactKey: Guid(cc592d83649d0844b90101a9909088e0) Importer(2089858483,0ecaa5967403d082aa24f35e1b516d23)
Start importing Assets/Palette/grass tileset_160.asset using Guid(cc592d83649d0844b90101a9909088e0) Importer(2089858483,0ecaa5967403d082aa24f35e1b516d23) [PhysX] Initialized MultithreadedTaskDispatcher with 8 workers.
 -> (artifact id: '2fbc07f93e2b7190122d888b0c2bb7af') in 0.022652 seconds
Number of updated asset objects reloaded before import = 0
Number of asset objects unloaded after import = 3
========================================================================
Received Import Request.
  Time since last request: 0.000057 seconds.
  path: Assets/Palette/grass tileset_164.asset
  artifactKey: Guid(d9b49ddfa2fa6f0469687d5ee570e292) Importer(2089858483,0ecaa5967403d082aa24f35e1b516d23)
Start importing Assets/Palette/grass tileset_164.asset using Guid(d9b49ddfa2fa6f0469687d5ee570e292) Importer(2089858483,0ecaa5967403d082aa24f35e1b516d23) [PhysX] Initialized MultithreadedTaskDispatcher with 8 workers.
 -> (artifact id: '99519a6541d1f940b8fba19284a92e13') in 0.029232 seconds
Number of updated asset objects reloaded before import = 0
Number of asset objects unloaded after import = 3
========================================================================
Received Import Request.
  Time since last request: 0.000045 seconds.
  path: Assets/Palette/grass tileset_165.asset
  artifactKey: Guid(e56dd6bf8936ae84c98e4f0854c07ed3) Importer(2089858483,0ecaa5967403d082aa24f35e1b516d23)
Start importing Assets/Palette/grass tileset_165.asset using Guid(e56dd6bf8936ae84c98e4f0854c07ed3) Importer(2089858483,0ecaa5967403d082aa24f35e1b516d23) [PhysX] Initialized MultithreadedTaskDispatcher with 8 workers.
 -> (artifact id: '998216621ad5ced38a629f8ec31b4020') in 0.027033 seconds
Number of updated asset objects reloaded before import = 0
Number of asset objects unloaded after import = 3
========================================================================
Received Import Request.
  Time since last request: 0.000037 seconds.
  path: Assets/Palette/grass tileset_146.asset
  artifactKey: Guid(6794ddcef9d2a3e4aa9a9eb83ce5a64c) Importer(2089858483,0ecaa5967403d082aa24f35e1b516d23)
Start importing Assets/Palette/grass tileset_146.asset using Guid(6794ddcef9d2a3e4aa9a9eb83ce5a64c) Importer(2089858483,0ecaa5967403d082aa24f35e1b516d23) [PhysX] Initialized MultithreadedTaskDispatcher with 8 workers.
 -> (artifact id: '19d3e04aeab8a23effb7f0d627a07558') in 0.024698 seconds
Number of updated asset objects reloaded before import = 0
Number of asset objects unloaded after import = 3
========================================================================
Received Import Request.
  Time since last request: 0.000050 seconds.
  path: Assets/Palette/grass tileset_17.asset
  artifactKey: Guid(249f322cfe160ea4f8d1925632c4ea12) Importer(2089858483,0ecaa5967403d082aa24f35e1b516d23)
Start importing Assets/Palette/grass tileset_17.asset using Guid(249f322cfe160ea4f8d1925632c4ea12) Importer(2089858483,0ecaa5967403d082aa24f35e1b516d23) [PhysX] Initialized MultithreadedTaskDispatcher with 8 workers.
 -> (artifact id: 'f8364044eefe68044ad8f7cf1caa9384') in 0.034369 seconds
Number of updated asset objects reloaded before import = 0
Number of asset objects unloaded after import = 3
========================================================================
Received Import Request.
  Time since last request: 0.000046 seconds.
  path: Assets/Palette/grass tileset_132.asset
  artifactKey: Guid(632b2bb0c594a634785a4a81bcd23014) Importer(2089858483,0ecaa5967403d082aa24f35e1b516d23)
Start importing Assets/Palette/grass tileset_132.asset using Guid(632b2bb0c594a634785a4a81bcd23014) Importer(2089858483,0ecaa5967403d082aa24f35e1b516d23) [PhysX] Initialized MultithreadedTaskDispatcher with 8 workers.
 -> (artifact id: '90ac5a72c4966e8f7ff2a9937b861573') in 0.041172 seconds
Number of updated asset objects reloaded before import = 0
Number of asset objects unloaded after import = 3
========================================================================
Received Import Request.
  Time since last request: 0.000058 seconds.
  path: Assets/Palette/grass tileset_161.asset
  artifactKey: Guid(943e003910a95b24f96fc2bbe2d76c3f) Importer(2089858483,0ecaa5967403d082aa24f35e1b516d23)
Start importing Assets/Palette/grass tileset_161.asset using Guid(943e003910a95b24f96fc2bbe2d76c3f) Importer(2089858483,0ecaa5967403d082aa24f35e1b516d23) [PhysX] Initialized MultithreadedTaskDispatcher with 8 workers.
 -> (artifact id: '7f01a4919e740c10b732935f50bc42c4') in 0.032810 seconds
Number of updated asset objects reloaded before import = 0
Number of asset objects unloaded after import = 3
========================================================================
Received Import Request.
  Time since last request: 0.000056 seconds.
  path: Assets/Palette/grass tileset_18.asset
  artifactKey: Guid(3df30e1279a0d93499a658099dcbe9e7) Importer(2089858483,0ecaa5967403d082aa24f35e1b516d23)
Start importing Assets/Palette/grass tileset_18.asset using Guid(3df30e1279a0d93499a658099dcbe9e7) Importer(2089858483,0ecaa5967403d082aa24f35e1b516d23) [PhysX] Initialized MultithreadedTaskDispatcher with 8 workers.
 -> (artifact id: 'dca610df12a2b2cb886e5450d45d00b8') in 0.026096 seconds
Number of updated asset objects reloaded before import = 0
Number of asset objects unloaded after import = 3
========================================================================
Received Import Request.
  Time since last request: 0.000086 seconds.
  path: Assets/Palette/grass tileset_139.asset
  artifactKey: Guid(24d8bb671ded3ca408345f9ab325c45d) Importer(2089858483,0ecaa5967403d082aa24f35e1b516d23)
Start importing Assets/Palette/grass tileset_139.asset using Guid(24d8bb671ded3ca408345f9ab325c45d) Importer(2089858483,0ecaa5967403d082aa24f35e1b516d23) [PhysX] Initialized MultithreadedTaskDispatcher with 8 workers.
 -> (artifact id: 'fbf4576a7cd78e9c1f46431cbfdb6a3b') in 0.023864 seconds
Number of updated asset objects reloaded before import = 0
Number of asset objects unloaded after import = 3
========================================================================
Received Import Request.
  Time since last request: 0.000036 seconds.
  path: Assets/Palette/grass tileset_171.asset
  artifactKey: Guid(4758ef860f7458a489b0d03b23f547da) Importer(2089858483,0ecaa5967403d082aa24f35e1b516d23)
Start importing Assets/Palette/grass tileset_171.asset using Guid(4758ef860f7458a489b0d03b23f547da) Importer(2089858483,0ecaa5967403d082aa24f35e1b516d23) [PhysX] Initialized MultithreadedTaskDispatcher with 8 workers.
 -> (artifact id: '066db529b31f01011e960d2a1f814b70') in 0.044187 seconds
Number of updated asset objects reloaded before import = 0
Number of asset objects unloaded after import = 3
========================================================================
Received Import Request.
  Time since last request: 0.000037 seconds.
  path: Assets/Palette/grass tileset_128.asset
  artifactKey: Guid(c98c9140fddbd6e4ea90c8249c9f3288) Importer(2089858483,0ecaa5967403d082aa24f35e1b516d23)
Start importing Assets/Palette/grass tileset_128.asset using Guid(c98c9140fddbd6e4ea90c8249c9f3288) Importer(2089858483,0ecaa5967403d082aa24f35e1b516d23) [PhysX] Initialized MultithreadedTaskDispatcher with 8 workers.
 -> (artifact id: '2732d5cee147fb79a62381344e168ea0') in 0.029931 seconds
Number of updated asset objects reloaded before import = 0
Number of asset objects unloaded after import = 3
========================================================================
Received Import Request.
  Time since last request: 0.000037 seconds.
  path: Assets/Palette/grass tileset_133.asset
  artifactKey: Guid(d2c101069e7edd54fafb8cd5858154bc) Importer(2089858483,0ecaa5967403d082aa24f35e1b516d23)
Start importing Assets/Palette/grass tileset_133.asset using Guid(d2c101069e7edd54fafb8cd5858154bc) Importer(2089858483,0ecaa5967403d082aa24f35e1b516d23) [PhysX] Initialized MultithreadedTaskDispatcher with 8 workers.
 -> (artifact id: '8c32953e30ee0f9028d094d48dcaf65b') in 0.025932 seconds
Number of updated asset objects reloaded before import = 0
Number of asset objects unloaded after import = 3
========================================================================
Received Import Request.
  Time since last request: 0.000089 seconds.
  path: Assets/Palette/grass tileset_158.asset
  artifactKey: Guid(1c5e94b5149cf4644b98ce894c4381f1) Importer(2089858483,0ecaa5967403d082aa24f35e1b516d23)
Start importing Assets/Palette/grass tileset_158.asset using Guid(1c5e94b5149cf4644b98ce894c4381f1) Importer(2089858483,0ecaa5967403d082aa24f35e1b516d23) [PhysX] Initialized MultithreadedTaskDispatcher with 8 workers.
 -> (artifact id: '2cec554f7a5a2d12bd96c2c85cdcb376') in 0.023288 seconds
Number of updated asset objects reloaded before import = 0
Number of asset objects unloaded after import = 3
========================================================================
Received Import Request.
  Time since last request: 0.000052 seconds.
  path: Assets/Palette/grass tileset_179.asset
  artifactKey: Guid(48da8a621619dc04482def0c7a2f5759) Importer(2089858483,0ecaa5967403d082aa24f35e1b516d23)
Start importing Assets/Palette/grass tileset_179.asset using Guid(48da8a621619dc04482def0c7a2f5759) Importer(2089858483,0ecaa5967403d082aa24f35e1b516d23) [PhysX] Initialized MultithreadedTaskDispatcher with 8 workers.
 -> (artifact id: '167f74055ddc3ef18a849a7267bfa638') in 0.021569 seconds
Number of updated asset objects reloaded before import = 0
Number of asset objects unloaded after import = 3
========================================================================
Received Import Request.
  Time since last request: 0.000031 seconds.
  path: Assets/Palette/grass tileset_13.asset
  artifactKey: Guid(0cc55f5a2270ccd46a90d26967a29d29) Importer(2089858483,0ecaa5967403d082aa24f35e1b516d23)
Start importing Assets/Palette/grass tileset_13.asset using Guid(0cc55f5a2270ccd46a90d26967a29d29) Importer(2089858483,0ecaa5967403d082aa24f35e1b516d23) [PhysX] Initialized MultithreadedTaskDispatcher with 8 workers.
 -> (artifact id: '39a5d0b957419b8aaadb7c29f029663d') in 0.021867 seconds
Number of updated asset objects reloaded before import = 0
Number of asset objects unloaded after import = 3
========================================================================
Received Import Request.
  Time since last request: 0.000033 seconds.
  path: Assets/Palette/grass tileset_170.asset
  artifactKey: Guid(eeb0467e8be1aba4b8424d3fbe4cdf0b) Importer(2089858483,0ecaa5967403d082aa24f35e1b516d23)
Start importing Assets/Palette/grass tileset_170.asset using Guid(eeb0467e8be1aba4b8424d3fbe4cdf0b) Importer(2089858483,0ecaa5967403d082aa24f35e1b516d23) [PhysX] Initialized MultithreadedTaskDispatcher with 8 workers.
 -> (artifact id: '1e6d1dbe124c10634b60663409ba886f') in 0.027215 seconds
Number of updated asset objects reloaded before import = 0
Number of asset objects unloaded after import = 3
========================================================================
Received Import Request.
  Time since last request: 0.000035 seconds.
  path: Assets/Palette/grass tileset_156.asset
  artifactKey: Guid(199ef39988426e24991dbad60e3b8a32) Importer(2089858483,0ecaa5967403d082aa24f35e1b516d23)
Start importing Assets/Palette/grass tileset_156.asset using Guid(199ef39988426e24991dbad60e3b8a32) Importer(2089858483,0ecaa5967403d082aa24f35e1b516d23) [PhysX] Initialized MultithreadedTaskDispatcher with 8 workers.
 -> (artifact id: '7f864970d0d77aa01d5a18012a38a3b3') in 0.027565 seconds
Number of updated asset objects reloaded before import = 0
Number of asset objects unloaded after import = 3
========================================================================
Received Import Request.
  Time since last request: 0.000044 seconds.
  path: Assets/Palette/grass tileset_135.asset
  artifactKey: Guid(215137a0e15457548978064181cd2549) Importer(2089858483,0ecaa5967403d082aa24f35e1b516d23)
Start importing Assets/Palette/grass tileset_135.asset using Guid(215137a0e15457548978064181cd2549) Importer(2089858483,0ecaa5967403d082aa24f35e1b516d23) [PhysX] Initialized MultithreadedTaskDispatcher with 8 workers.
 -> (artifact id: '7c0f2e3758d32b617e4fcf87af2c889c') in 0.024742 seconds
Number of updated asset objects reloaded before import = 0
Number of asset objects unloaded after import = 3
========================================================================
Received Import Request.
  Time since last request: 0.000051 seconds.
  path: Assets/Palette/grass tileset_163.asset
  artifactKey: Guid(6090a89313abd5a4d8c0594219922f29) Importer(2089858483,0ecaa5967403d082aa24f35e1b516d23)
Start importing Assets/Palette/grass tileset_163.asset using Guid(6090a89313abd5a4d8c0594219922f29) Importer(2089858483,0ecaa5967403d082aa24f35e1b516d23) [PhysX] Initialized MultithreadedTaskDispatcher with 8 workers.
 -> (artifact id: 'db81f1dd461ae6d6facbf4ef7cc99ac9') in 0.024609 seconds
Number of updated asset objects reloaded before import = 0
Number of asset objects unloaded after import = 3
========================================================================
Received Import Request.
  Time since last request: 0.000037 seconds.
  path: Assets/Palette/grass tileset_138.asset
  artifactKey: Guid(2135698c32d66364c88810e7feb58e58) Importer(2089858483,0ecaa5967403d082aa24f35e1b516d23)
Start importing Assets/Palette/grass tileset_138.asset using Guid(2135698c32d66364c88810e7feb58e58) Importer(2089858483,0ecaa5967403d082aa24f35e1b516d23) [PhysX] Initialized MultithreadedTaskDispatcher with 8 workers.
 -> (artifact id: '5d1a081c4a9970b63546893086e25f89') in 0.022263 seconds
Number of updated asset objects reloaded before import = 0
Number of asset objects unloaded after import = 3
========================================================================
Received Import Request.
  Time since last request: 0.000055 seconds.
  path: Assets/Palette/grass tileset_16.asset
  artifactKey: Guid(2a854618be2b15940bd2c9376ea05d1b) Importer(2089858483,0ecaa5967403d082aa24f35e1b516d23)
Start importing Assets/Palette/grass tileset_16.asset using Guid(2a854618be2b15940bd2c9376ea05d1b) Importer(2089858483,0ecaa5967403d082aa24f35e1b516d23) [PhysX] Initialized MultithreadedTaskDispatcher with 8 workers.
 -> (artifact id: 'b8c8ae899b80b3354aacb2f3b5a459d6') in 0.024099 seconds
Number of updated asset objects reloaded before import = 0
Number of asset objects unloaded after import = 3
========================================================================
Received Import Request.
  Time since last request: 0.000027 seconds.
  path: Assets/Palette/grass tileset_159.asset
  artifactKey: Guid(08c9370ca61e4ba409c0aebe28782bd4) Importer(2089858483,0ecaa5967403d082aa24f35e1b516d23)
Start importing Assets/Palette/grass tileset_159.asset using Guid(08c9370ca61e4ba409c0aebe28782bd4) Importer(2089858483,0ecaa5967403d082aa24f35e1b516d23) [PhysX] Initialized MultithreadedTaskDispatcher with 8 workers.
 -> (artifact id: '16a49e5bec97198a2e55a14479c41348') in 0.022142 seconds
Number of updated asset objects reloaded before import = 0
Number of asset objects unloaded after import = 3
========================================================================
Received Import Request.
  Time since last request: 0.000031 seconds.
  path: Assets/Palette/grass tileset_154.asset
  artifactKey: Guid(a2f6ab28c874de24cbd247ae2487fc16) Importer(2089858483,0ecaa5967403d082aa24f35e1b516d23)
Start importing Assets/Palette/grass tileset_154.asset using Guid(a2f6ab28c874de24cbd247ae2487fc16) Importer(2089858483,0ecaa5967403d082aa24f35e1b516d23) [PhysX] Initialized MultithreadedTaskDispatcher with 8 workers.
 -> (artifact id: 'a919d151004b024552275a33ae4e8542') in 0.018165 seconds
Number of updated asset objects reloaded before import = 0
Number of asset objects unloaded after import = 3
========================================================================
Received Import Request.
  Time since last request: 0.000035 seconds.
  path: Assets/Palette/grass tileset_26.asset
  artifactKey: Guid(c3dd5de9f02c65e42b51589d57ac5b30) Importer(2089858483,0ecaa5967403d082aa24f35e1b516d23)
Start importing Assets/Palette/grass tileset_26.asset using Guid(c3dd5de9f02c65e42b51589d57ac5b30) Importer(2089858483,0ecaa5967403d082aa24f35e1b516d23) [PhysX] Initialized MultithreadedTaskDispatcher with 8 workers.
 -> (artifact id: '4f9f9983471d804935663a0ae744b479') in 0.022663 seconds
Number of updated asset objects reloaded before import = 0
Number of asset objects unloaded after import = 3
========================================================================
Received Import Request.
  Time since last request: 0.000160 seconds.
  path: Assets/Palette/grass tileset_3.asset
  artifactKey: Guid(a0e629c3f726d8e439712c66febf397d) Importer(2089858483,0ecaa5967403d082aa24f35e1b516d23)
Start importing Assets/Palette/grass tileset_3.asset using Guid(a0e629c3f726d8e439712c66febf397d) Importer(2089858483,0ecaa5967403d082aa24f35e1b516d23) [PhysX] Initialized MultithreadedTaskDispatcher with 8 workers.
 -> (artifact id: 'c441d3fe5b726c13b50c28848048fdad') in 0.021918 seconds
Number of updated asset objects reloaded before import = 0
Number of asset objects unloaded after import = 3
========================================================================
Received Import Request.
  Time since last request: 0.000036 seconds.
  path: Assets/Palette/grass tileset_37.asset
  artifactKey: Guid(87e74ecd4ef3d2d449bd919d99e71f6e) Importer(2089858483,0ecaa5967403d082aa24f35e1b516d23)
Start importing Assets/Palette/grass tileset_37.asset using Guid(87e74ecd4ef3d2d449bd919d99e71f6e) Importer(2089858483,0ecaa5967403d082aa24f35e1b516d23) [PhysX] Initialized MultithreadedTaskDispatcher with 8 workers.
 -> (artifact id: 'd4973216f1467b3e50653f58bbae1f31') in 0.023568 seconds
Number of updated asset objects reloaded before import = 0
Number of asset objects unloaded after import = 3
========================================================================
Received Import Request.
  Time since last request: 0.000032 seconds.
  path: Assets/Palette/grass tileset_181.asset
  artifactKey: Guid(aba51687727fca341b81522af40d0f9d) Importer(2089858483,0ecaa5967403d082aa24f35e1b516d23)
Start importing Assets/Palette/grass tileset_181.asset using Guid(aba51687727fca341b81522af40d0f9d) Importer(2089858483,0ecaa5967403d082aa24f35e1b516d23) [PhysX] Initialized MultithreadedTaskDispatcher with 8 workers.
 -> (artifact id: 'bbcc9592ff8d9578c73cd2b5aa209507') in 0.022200 seconds
Number of updated asset objects reloaded before import = 0
Number of asset objects unloaded after import = 3
========================================================================
Received Import Request.
  Time since last request: 0.000049 seconds.
  path: Assets/Palette/grass tileset_28.asset
  artifactKey: Guid(485b699102131934c91a7378c7015356) Importer(2089858483,0ecaa5967403d082aa24f35e1b516d23)
Start importing Assets/Palette/grass tileset_28.asset using Guid(485b699102131934c91a7378c7015356) Importer(2089858483,0ecaa5967403d082aa24f35e1b516d23) [PhysX] Initialized MultithreadedTaskDispatcher with 8 workers.
 -> (artifact id: '868a7718e8e86be92e3cad3d2176973d') in 0.024719 seconds
Number of updated asset objects reloaded before import = 0
Number of asset objects unloaded after import = 3
========================================================================
Received Import Request.
  Time since last request: 0.000041 seconds.
  path: Assets/Palette/grass tileset_25.asset
  artifactKey: Guid(188a0d828f43d82458ca38ec4219e8b1) Importer(2089858483,0ecaa5967403d082aa24f35e1b516d23)
Start importing Assets/Palette/grass tileset_25.asset using Guid(188a0d828f43d82458ca38ec4219e8b1) Importer(2089858483,0ecaa5967403d082aa24f35e1b516d23) [PhysX] Initialized MultithreadedTaskDispatcher with 8 workers.
 -> (artifact id: '4c3d8d88d37d47214dea81cf2322b259') in 0.020328 seconds
Number of updated asset objects reloaded before import = 0
Number of asset objects unloaded after import = 3
========================================================================
Received Import Request.
  Time since last request: 0.000040 seconds.
  path: Assets/Palette/grass tileset_187.asset
  artifactKey: Guid(a1f2e10c1204bee4fbdf86bb6b9af68d) Importer(2089858483,0ecaa5967403d082aa24f35e1b516d23)
Start importing Assets/Palette/grass tileset_187.asset using Guid(a1f2e10c1204bee4fbdf86bb6b9af68d) Importer(2089858483,0ecaa5967403d082aa24f35e1b516d23) [PhysX] Initialized MultithreadedTaskDispatcher with 8 workers.
 -> (artifact id: '499f325386f1c3deff2edb92ec83a2ee') in 0.020474 seconds
Number of updated asset objects reloaded before import = 0
Number of asset objects unloaded after import = 3
========================================================================
Received Import Request.
  Time since last request: 0.000028 seconds.
  path: Assets/Palette/grass tileset_19.asset
  artifactKey: Guid(8b824c2d3f0b10b46b12d4e7a842cc68) Importer(2089858483,0ecaa5967403d082aa24f35e1b516d23)
Start importing Assets/Palette/grass tileset_19.asset using Guid(8b824c2d3f0b10b46b12d4e7a842cc68) Importer(2089858483,0ecaa5967403d082aa24f35e1b516d23) [PhysX] Initialized MultithreadedTaskDispatcher with 8 workers.
 -> (artifact id: '6e9dcb41e0404c22b125257fbbd54045') in 0.020268 seconds
Number of updated asset objects reloaded before import = 0
Number of asset objects unloaded after import = 3
========================================================================
Received Import Request.
  Time since last request: 0.000032 seconds.
  path: Assets/Palette/grass tileset_32.asset
  artifactKey: Guid(16a37d15196e1094997626d804dd8f5d) Importer(2089858483,0ecaa5967403d082aa24f35e1b516d23)
Start importing Assets/Palette/grass tileset_32.asset using Guid(16a37d15196e1094997626d804dd8f5d) Importer(2089858483,0ecaa5967403d082aa24f35e1b516d23) [PhysX] Initialized MultithreadedTaskDispatcher with 8 workers.
 -> (artifact id: 'e7de10bd74864cfbd2a3cb4a2b811aaa') in 0.021732 seconds
Number of updated asset objects reloaded before import = 0
Number of asset objects unloaded after import = 3
========================================================================
Received Import Request.
  Time since last request: 0.000035 seconds.
  path: Assets/Palette/grass tileset_44.asset
  artifactKey: Guid(2ff4bab0f18521943b5fc53668b4a8d6) Importer(2089858483,0ecaa5967403d082aa24f35e1b516d23)
Start importing Assets/Palette/grass tileset_44.asset using Guid(2ff4bab0f18521943b5fc53668b4a8d6) Importer(2089858483,0ecaa5967403d082aa24f35e1b516d23) [PhysX] Initialized MultithreadedTaskDispatcher with 8 workers.
 -> (artifact id: '1d908c12b549c9f0fa96309761b8e7c0') in 0.021298 seconds
Number of updated asset objects reloaded before import = 0
Number of asset objects unloaded after import = 3
========================================================================
Received Import Request.
  Time since last request: 0.000029 seconds.
  path: Assets/Palette/grass tileset_2.asset
  artifactKey: Guid(6c7f0b47b6c584b4f93932085e95cd4a) Importer(2089858483,0ecaa5967403d082aa24f35e1b516d23)
Start importing Assets/Palette/grass tileset_2.asset using Guid(6c7f0b47b6c584b4f93932085e95cd4a) Importer(2089858483,0ecaa5967403d082aa24f35e1b516d23) [PhysX] Initialized MultithreadedTaskDispatcher with 8 workers.
 -> (artifact id: 'e67e963c6ee920b5a46ccf07eb31fe7a') in 0.029252 seconds
Number of updated asset objects reloaded before import = 0
Number of asset objects unloaded after import = 3
========================================================================
Received Import Request.
  Time since last request: 0.000042 seconds.
  path: Assets/Palette/grass tileset_40.asset
  artifactKey: Guid(e29495df5172d414d9b4ab24ef8b940d) Importer(2089858483,0ecaa5967403d082aa24f35e1b516d23)
Start importing Assets/Palette/grass tileset_40.asset using Guid(e29495df5172d414d9b4ab24ef8b940d) Importer(2089858483,0ecaa5967403d082aa24f35e1b516d23) [PhysX] Initialized MultithreadedTaskDispatcher with 8 workers.
 -> (artifact id: 'e91bf0dbf7e53061cae45125dc10ec40') in 0.026472 seconds
Number of updated asset objects reloaded before import = 0
Number of asset objects unloaded after import = 3
========================================================================
Received Import Request.
  Time since last request: 0.000034 seconds.
  path: Assets/Palette/grass tileset_190.asset
  artifactKey: Guid(476b668124f835c4390ab90954dd3435) Importer(2089858483,0ecaa5967403d082aa24f35e1b516d23)
Start importing Assets/Palette/grass tileset_190.asset using Guid(476b668124f835c4390ab90954dd3435) Importer(2089858483,0ecaa5967403d082aa24f35e1b516d23) [PhysX] Initialized MultithreadedTaskDispatcher with 8 workers.
 -> (artifact id: 'a473de82e19943a0668109a3769b08c3') in 0.023786 seconds
Number of updated asset objects reloaded before import = 0
Number of asset objects unloaded after import = 3
========================================================================
Received Import Request.
  Time since last request: 0.000051 seconds.
  path: Assets/Palette/grass tileset_191.asset
  artifactKey: Guid(fd779b2a17f4ca84e88fcbeb2b24f8ce) Importer(2089858483,0ecaa5967403d082aa24f35e1b516d23)
Start importing Assets/Palette/grass tileset_191.asset using Guid(fd779b2a17f4ca84e88fcbeb2b24f8ce) Importer(2089858483,0ecaa5967403d082aa24f35e1b516d23) [PhysX] Initialized MultithreadedTaskDispatcher with 8 workers.
 -> (artifact id: '36742a4d32e5ba02a80b9218961a96f1') in 0.025812 seconds
Number of updated asset objects reloaded before import = 0
Number of asset objects unloaded after import = 3
========================================================================
Received Import Request.
  Time since last request: 0.000049 seconds.
  path: Assets/Palette/grass tileset_27.asset
  artifactKey: Guid(52cfae7bd35092a43907ec075617b33a) Importer(2089858483,0ecaa5967403d082aa24f35e1b516d23)
Start importing Assets/Palette/grass tileset_27.asset using Guid(52cfae7bd35092a43907ec075617b33a) Importer(2089858483,0ecaa5967403d082aa24f35e1b516d23) [PhysX] Initialized MultithreadedTaskDispatcher with 8 workers.
 -> (artifact id: '50009f6a00390f72beb90ecde9f89b84') in 0.027005 seconds
Number of updated asset objects reloaded before import = 0
Number of asset objects unloaded after import = 3
========================================================================
Received Import Request.
  Time since last request: 0.000043 seconds.
  path: Assets/Palette/grass tileset_41.asset
  artifactKey: Guid(d732351deeb1d684e965a0c7492cd144) Importer(2089858483,0ecaa5967403d082aa24f35e1b516d23)
Start importing Assets/Palette/grass tileset_41.asset using Guid(d732351deeb1d684e965a0c7492cd144) Importer(2089858483,0ecaa5967403d082aa24f35e1b516d23) [PhysX] Initialized MultithreadedTaskDispatcher with 8 workers.
 -> (artifact id: '45f6e5b9fee5972c78206a652ddb93c0') in 0.024346 seconds
Number of updated asset objects reloaded before import = 0
Number of asset objects unloaded after import = 3
========================================================================
Received Import Request.
  Time since last request: 0.000034 seconds.
  path: Assets/Palette/grass tileset_21.asset
  artifactKey: Guid(5de9c8985a3c1f048b0f7faafaab021e) Importer(2089858483,0ecaa5967403d082aa24f35e1b516d23)
Start importing Assets/Palette/grass tileset_21.asset using Guid(5de9c8985a3c1f048b0f7faafaab021e) Importer(2089858483,0ecaa5967403d082aa24f35e1b516d23) [PhysX] Initialized MultithreadedTaskDispatcher with 8 workers.
 -> (artifact id: '4dfef7a73bd204db7cfc339bbe246988') in 0.021199 seconds
Number of updated asset objects reloaded before import = 0
Number of asset objects unloaded after import = 3
========================================================================
Received Import Request.
  Time since last request: 0.000034 seconds.
  path: Assets/Palette/grass tileset_43.asset
  artifactKey: Guid(57d9e9d5b7613f44aba1c9a0bc55f846) Importer(2089858483,0ecaa5967403d082aa24f35e1b516d23)
Start importing Assets/Palette/grass tileset_43.asset using Guid(57d9e9d5b7613f44aba1c9a0bc55f846) Importer(2089858483,0ecaa5967403d082aa24f35e1b516d23) [PhysX] Initialized MultithreadedTaskDispatcher with 8 workers.
 -> (artifact id: 'f92f79db920d5f8cd13968b95fbbd913') in 0.024888 seconds
Number of updated asset objects reloaded before import = 0
Number of asset objects unloaded after import = 3
========================================================================
Received Import Request.
  Time since last request: 0.000046 seconds.
  path: Assets/Palette/grass tileset_189.asset
  artifactKey: Guid(15612161dda1072448880dd87106279b) Importer(2089858483,0ecaa5967403d082aa24f35e1b516d23)
Start importing Assets/Palette/grass tileset_189.asset using Guid(15612161dda1072448880dd87106279b) Importer(2089858483,0ecaa5967403d082aa24f35e1b516d23) [PhysX] Initialized MultithreadedTaskDispatcher with 8 workers.
 -> (artifact id: '774513f87b78c2ca4574ba8244f0341c') in 0.024262 seconds
Number of updated asset objects reloaded before import = 0
Number of asset objects unloaded after import = 3
========================================================================
Received Import Request.
  Time since last request: 0.000035 seconds.
  path: Assets/Palette/grass tileset_22.asset
  artifactKey: Guid(a27dea7fedd921f478aa2bb033054d45) Importer(2089858483,0ecaa5967403d082aa24f35e1b516d23)
Start importing Assets/Palette/grass tileset_22.asset using Guid(a27dea7fedd921f478aa2bb033054d45) Importer(2089858483,0ecaa5967403d082aa24f35e1b516d23) [PhysX] Initialized MultithreadedTaskDispatcher with 8 workers.
 -> (artifact id: 'a54efdbdc4526cb3111bebeafe252f26') in 0.024798 seconds
Number of updated asset objects reloaded before import = 0
Number of asset objects unloaded after import = 3
========================================================================
Received Import Request.
  Time since last request: 0.000048 seconds.
  path: Assets/Palette/grass tileset_183.asset
  artifactKey: Guid(c383e8a2652bfab4ca3d068b07198d49) Importer(2089858483,0ecaa5967403d082aa24f35e1b516d23)
Start importing Assets/Palette/grass tileset_183.asset using Guid(c383e8a2652bfab4ca3d068b07198d49) Importer(2089858483,0ecaa5967403d082aa24f35e1b516d23) [PhysX] Initialized MultithreadedTaskDispatcher with 8 workers.
 -> (artifact id: 'c119b52b64942ee8ca28698816d8b77f') in 0.025041 seconds
Number of updated asset objects reloaded before import = 0
Number of asset objects unloaded after import = 3
========================================================================
Received Import Request.
  Time since last request: 0.000033 seconds.
  path: Assets/Palette/grass tileset_184.asset
  artifactKey: Guid(a3fd6c56830cada49becc99cc99deaaa) Importer(2089858483,0ecaa5967403d082aa24f35e1b516d23)
Start importing Assets/Palette/grass tileset_184.asset using Guid(a3fd6c56830cada49becc99cc99deaaa) Importer(2089858483,0ecaa5967403d082aa24f35e1b516d23) [PhysX] Initialized MultithreadedTaskDispatcher with 8 workers.
 -> (artifact id: 'b23aa3fd99e29c3ec8454774f5e2acba') in 0.031238 seconds
Number of updated asset objects reloaded before import = 0
Number of asset objects unloaded after import = 3
========================================================================
Received Import Request.
  Time since last request: 0.000034 seconds.
  path: Assets/Palette/cliffside_32.asset
  artifactKey: Guid(bf9d61095587a4247a7ebae153c81b58) Importer(2089858483,0ecaa5967403d082aa24f35e1b516d23)
Start importing Assets/Palette/cliffside_32.asset using Guid(bf9d61095587a4247a7ebae153c81b58) Importer(2089858483,0ecaa5967403d082aa24f35e1b516d23) [PhysX] Initialized MultithreadedTaskDispatcher with 8 workers.
 -> (artifact id: '059f9b9be61ac589bf9acef28f499d95') in 0.025876 seconds
Number of updated asset objects reloaded before import = 0
Number of asset objects unloaded after import = 3
========================================================================
Received Import Request.
  Time since last request: 0.000030 seconds.
  path: Assets/Palette/grass tileset_30.asset
  artifactKey: Guid(40d3b700cf5291946bd037903061bb91) Importer(2089858483,0ecaa5967403d082aa24f35e1b516d23)
Start importing Assets/Palette/grass tileset_30.asset using Guid(40d3b700cf5291946bd037903061bb91) Importer(2089858483,0ecaa5967403d082aa24f35e1b516d23) [PhysX] Initialized MultithreadedTaskDispatcher with 8 workers.
 -> (artifact id: 'b3c1ff095d5718e49a14d80cddd1bf4c') in 0.022515 seconds
Number of updated asset objects reloaded before import = 0
Number of asset objects unloaded after import = 3
========================================================================
Received Import Request.
  Time since last request: 0.000048 seconds.
  path: Assets/Palette/grass tileset_147.asset
  artifactKey: Guid(4943a2198e2d9b74aa886aec2817ef31) Importer(2089858483,0ecaa5967403d082aa24f35e1b516d23)
Start importing Assets/Palette/grass tileset_147.asset using Guid(4943a2198e2d9b74aa886aec2817ef31) Importer(2089858483,0ecaa5967403d082aa24f35e1b516d23) [PhysX] Initialized MultithreadedTaskDispatcher with 8 workers.
 -> (artifact id: '9cacd62514641b7597dd6f0f5d0195b5') in 0.021535 seconds
Number of updated asset objects reloaded before import = 0
Number of asset objects unloaded after import = 3
========================================================================
Received Import Request.
  Time since last request: 0.000030 seconds.
  path: Assets/Palette/CaveTileset_53.asset
  artifactKey: Guid(a99a77f587c09be4fb3666b511927367) Importer(2089858483,0ecaa5967403d082aa24f35e1b516d23)
Start importing Assets/Palette/CaveTileset_53.asset using Guid(a99a77f587c09be4fb3666b511927367) Importer(2089858483,0ecaa5967403d082aa24f35e1b516d23) [PhysX] Initialized MultithreadedTaskDispatcher with 8 workers.
 -> (artifact id: '40456050180ff466bbc11017bd8d307b') in 0.023547 seconds
Number of updated asset objects reloaded before import = 0
Number of asset objects unloaded after import = 3
========================================================================
Received Import Request.
  Time since last request: 0.000037 seconds.
  path: Assets/Palette/cliffsideAlt_11.asset
  artifactKey: Guid(0aeec7ce005f0df43b91550941004591) Importer(2089858483,0ecaa5967403d082aa24f35e1b516d23)
Start importing Assets/Palette/cliffsideAlt_11.asset using Guid(0aeec7ce005f0df43b91550941004591) Importer(2089858483,0ecaa5967403d082aa24f35e1b516d23) [PhysX] Initialized MultithreadedTaskDispatcher with 8 workers.
 -> (artifact id: '5a2122c14acc9cf43079f2ef37a6f3cf') in 0.021606 seconds
Number of updated asset objects reloaded before import = 0
Number of asset objects unloaded after import = 3
========================================================================
Received Import Request.
  Time since last request: 0.000053 seconds.
  path: Assets/Palette/cliffside_64.asset
  artifactKey: Guid(961da3281b17b8d498d4d53361d2bcee) Importer(2089858483,0ecaa5967403d082aa24f35e1b516d23)
Start importing Assets/Palette/cliffside_64.asset using Guid(961da3281b17b8d498d4d53361d2bcee) Importer(2089858483,0ecaa5967403d082aa24f35e1b516d23) [PhysX] Initialized MultithreadedTaskDispatcher with 8 workers.
 -> (artifact id: '35913810dd667389c505a4c22199630a') in 0.021731 seconds
Number of updated asset objects reloaded before import = 0
Number of asset objects unloaded after import = 3
========================================================================
Received Import Request.
  Time since last request: 0.000029 seconds.
  path: Assets/Palette/grass tileset_61.asset
  artifactKey: Guid(70bfbbc23c4949c4389b1bc35ed3cb0e) Importer(2089858483,0ecaa5967403d082aa24f35e1b516d23)
Start importing Assets/Palette/grass tileset_61.asset using Guid(70bfbbc23c4949c4389b1bc35ed3cb0e) Importer(2089858483,0ecaa5967403d082aa24f35e1b516d23) [PhysX] Initialized MultithreadedTaskDispatcher with 8 workers.
 -> (artifact id: 'b761a13de71461fb811db28df56c029c') in 0.021322 seconds
Number of updated asset objects reloaded before import = 0
Number of asset objects unloaded after import = 3
========================================================================
Received Import Request.
  Time since last request: 0.000035 seconds.
  path: Assets/Palette/grass tileset_73.asset
  artifactKey: Guid(4846f5fb1e7aee04f9f47419262c5261) Importer(2089858483,0ecaa5967403d082aa24f35e1b516d23)
Start importing Assets/Palette/grass tileset_73.asset using Guid(4846f5fb1e7aee04f9f47419262c5261) Importer(2089858483,0ecaa5967403d082aa24f35e1b516d23) [PhysX] Initialized MultithreadedTaskDispatcher with 8 workers.
 -> (artifact id: '7d60ea2a2df3ad4f2617c87982f6daee') in 0.025520 seconds
Number of updated asset objects reloaded before import = 0
Number of asset objects unloaded after import = 3
========================================================================
Received Import Request.
  Time since last request: 0.000030 seconds.
  path: Assets/Palette/grass tileset_74.asset
  artifactKey: Guid(51d4eb6a19c3d8f499b491375892f52e) Importer(2089858483,0ecaa5967403d082aa24f35e1b516d23)
Start importing Assets/Palette/grass tileset_74.asset using Guid(51d4eb6a19c3d8f499b491375892f52e) Importer(2089858483,0ecaa5967403d082aa24f35e1b516d23) [PhysX] Initialized MultithreadedTaskDispatcher with 8 workers.
 -> (artifact id: '0f1861616db0bd930e126e26f4feaaba') in 0.020193 seconds
Number of updated asset objects reloaded before import = 0
Number of asset objects unloaded after import = 3
========================================================================
Received Import Request.
  Time since last request: 0.000053 seconds.
  path: Assets/Palette/grass tileset_90.asset
  artifactKey: Guid(85348b613e6ff8f4b917ec9cd75ea9d7) Importer(2089858483,0ecaa5967403d082aa24f35e1b516d23)
Start importing Assets/Palette/grass tileset_90.asset using Guid(85348b613e6ff8f4b917ec9cd75ea9d7) Importer(2089858483,0ecaa5967403d082aa24f35e1b516d23) [PhysX] Initialized MultithreadedTaskDispatcher with 8 workers.
 -> (artifact id: '92a6d0feff0e6f1a7e300b2e7f6bca76') in 0.020630 seconds
Number of updated asset objects reloaded before import = 0
Number of asset objects unloaded after import = 3
========================================================================
Received Import Request.
  Time since last request: 0.000034 seconds.
  path: Assets/Palette/grass tileset_60.asset
  artifactKey: Guid(4bc748a3419a13b44b1eca787b4fc7e1) Importer(2089858483,0ecaa5967403d082aa24f35e1b516d23)
Start importing Assets/Palette/grass tileset_60.asset using Guid(4bc748a3419a13b44b1eca787b4fc7e1) Importer(2089858483,0ecaa5967403d082aa24f35e1b516d23) [PhysX] Initialized MultithreadedTaskDispatcher with 8 workers.
 -> (artifact id: 'ed3762b98f33e97f8502bf32288ad639') in 0.020744 seconds
Number of updated asset objects reloaded before import = 0
Number of asset objects unloaded after import = 3
========================================================================
Received Import Request.
  Time since last request: 0.000043 seconds.
  path: Assets/Palette/grass tileset_71.asset
  artifactKey: Guid(9f911da1c5491904c922ec97231b495c) Importer(2089858483,0ecaa5967403d082aa24f35e1b516d23)
Start importing Assets/Palette/grass tileset_71.asset using Guid(9f911da1c5491904c922ec97231b495c) Importer(2089858483,0ecaa5967403d082aa24f35e1b516d23) [PhysX] Initialized MultithreadedTaskDispatcher with 8 workers.
 -> (artifact id: '5d6a69d05dee6109c2dc6164bd497849') in 0.020701 seconds
Number of updated asset objects reloaded before import = 0
Number of asset objects unloaded after import = 3
========================================================================
Received Import Request.
  Time since last request: 0.000108 seconds.
  path: Assets/Palette/grass tileset_72.asset
  artifactKey: Guid(aed86bd120e6ada4faa2db601e887622) Importer(2089858483,0ecaa5967403d082aa24f35e1b516d23)
Start importing Assets/Palette/grass tileset_72.asset using Guid(aed86bd120e6ada4faa2db601e887622) Importer(2089858483,0ecaa5967403d082aa24f35e1b516d23) [PhysX] Initialized MultithreadedTaskDispatcher with 8 workers.
 -> (artifact id: '9b6793e8db3707cd9f1e55b37fa010c8') in 0.019848 seconds
Number of updated asset objects reloaded before import = 0
Number of asset objects unloaded after import = 3
========================================================================
Received Import Request.
  Time since last request: 0.000051 seconds.
  path: Assets/Palette/grass tileset_9.asset
  artifactKey: Guid(56168e702ff246b40865c3890b644325) Importer(2089858483,0ecaa5967403d082aa24f35e1b516d23)
Start importing Assets/Palette/grass tileset_9.asset using Guid(56168e702ff246b40865c3890b644325) Importer(2089858483,0ecaa5967403d082aa24f35e1b516d23) [PhysX] Initialized MultithreadedTaskDispatcher with 8 workers.
 -> (artifact id: '861b3cbb9ac8bd6cc674b32cdf46a019') in 0.019817 seconds
Number of updated asset objects reloaded before import = 0
Number of asset objects unloaded after import = 3
========================================================================
Received Import Request.
  Time since last request: 0.000031 seconds.
  path: Assets/Palette/grass tileset_99.asset
  artifactKey: Guid(d301645d6f29b204da6e3c1e439a8175) Importer(2089858483,0ecaa5967403d082aa24f35e1b516d23)
Start importing Assets/Palette/grass tileset_99.asset using Guid(d301645d6f29b204da6e3c1e439a8175) Importer(2089858483,0ecaa5967403d082aa24f35e1b516d23) [PhysX] Initialized MultithreadedTaskDispatcher with 8 workers.
 -> (artifact id: '2789f838ce8209579990226b50e044f4') in 0.020616 seconds
Number of updated asset objects reloaded before import = 0
Number of asset objects unloaded after import = 3
========================================================================
Received Import Request.
  Time since last request: 0.000036 seconds.
  path: Assets/Palette/grass tileset_85.asset
  artifactKey: Guid(c2ff4beb99313954ca97589cbc7c7310) Importer(2089858483,0ecaa5967403d082aa24f35e1b516d23)
Start importing Assets/Palette/grass tileset_85.asset using Guid(c2ff4beb99313954ca97589cbc7c7310) Importer(2089858483,0ecaa5967403d082aa24f35e1b516d23) [PhysX] Initialized MultithreadedTaskDispatcher with 8 workers.
 -> (artifact id: 'a49b611363151b5f72f96d9a898c5be3') in 0.022204 seconds
Number of updated asset objects reloaded before import = 0
Number of asset objects unloaded after import = 3
========================================================================
Received Import Request.
  Time since last request: 0.000033 seconds.
  path: Assets/Palette/grass tileset_64.asset
  artifactKey: Guid(f6b4df61a4c966548a2c1dead678009a) Importer(2089858483,0ecaa5967403d082aa24f35e1b516d23)
Start importing Assets/Palette/grass tileset_64.asset using Guid(f6b4df61a4c966548a2c1dead678009a) Importer(2089858483,0ecaa5967403d082aa24f35e1b516d23) [PhysX] Initialized MultithreadedTaskDispatcher with 8 workers.
 -> (artifact id: 'b6272fe30d6a3b0f47828cc52145e3d0') in 0.020644 seconds
Number of updated asset objects reloaded before import = 0
Number of asset objects unloaded after import = 3
========================================================================
Received Import Request.
  Time since last request: 0.000040 seconds.
  path: Assets/Palette/grass tileset_94.asset
  artifactKey: Guid(a683bdde3118b1648a2a7981c3d6617c) Importer(2089858483,0ecaa5967403d082aa24f35e1b516d23)
Start importing Assets/Palette/grass tileset_94.asset using Guid(a683bdde3118b1648a2a7981c3d6617c) Importer(2089858483,0ecaa5967403d082aa24f35e1b516d23) [PhysX] Initialized MultithreadedTaskDispatcher with 8 workers.
 -> (artifact id: 'b19c610df1c7646cb5fa3e83bc4b3720') in 0.022751 seconds
Number of updated asset objects reloaded before import = 0
Number of asset objects unloaded after import = 3
========================================================================
Received Import Request.
  Time since last request: 0.000037 seconds.
  path: Assets/Palette/grass tileset_66.asset
  artifactKey: Guid(d943d3e9a8e5b204c82a7d8cdd779f54) Importer(2089858483,0ecaa5967403d082aa24f35e1b516d23)
Start importing Assets/Palette/grass tileset_66.asset using Guid(d943d3e9a8e5b204c82a7d8cdd779f54) Importer(2089858483,0ecaa5967403d082aa24f35e1b516d23) [PhysX] Initialized MultithreadedTaskDispatcher with 8 workers.
 -> (artifact id: '019917fbd9d17c1aa7a699a0b2cec350') in 0.018343 seconds
Number of updated asset objects reloaded before import = 0
Number of asset objects unloaded after import = 3
========================================================================
Received Import Request.
  Time since last request: 0.000049 seconds.
  path: Assets/Palette/grass tileset_69.asset
  artifactKey: Guid(24017d6822ba39748b2105bfbbeefe94) Importer(2089858483,0ecaa5967403d082aa24f35e1b516d23)
Start importing Assets/Palette/grass tileset_69.asset using Guid(24017d6822ba39748b2105bfbbeefe94) Importer(2089858483,0ecaa5967403d082aa24f35e1b516d23) [PhysX] Initialized MultithreadedTaskDispatcher with 8 workers.
 -> (artifact id: '604de573551a3f3744e7b0b909c582e7') in 0.026328 seconds
Number of updated asset objects reloaded before import = 0
Number of asset objects unloaded after import = 3
========================================================================
Received Import Request.
  Time since last request: 0.000049 seconds.
  path: Assets/Palette/grass tileset_7.asset
  artifactKey: Guid(9411461e0835c35498d11575918df2f0) Importer(2089858483,0ecaa5967403d082aa24f35e1b516d23)
Start importing Assets/Palette/grass tileset_7.asset using Guid(9411461e0835c35498d11575918df2f0) Importer(2089858483,0ecaa5967403d082aa24f35e1b516d23) [PhysX] Initialized MultithreadedTaskDispatcher with 8 workers.
 -> (artifact id: '44e07275ae5f6339112e1dcad226a939') in 0.018753 seconds
Number of updated asset objects reloaded before import = 0
Number of asset objects unloaded after import = 3
========================================================================
Received Import Request.
  Time since last request: 0.000037 seconds.
  path: Assets/Palette/grass tileset_82.asset
  artifactKey: Guid(32695e4f15aecab40964a04df18a43e5) Importer(2089858483,0ecaa5967403d082aa24f35e1b516d23)
Start importing Assets/Palette/grass tileset_82.asset using Guid(32695e4f15aecab40964a04df18a43e5) Importer(2089858483,0ecaa5967403d082aa24f35e1b516d23) [PhysX] Initialized MultithreadedTaskDispatcher with 8 workers.
 -> (artifact id: '81730ff4f35aac0bb45fa85d491ed0d0') in 0.020552 seconds
Number of updated asset objects reloaded before import = 0
Number of asset objects unloaded after import = 3
========================================================================
Received Import Request.
  Time since last request: 0.000032 seconds.
  path: Assets/Palette/grass tileset_57.asset
  artifactKey: Guid(3790a8a625ba2c742b8b1e454461eccf) Importer(2089858483,0ecaa5967403d082aa24f35e1b516d23)
Start importing Assets/Palette/grass tileset_57.asset using Guid(3790a8a625ba2c742b8b1e454461eccf) Importer(2089858483,0ecaa5967403d082aa24f35e1b516d23) [PhysX] Initialized MultithreadedTaskDispatcher with 8 workers.
 -> (artifact id: 'ace659eea60353ca4f6dd17a4a85364d') in 0.021386 seconds
Number of updated asset objects reloaded before import = 0
Number of asset objects unloaded after import = 3
========================================================================
Received Import Request.
  Time since last request: 0.000028 seconds.
  path: Assets/Palette/grass tileset_86.asset
  artifactKey: Guid(8ddb95a7a02ead447b4cde77e29adc97) Importer(2089858483,0ecaa5967403d082aa24f35e1b516d23)
Start importing Assets/Palette/grass tileset_86.asset using Guid(8ddb95a7a02ead447b4cde77e29adc97) Importer(2089858483,0ecaa5967403d082aa24f35e1b516d23) [PhysX] Initialized MultithreadedTaskDispatcher with 8 workers.
 -> (artifact id: '2199e252f108cc7d711e1d944ba2f66d') in 0.023120 seconds
Number of updated asset objects reloaded before import = 0
Number of asset objects unloaded after import = 3
========================================================================
Received Import Request.
  Time since last request: 0.000034 seconds.
  path: Assets/Palette/grass_11.asset
  artifactKey: Guid(1f25bb08b36a7ec47ad1f675e0d73399) Importer(2089858483,0ecaa5967403d082aa24f35e1b516d23)
Start importing Assets/Palette/grass_11.asset using Guid(1f25bb08b36a7ec47ad1f675e0d73399) Importer(2089858483,0ecaa5967403d082aa24f35e1b516d23) [PhysX] Initialized MultithreadedTaskDispatcher with 8 workers.
 -> (artifact id: '464075221c22519e975312017cb18a2a') in 0.023838 seconds
Number of updated asset objects reloaded before import = 0
Number of asset objects unloaded after import = 3
========================================================================
Received Import Request.
  Time since last request: 0.000037 seconds.
  path: Assets/Palette/grass tileset_81.asset
  artifactKey: Guid(a19bff39824b4d44caccf71bf4ed4a60) Importer(2089858483,0ecaa5967403d082aa24f35e1b516d23)
Start importing Assets/Palette/grass tileset_81.asset using Guid(a19bff39824b4d44caccf71bf4ed4a60) Importer(2089858483,0ecaa5967403d082aa24f35e1b516d23) [PhysX] Initialized MultithreadedTaskDispatcher with 8 workers.
 -> (artifact id: 'f3810b1dbe8521558874570730d45e9c') in 0.021062 seconds
Number of updated asset objects reloaded before import = 0
Number of asset objects unloaded after import = 3
========================================================================
Received Import Request.
  Time since last request: 0.000043 seconds.
  path: Assets/Palette/grass tileset_55.asset
  artifactKey: Guid(02bc8b20980bd7840abaa47f062e9d54) Importer(2089858483,0ecaa5967403d082aa24f35e1b516d23)
Start importing Assets/Palette/grass tileset_55.asset using Guid(02bc8b20980bd7840abaa47f062e9d54) Importer(2089858483,0ecaa5967403d082aa24f35e1b516d23) [PhysX] Initialized MultithreadedTaskDispatcher with 8 workers.
 -> (artifact id: 'e7c4acc47f21dcf001da2d0cb1aead6c') in 0.024575 seconds
Number of updated asset objects reloaded before import = 0
Number of asset objects unloaded after import = 3
========================================================================
Received Import Request.
  Time since last request: 0.000048 seconds.
  path: Assets/Palette/grass tileset_98.asset
  artifactKey: Guid(b50e31ade778cbe42b6e6ab1a91d44ce) Importer(2089858483,0ecaa5967403d082aa24f35e1b516d23)
Start importing Assets/Palette/grass tileset_98.asset using Guid(b50e31ade778cbe42b6e6ab1a91d44ce) Importer(2089858483,0ecaa5967403d082aa24f35e1b516d23) [PhysX] Initialized MultithreadedTaskDispatcher with 8 workers.
 -> (artifact id: '57099771d14e12dd508a775767907796') in 0.023242 seconds
Number of updated asset objects reloaded before import = 0
Number of asset objects unloaded after import = 3
========================================================================
Received Import Request.
  Time since last request: 0.000053 seconds.
  path: Assets/Palette/grass tileset_56.asset
  artifactKey: Guid(456291985360b98469be0cc533898ec6) Importer(2089858483,0ecaa5967403d082aa24f35e1b516d23)
Start importing Assets/Palette/grass tileset_56.asset using Guid(456291985360b98469be0cc533898ec6) Importer(2089858483,0ecaa5967403d082aa24f35e1b516d23) [PhysX] Initialized MultithreadedTaskDispatcher with 8 workers.
 -> (artifact id: '57e91ab83f29881f56ab218891c304f8') in 0.021255 seconds
Number of updated asset objects reloaded before import = 0
Number of asset objects unloaded after import = 3
========================================================================
Received Import Request.
  Time since last request: 0.000041 seconds.
  path: Assets/Palette/grass tileset_70.asset
  artifactKey: Guid(2ffb088761e8ac740bb4158e1d093ddb) Importer(2089858483,0ecaa5967403d082aa24f35e1b516d23)
Start importing Assets/Palette/grass tileset_70.asset using Guid(2ffb088761e8ac740bb4158e1d093ddb) Importer(2089858483,0ecaa5967403d082aa24f35e1b516d23) [PhysX] Initialized MultithreadedTaskDispatcher with 8 workers.
 -> (artifact id: 'b7013b3f80182114619d108a15426915') in 0.021947 seconds
Number of updated asset objects reloaded before import = 0
Number of asset objects unloaded after import = 3
========================================================================
Received Import Request.
  Time since last request: 0.000031 seconds.
  path: Assets/Palette/grass tileset_75.asset
  artifactKey: Guid(82bf57399c74a374b9bb9feb2837af25) Importer(2089858483,0ecaa5967403d082aa24f35e1b516d23)
Start importing Assets/Palette/grass tileset_75.asset using Guid(82bf57399c74a374b9bb9feb2837af25) Importer(2089858483,0ecaa5967403d082aa24f35e1b516d23) [PhysX] Initialized MultithreadedTaskDispatcher with 8 workers.
 -> (artifact id: 'dbf0c48fc840940bf45d8c06bb293cba') in 0.021664 seconds
Number of updated asset objects reloaded before import = 0
Number of asset objects unloaded after import = 3
========================================================================
Received Import Request.
  Time since last request: 0.000037 seconds.
  path: Assets/Palette/grass tileset_87.asset
  artifactKey: Guid(f63ea0679c6738648a7d77b2f0b5d96b) Importer(2089858483,0ecaa5967403d082aa24f35e1b516d23)
Start importing Assets/Palette/grass tileset_87.asset using Guid(f63ea0679c6738648a7d77b2f0b5d96b) Importer(2089858483,0ecaa5967403d082aa24f35e1b516d23) [PhysX] Initialized MultithreadedTaskDispatcher with 8 workers.
 -> (artifact id: '854e053b439482ffe78912fca140e8a4') in 0.028206 seconds
Number of updated asset objects reloaded before import = 0
Number of asset objects unloaded after import = 3
========================================================================
Received Import Request.
  Time since last request: 0.000039 seconds.
  path: Assets/Palette/CaveTileset_39.asset
  artifactKey: Guid(14ced55fd982cba4d9ba542b6a7f5f7d) Importer(2089858483,0ecaa5967403d082aa24f35e1b516d23)
Start importing Assets/Palette/CaveTileset_39.asset using Guid(14ced55fd982cba4d9ba542b6a7f5f7d) Importer(2089858483,0ecaa5967403d082aa24f35e1b516d23) [PhysX] Initialized MultithreadedTaskDispatcher with 8 workers.
 -> (artifact id: '1cb6033e441a2a1dc1c38bfe568f49fa') in 0.022863 seconds
Number of updated asset objects reloaded before import = 0
Number of asset objects unloaded after import = 3
========================================================================
Received Import Request.
  Time since last request: 0.000037 seconds.
  path: Assets/Palette/cliffsideAlt_28.asset
  artifactKey: Guid(b6e155ea35b79d348823c73e3668a37f) Importer(2089858483,0ecaa5967403d082aa24f35e1b516d23)
Start importing Assets/Palette/cliffsideAlt_28.asset using Guid(b6e155ea35b79d348823c73e3668a37f) Importer(2089858483,0ecaa5967403d082aa24f35e1b516d23) [PhysX] Initialized MultithreadedTaskDispatcher with 8 workers.
 -> (artifact id: '295305096a06cd61730fb0598ebe08e7') in 0.031048 seconds
Number of updated asset objects reloaded before import = 0
Number of asset objects unloaded after import = 3
========================================================================
Received Import Request.
  Time since last request: 0.000035 seconds.
  path: Assets/Palette/grass_17.asset
  artifactKey: Guid(0c23ac371b0cf4f49b8645a04de92dea) Importer(2089858483,0ecaa5967403d082aa24f35e1b516d23)
Start importing Assets/Palette/grass_17.asset using Guid(0c23ac371b0cf4f49b8645a04de92dea) Importer(2089858483,0ecaa5967403d082aa24f35e1b516d23) [PhysX] Initialized MultithreadedTaskDispatcher with 8 workers.
 -> (artifact id: '24161ccb32fdcbd3e2c7a5e676b02594') in 0.027289 seconds
Number of updated asset objects reloaded before import = 0
Number of asset objects unloaded after import = 3
========================================================================
Received Import Request.
  Time since last request: 0.000051 seconds.
  path: Assets/Palette/grass_34.asset
  artifactKey: Guid(048302adab1328c4285134d04bb91e3b) Importer(2089858483,0ecaa5967403d082aa24f35e1b516d23)
Start importing Assets/Palette/grass_34.asset using Guid(048302adab1328c4285134d04bb91e3b) Importer(2089858483,0ecaa5967403d082aa24f35e1b516d23) [PhysX] Initialized MultithreadedTaskDispatcher with 8 workers.
 -> (artifact id: '00893ce52128726026b3711c67cfb534') in 0.031403 seconds
Number of updated asset objects reloaded before import = 0
Number of asset objects unloaded after import = 3
========================================================================
Received Import Request.
  Time since last request: 0.000048 seconds.
  path: Assets/Palette/grass_60.asset
  artifactKey: Guid(44bd2462fbb9b4e498fed077f6c0a7fa) Importer(2089858483,0ecaa5967403d082aa24f35e1b516d23)
Start importing Assets/Palette/grass_60.asset using Guid(44bd2462fbb9b4e498fed077f6c0a7fa) Importer(2089858483,0ecaa5967403d082aa24f35e1b516d23) [PhysX] Initialized MultithreadedTaskDispatcher with 8 workers.
 -> (artifact id: 'a5939c239559e85e32c763314b90d6dc') in 0.026788 seconds
Number of updated asset objects reloaded before import = 0
Number of asset objects unloaded after import = 3
========================================================================
Received Import Request.
  Time since last request: 0.000039 seconds.
  path: Assets/Palette/grass_14.asset
  artifactKey: Guid(b99eee56ab469774b84b97dfee77dee9) Importer(2089858483,0ecaa5967403d082aa24f35e1b516d23)
Start importing Assets/Palette/grass_14.asset using Guid(b99eee56ab469774b84b97dfee77dee9) Importer(2089858483,0ecaa5967403d082aa24f35e1b516d23) [PhysX] Initialized MultithreadedTaskDispatcher with 8 workers.
 -> (artifact id: '297940dcd3de31934f3f10a6eae79883') in 0.020018 seconds
Number of updated asset objects reloaded before import = 0
Number of asset objects unloaded after import = 3
========================================================================
Received Import Request.
  Time since last request: 0.000032 seconds.
  path: Assets/Palette/grass_31.asset
  artifactKey: Guid(8cdbf884df091c74a96fd0077031b38a) Importer(2089858483,0ecaa5967403d082aa24f35e1b516d23)
Start importing Assets/Palette/grass_31.asset using Guid(8cdbf884df091c74a96fd0077031b38a) Importer(2089858483,0ecaa5967403d082aa24f35e1b516d23) [PhysX] Initialized MultithreadedTaskDispatcher with 8 workers.
 -> (artifact id: '18703659b39f5c9aea2464f3fadf8852') in 0.023171 seconds
Number of updated asset objects reloaded before import = 0
Number of asset objects unloaded after import = 3
========================================================================
Received Import Request.
  Time since last request: 0.000029 seconds.
  path: Assets/Palette/grass_29.asset
  artifactKey: Guid(d435cffd52cab2c4f9ea6cb9300e16a5) Importer(2089858483,0ecaa5967403d082aa24f35e1b516d23)
Start importing Assets/Palette/grass_29.asset using Guid(d435cffd52cab2c4f9ea6cb9300e16a5) Importer(2089858483,0ecaa5967403d082aa24f35e1b516d23) [PhysX] Initialized MultithreadedTaskDispatcher with 8 workers.
 -> (artifact id: 'ef8408fe8d8b2c9ed50574e15cc4e2fb') in 0.020348 seconds
Number of updated asset objects reloaded before import = 0
Number of asset objects unloaded after import = 3
========================================================================
Received Import Request.
  Time since last request: 0.000030 seconds.
  path: Assets/Palette/grass_47.asset
  artifactKey: Guid(5408700a2fd877f4aa04e1a832a7942f) Importer(2089858483,0ecaa5967403d082aa24f35e1b516d23)
Start importing Assets/Palette/grass_47.asset using Guid(5408700a2fd877f4aa04e1a832a7942f) Importer(2089858483,0ecaa5967403d082aa24f35e1b516d23) [PhysX] Initialized MultithreadedTaskDispatcher with 8 workers.
 -> (artifact id: '178d0cb8fa4c9ce66a7a0dc396c6a72f') in 0.026167 seconds
Number of updated asset objects reloaded before import = 0
Number of asset objects unloaded after import = 3
========================================================================
Received Import Request.
  Time since last request: 0.000028 seconds.
  path: Assets/Palette/grass_3.asset
  artifactKey: Guid(1e854c06e30f4334e9a06c0d2b321506) Importer(2089858483,0ecaa5967403d082aa24f35e1b516d23)
Start importing Assets/Palette/grass_3.asset using Guid(1e854c06e30f4334e9a06c0d2b321506) Importer(2089858483,0ecaa5967403d082aa24f35e1b516d23) [PhysX] Initialized MultithreadedTaskDispatcher with 8 workers.
 -> (artifact id: '7a6727d73b6047441700881e6ec2e099') in 0.019051 seconds
Number of updated asset objects reloaded before import = 0
Number of asset objects unloaded after import = 3
========================================================================
Received Import Request.
  Time since last request: 0.000044 seconds.
  path: Assets/Palette/grass_21.asset
  artifactKey: Guid(b8110143fbdcb9c46a9c18a34668cbc8) Importer(2089858483,0ecaa5967403d082aa24f35e1b516d23)
Start importing Assets/Palette/grass_21.asset using Guid(b8110143fbdcb9c46a9c18a34668cbc8) Importer(2089858483,0ecaa5967403d082aa24f35e1b516d23) [PhysX] Initialized MultithreadedTaskDispatcher with 8 workers.
 -> (artifact id: '8121cdcd4ff473b02873788f454deab9') in 0.021641 seconds
Number of updated asset objects reloaded before import = 0
Number of asset objects unloaded after import = 3
========================================================================
Received Import Request.
  Time since last request: 0.000027 seconds.
  path: Assets/Palette/grass_58.asset
  artifactKey: Guid(ea7913d80dcacd940b034974556bd6ff) Importer(2089858483,0ecaa5967403d082aa24f35e1b516d23)
Start importing Assets/Palette/grass_58.asset using Guid(ea7913d80dcacd940b034974556bd6ff) Importer(2089858483,0ecaa5967403d082aa24f35e1b516d23) [PhysX] Initialized MultithreadedTaskDispatcher with 8 workers.
 -> (artifact id: 'e5e8c9e0bc7644a4a11ecc350aa74e35') in 0.019220 seconds
Number of updated asset objects reloaded before import = 0
Number of asset objects unloaded after import = 3
========================================================================
Received Import Request.
  Time since last request: 0.000028 seconds.
  path: Assets/Palette/grass_33.asset
  artifactKey: Guid(efe4b5fb3b05062479be0b882dd79c82) Importer(2089858483,0ecaa5967403d082aa24f35e1b516d23)
Start importing Assets/Palette/grass_33.asset using Guid(efe4b5fb3b05062479be0b882dd79c82) Importer(2089858483,0ecaa5967403d082aa24f35e1b516d23) [PhysX] Initialized MultithreadedTaskDispatcher with 8 workers.
 -> (artifact id: '73fe2002d5c1813847fcbbac0026a986') in 0.021188 seconds
Number of updated asset objects reloaded before import = 0
Number of asset objects unloaded after import = 3
========================================================================
Received Import Request.
  Time since last request: 0.000043 seconds.
  path: Assets/Palette/grass_16.asset
  artifactKey: Guid(6c44df27b918b4f4386b9d7b4467bf4d) Importer(2089858483,0ecaa5967403d082aa24f35e1b516d23)
Start importing Assets/Palette/grass_16.asset using Guid(6c44df27b918b4f4386b9d7b4467bf4d) Importer(2089858483,0ecaa5967403d082aa24f35e1b516d23) [PhysX] Initialized MultithreadedTaskDispatcher with 8 workers.
 -> (artifact id: 'a72f91a89ed6aa890039b7a4f3138b29') in 0.020697 seconds
Number of updated asset objects reloaded before import = 0
Number of asset objects unloaded after import = 3
========================================================================
Received Import Request.
  Time since last request: 0.000033 seconds.
  path: Assets/Palette/grass_50.asset
  artifactKey: Guid(8ed479e7fbcaae14e994c909ca07875a) Importer(2089858483,0ecaa5967403d082aa24f35e1b516d23)
Start importing Assets/Palette/grass_50.asset using Guid(8ed479e7fbcaae14e994c909ca07875a) Importer(2089858483,0ecaa5967403d082aa24f35e1b516d23) [PhysX] Initialized MultithreadedTaskDispatcher with 8 workers.
 -> (artifact id: 'c8b73dc6e1c5291ce922ea87ce63e5d3') in 0.020941 seconds
Number of updated asset objects reloaded before import = 0
Number of asset objects unloaded after import = 3
========================================================================
Received Import Request.
  Time since last request: 0.000032 seconds.
  path: Assets/Palette/grass_24.asset
  artifactKey: Guid(6a60c1c55cef98d4f934b9fdf976fd96) Importer(2089858483,0ecaa5967403d082aa24f35e1b516d23)
Start importing Assets/Palette/grass_24.asset using Guid(6a60c1c55cef98d4f934b9fdf976fd96) Importer(2089858483,0ecaa5967403d082aa24f35e1b516d23) [PhysX] Initialized MultithreadedTaskDispatcher with 8 workers.
 -> (artifact id: '297fa8e2f29ba9b6434e24172f958f05') in 0.024289 seconds
Number of updated asset objects reloaded before import = 0
Number of asset objects unloaded after import = 3
========================================================================
Received Import Request.
  Time since last request: 0.000030 seconds.
  path: Assets/Palette/grass_45.asset
  artifactKey: Guid(77b14d6c410ca8a499d513a124038e6f) Importer(2089858483,0ecaa5967403d082aa24f35e1b516d23)
Start importing Assets/Palette/grass_45.asset using Guid(77b14d6c410ca8a499d513a124038e6f) Importer(2089858483,0ecaa5967403d082aa24f35e1b516d23) [PhysX] Initialized MultithreadedTaskDispatcher with 8 workers.
 -> (artifact id: 'b22aaab4fae12f680a26fdcf6c3d1a2b') in 0.022731 seconds
Number of updated asset objects reloaded before import = 0
Number of asset objects unloaded after import = 3
========================================================================
Received Import Request.
  Time since last request: 0.000050 seconds.
  path: Assets/Palette/grass_25.asset
  artifactKey: Guid(c7e363ee08b0fd6479a3fb3558f5f1ac) Importer(2089858483,0ecaa5967403d082aa24f35e1b516d23)
Start importing Assets/Palette/grass_25.asset using Guid(c7e363ee08b0fd6479a3fb3558f5f1ac) Importer(2089858483,0ecaa5967403d082aa24f35e1b516d23) [PhysX] Initialized MultithreadedTaskDispatcher with 8 workers.
 -> (artifact id: 'ac82ee3ee8a3e7e9f916a5cabb65be83') in 0.026252 seconds
Number of updated asset objects reloaded before import = 0
Number of asset objects unloaded after import = 3
========================================================================
Received Import Request.
  Time since last request: 0.000044 seconds.
  path: Assets/Palette/grass_2.asset
  artifactKey: Guid(6b8e1d9c548974245870e3fb3a273cf8) Importer(2089858483,0ecaa5967403d082aa24f35e1b516d23)
Start importing Assets/Palette/grass_2.asset using Guid(6b8e1d9c548974245870e3fb3a273cf8) Importer(2089858483,0ecaa5967403d082aa24f35e1b516d23) [PhysX] Initialized MultithreadedTaskDispatcher with 8 workers.
 -> (artifact id: 'bdbc0c751f0601f9063ce7d02490416d') in 0.022650 seconds
Number of updated asset objects reloaded before import = 0
Number of asset objects unloaded after import = 3
========================================================================
Received Import Request.
  Time since last request: 0.000028 seconds.
  path: Assets/Palette/grass_35.asset
  artifactKey: Guid(8672e447ed071254bb5388eacaca0fc7) Importer(2089858483,0ecaa5967403d082aa24f35e1b516d23)
Start importing Assets/Palette/grass_35.asset using Guid(8672e447ed071254bb5388eacaca0fc7) Importer(2089858483,0ecaa5967403d082aa24f35e1b516d23) [PhysX] Initialized MultithreadedTaskDispatcher with 8 workers.
 -> (artifact id: '3f74aba742985208ec47835ed8f6a205') in 0.022455 seconds
Number of updated asset objects reloaded before import = 0
Number of asset objects unloaded after import = 3
========================================================================
Received Import Request.
  Time since last request: 0.000032 seconds.
  path: Assets/Palette/grass_61.asset
  artifactKey: Guid(163c884e062516648a46e68334b317ff) Importer(2089858483,0ecaa5967403d082aa24f35e1b516d23)
Start importing Assets/Palette/grass_61.asset using Guid(163c884e062516648a46e68334b317ff) Importer(2089858483,0ecaa5967403d082aa24f35e1b516d23) [PhysX] Initialized MultithreadedTaskDispatcher with 8 workers.
 -> (artifact id: '84c71492b40aec3a704dab89019e070a') in 0.020688 seconds
Number of updated asset objects reloaded before import = 0
Number of asset objects unloaded after import = 3
========================================================================
Received Import Request.
  Time since last request: 0.000030 seconds.
  path: Assets/Palette/grass_57.asset
  artifactKey: Guid(d0a7168bcf4e24448830c45d8293875d) Importer(2089858483,0ecaa5967403d082aa24f35e1b516d23)
Start importing Assets/Palette/grass_57.asset using Guid(d0a7168bcf4e24448830c45d8293875d) Importer(2089858483,0ecaa5967403d082aa24f35e1b516d23) [PhysX] Initialized MultithreadedTaskDispatcher with 8 workers.
 -> (artifact id: 'ab2b96ce49c8b471719f3d18f7918d2e') in 0.021221 seconds
Number of updated asset objects reloaded before import = 0
Number of asset objects unloaded after import = 3
========================================================================
Received Import Request.
  Time since last request: 0.000048 seconds.
  path: Assets/Palette/grass_51.asset
  artifactKey: Guid(446ac86208b23104d8f75be08e7b8c71) Importer(2089858483,0ecaa5967403d082aa24f35e1b516d23)
Start importing Assets/Palette/grass_51.asset using Guid(446ac86208b23104d8f75be08e7b8c71) Importer(2089858483,0ecaa5967403d082aa24f35e1b516d23) [PhysX] Initialized MultithreadedTaskDispatcher with 8 workers.
 -> (artifact id: '2a7c2805235a97d07d29f5b32523c13f') in 0.020117 seconds
Number of updated asset objects reloaded before import = 0
Number of asset objects unloaded after import = 3
========================================================================
Received Import Request.
  Time since last request: 0.000035 seconds.
  path: Assets/Palette/grass_53.asset
  artifactKey: Guid(8880147735b068d4792643ba9535adda) Importer(2089858483,0ecaa5967403d082aa24f35e1b516d23)
Start importing Assets/Palette/grass_53.asset using Guid(8880147735b068d4792643ba9535adda) Importer(2089858483,0ecaa5967403d082aa24f35e1b516d23) [PhysX] Initialized MultithreadedTaskDispatcher with 8 workers.
 -> (artifact id: '1f0a051e6469193b53c99e8ec4ebe206') in 0.022535 seconds
Number of updated asset objects reloaded before import = 0
Number of asset objects unloaded after import = 3
========================================================================
Received Import Request.
  Time since last request: 0.000040 seconds.
  path: Assets/Palette/grass_59.asset
  artifactKey: Guid(84f4a5cbf0214a64199010f5af4a9ae0) Importer(2089858483,0ecaa5967403d082aa24f35e1b516d23)
Start importing Assets/Palette/grass_59.asset using Guid(84f4a5cbf0214a64199010f5af4a9ae0) Importer(2089858483,0ecaa5967403d082aa24f35e1b516d23) [PhysX] Initialized MultithreadedTaskDispatcher with 8 workers.
 -> (artifact id: '333933b79141c00c64e8f1510c8f48df') in 0.018939 seconds
Number of updated asset objects reloaded before import = 0
Number of asset objects unloaded after import = 3
========================================================================
Received Import Request.
  Time since last request: 0.000044 seconds.
  path: Assets/Palette/grass_54.asset
  artifactKey: Guid(c279516bde694f44daf24da3a80b5618) Importer(2089858483,0ecaa5967403d082aa24f35e1b516d23)
Start importing Assets/Palette/grass_54.asset using Guid(c279516bde694f44daf24da3a80b5618) Importer(2089858483,0ecaa5967403d082aa24f35e1b516d23) [PhysX] Initialized MultithreadedTaskDispatcher with 8 workers.
 -> (artifact id: 'd4faa83b4ac781322ffdc881274d2efe') in 0.019231 seconds
Number of updated asset objects reloaded before import = 0
Number of asset objects unloaded after import = 3
========================================================================
Received Import Request.
  Time since last request: 0.000046 seconds.
  path: Assets/Palette/grass_19.asset
  artifactKey: Guid(7194b34ccf800d044b30a943771ecd8c) Importer(2089858483,0ecaa5967403d082aa24f35e1b516d23)
Start importing Assets/Palette/grass_19.asset using Guid(7194b34ccf800d044b30a943771ecd8c) Importer(2089858483,0ecaa5967403d082aa24f35e1b516d23) [PhysX] Initialized MultithreadedTaskDispatcher with 8 workers.
 -> (artifact id: 'afb82265e2e76cfee649d9f96fadc804') in 0.023667 seconds
Number of updated asset objects reloaded before import = 0
Number of asset objects unloaded after import = 3
========================================================================
Received Import Request.
  Time since last request: 0.000036 seconds.
  path: Assets/Palette/grass_6.asset
  artifactKey: Guid(c80925919bffed449899cf36c047ad83) Importer(2089858483,0ecaa5967403d082aa24f35e1b516d23)
Start importing Assets/Palette/grass_6.asset using Guid(c80925919bffed449899cf36c047ad83) Importer(2089858483,0ecaa5967403d082aa24f35e1b516d23) [PhysX] Initialized MultithreadedTaskDispatcher with 8 workers.
 -> (artifact id: '3edcf175cd8c2c97c1086dd25adba59f') in 0.019259 seconds
Number of updated asset objects reloaded before import = 0
Number of asset objects unloaded after import = 3
========================================================================
Received Import Request.
  Time since last request: 0.000037 seconds.
  path: Assets/Palette/cliffsideAlt_49.asset
  artifactKey: Guid(e4a00e07abb49534f9f7f6bcac530770) Importer(2089858483,0ecaa5967403d082aa24f35e1b516d23)
Start importing Assets/Palette/cliffsideAlt_49.asset using Guid(e4a00e07abb49534f9f7f6bcac530770) Importer(2089858483,0ecaa5967403d082aa24f35e1b516d23) [PhysX] Initialized MultithreadedTaskDispatcher with 8 workers.
 -> (artifact id: 'b4dad01f9f7f1d6a804f73a7bfb08ac6') in 0.021281 seconds
Number of updated asset objects reloaded before import = 0
Number of asset objects unloaded after import = 3
========================================================================
Received Import Request.
  Time since last request: 0.000032 seconds.
  path: Assets/Palette/grass_85.asset
  artifactKey: Guid(4192b5682b6272a42a4689b84008bef6) Importer(2089858483,0ecaa5967403d082aa24f35e1b516d23)
Start importing Assets/Palette/grass_85.asset using Guid(4192b5682b6272a42a4689b84008bef6) Importer(2089858483,0ecaa5967403d082aa24f35e1b516d23) [PhysX] Initialized MultithreadedTaskDispatcher with 8 workers.
 -> (artifact id: '015dec00721fbcbb1be452719fcdd82c') in 0.020918 seconds
Number of updated asset objects reloaded before import = 0
Number of asset objects unloaded after import = 3
========================================================================
Received Import Request.
  Time since last request: 0.000033 seconds.
  path: Assets/Palette/reflection_22.asset
  artifactKey: Guid(8be8d051d96ae98498b3c362ce63028f) Importer(2089858483,0ecaa5967403d082aa24f35e1b516d23)
Start importing Assets/Palette/reflection_22.asset using Guid(8be8d051d96ae98498b3c362ce63028f) Importer(2089858483,0ecaa5967403d082aa24f35e1b516d23) [PhysX] Initialized MultithreadedTaskDispatcher with 8 workers.
 -> (artifact id: 'accaccd39085ca73e799fd170ec605e9') in 0.022391 seconds
Number of updated asset objects reloaded before import = 0
Number of asset objects unloaded after import = 3
========================================================================
Received Import Request.
  Time since last request: 0.000054 seconds.
  path: Assets/Palette/reflection_0.asset
  artifactKey: Guid(8ea66f90b6a223c4a99e9e4b44952d79) Importer(2089858483,0ecaa5967403d082aa24f35e1b516d23)
Start importing Assets/Palette/reflection_0.asset using Guid(8ea66f90b6a223c4a99e9e4b44952d79) Importer(2089858483,0ecaa5967403d082aa24f35e1b516d23) [PhysX] Initialized MultithreadedTaskDispatcher with 8 workers.
 -> (artifact id: '6548aa53556b2a165f43eb8adcd8710c') in 0.023876 seconds
Number of updated asset objects reloaded before import = 0
Number of asset objects unloaded after import = 3
========================================================================
Received Import Request.
  Time since last request: 0.000026 seconds.
  path: Assets/Palette/reflection_23.asset
  artifactKey: Guid(600def92f33ead047baa3c1070d2e434) Importer(2089858483,0ecaa5967403d082aa24f35e1b516d23)
Start importing Assets/Palette/reflection_23.asset using Guid(600def92f33ead047baa3c1070d2e434) Importer(2089858483,0ecaa5967403d082aa24f35e1b516d23) [PhysX] Initialized MultithreadedTaskDispatcher with 8 workers.
 -> (artifact id: 'eeaee7b3884afdd5f9809e35eb4184e6') in 0.021074 seconds
Number of updated asset objects reloaded before import = 0
Number of asset objects unloaded after import = 3
========================================================================
Received Import Request.
  Time since last request: 0.000034 seconds.
  path: Assets/Palette/grass_86.asset
  artifactKey: Guid(a0e3f24f5502566489d6bc496fc798c6) Importer(2089858483,0ecaa5967403d082aa24f35e1b516d23)
Start importing Assets/Palette/grass_86.asset using Guid(a0e3f24f5502566489d6bc496fc798c6) Importer(2089858483,0ecaa5967403d082aa24f35e1b516d23) [PhysX] Initialized MultithreadedTaskDispatcher with 8 workers.
 -> (artifact id: '8f8a2b7ed10c8e31d16b18d6998210b4') in 0.022009 seconds
Number of updated asset objects reloaded before import = 0
Number of asset objects unloaded after import = 3
========================================================================
Received Import Request.
  Time since last request: 0.000052 seconds.
  path: Assets/Palette/grass_74.asset
  artifactKey: Guid(c7acc937d96aa994eab0e722cb19fbfd) Importer(2089858483,0ecaa5967403d082aa24f35e1b516d23)
Start importing Assets/Palette/grass_74.asset using Guid(c7acc937d96aa994eab0e722cb19fbfd) Importer(2089858483,0ecaa5967403d082aa24f35e1b516d23) [PhysX] Initialized MultithreadedTaskDispatcher with 8 workers.
 -> (artifact id: '3e132c85c0a4d3a9ed867e589c6cd101') in 0.017578 seconds
Number of updated asset objects reloaded before import = 0
Number of asset objects unloaded after import = 3
========================================================================
Received Import Request.
  Time since last request: 0.000034 seconds.
  path: Assets/Palette/grass_71.asset
  artifactKey: Guid(78d61b29f0e623a4693ca36c374d505a) Importer(2089858483,0ecaa5967403d082aa24f35e1b516d23)
Start importing Assets/Palette/grass_71.asset using Guid(78d61b29f0e623a4693ca36c374d505a) Importer(2089858483,0ecaa5967403d082aa24f35e1b516d23) [PhysX] Initialized MultithreadedTaskDispatcher with 8 workers.
 -> (artifact id: '62050b7ccfe3fe1e8bfde6d334ed01ae') in 0.023110 seconds
Number of updated asset objects reloaded before import = 0
Number of asset objects unloaded after import = 3
========================================================================
Received Import Request.
  Time since last request: 0.000040 seconds.
  path: Assets/Palette/reflection_18.asset
  artifactKey: Guid(b73e93fb599cb8c44b2ee3ae3460f22c) Importer(2089858483,0ecaa5967403d082aa24f35e1b516d23)
Start importing Assets/Palette/reflection_18.asset using Guid(b73e93fb599cb8c44b2ee3ae3460f22c) Importer(2089858483,0ecaa5967403d082aa24f35e1b516d23) [PhysX] Initialized MultithreadedTaskDispatcher with 8 workers.
 -> (artifact id: 'fd8bae389e2641d4f0988be87cabae97') in 0.023950 seconds
Number of updated asset objects reloaded before import = 0
Number of asset objects unloaded after import = 3
========================================================================
Received Import Request.
  Time since last request: 0.000028 seconds.
  path: Assets/Palette/reflection_10.asset
  artifactKey: Guid(938fbf03ae699fc49a4c446d99f16821) Importer(2089858483,0ecaa5967403d082aa24f35e1b516d23)
Start importing Assets/Palette/reflection_10.asset using Guid(938fbf03ae699fc49a4c446d99f16821) Importer(2089858483,0ecaa5967403d082aa24f35e1b516d23) [PhysX] Initialized MultithreadedTaskDispatcher with 8 workers.
 -> (artifact id: '11af62139f0934bd657231ec8cb3f688') in 0.022712 seconds
Number of updated asset objects reloaded before import = 0
Number of asset objects unloaded after import = 3
========================================================================
Received Import Request.
  Time since last request: 0.000033 seconds.
  path: Assets/Palette/grass_75.asset
  artifactKey: Guid(9530c803717574e418249dc40a3b6518) Importer(2089858483,0ecaa5967403d082aa24f35e1b516d23)
Start importing Assets/Palette/grass_75.asset using Guid(9530c803717574e418249dc40a3b6518) Importer(2089858483,0ecaa5967403d082aa24f35e1b516d23) [PhysX] Initialized MultithreadedTaskDispatcher with 8 workers.
 -> (artifact id: '14dafcd4b9af2848a84988699914cc32') in 0.022904 seconds
Number of updated asset objects reloaded before import = 0
Number of asset objects unloaded after import = 3
========================================================================
Received Import Request.
  Time since last request: 0.000031 seconds.
  path: Assets/Palette/reflection_29.asset
  artifactKey: Guid(f8ba134346d56d447b7b2633c5a91ca0) Importer(2089858483,0ecaa5967403d082aa24f35e1b516d23)
Start importing Assets/Palette/reflection_29.asset using Guid(f8ba134346d56d447b7b2633c5a91ca0) Importer(2089858483,0ecaa5967403d082aa24f35e1b516d23) [PhysX] Initialized MultithreadedTaskDispatcher with 8 workers.
 -> (artifact id: '0a2d4c49776d1fe2b27eb40bff632d35') in 0.020718 seconds
Number of updated asset objects reloaded before import = 0
Number of asset objects unloaded after import = 3
========================================================================
Received Import Request.
  Time since last request: 0.000037 seconds.
  path: Assets/Palette/grass_81.asset
  artifactKey: Guid(122d612049823b54b9f0cc73cc43e991) Importer(2089858483,0ecaa5967403d082aa24f35e1b516d23)
Start importing Assets/Palette/grass_81.asset using Guid(122d612049823b54b9f0cc73cc43e991) Importer(2089858483,0ecaa5967403d082aa24f35e1b516d23) [PhysX] Initialized MultithreadedTaskDispatcher with 8 workers.
 -> (artifact id: 'bbec401a339910926e53f6dabce1d8f7') in 0.021371 seconds
Number of updated asset objects reloaded before import = 0
Number of asset objects unloaded after import = 3
========================================================================
Received Import Request.
  Time since last request: 0.000035 seconds.
  path: Assets/Palette/grass_83.asset
  artifactKey: Guid(45c56f1fabcdca9488926c58a4911ada) Importer(2089858483,0ecaa5967403d082aa24f35e1b516d23)
Start importing Assets/Palette/grass_83.asset using Guid(45c56f1fabcdca9488926c58a4911ada) Importer(2089858483,0ecaa5967403d082aa24f35e1b516d23) [PhysX] Initialized MultithreadedTaskDispatcher with 8 workers.
 -> (artifact id: '612f4409e86a39883e89c14b5b291e6f') in 0.019886 seconds
Number of updated asset objects reloaded before import = 0
Number of asset objects unloaded after import = 3
========================================================================
Received Import Request.
  Time since last request: 0.000039 seconds.
  path: Assets/Palette/grass_68.asset
  artifactKey: Guid(715b5efdf4dd45142b8bbcafc0496577) Importer(2089858483,0ecaa5967403d082aa24f35e1b516d23)
Start importing Assets/Palette/grass_68.asset using Guid(715b5efdf4dd45142b8bbcafc0496577) Importer(2089858483,0ecaa5967403d082aa24f35e1b516d23) [PhysX] Initialized MultithreadedTaskDispatcher with 8 workers.
 -> (artifact id: '70eca002b4d9469ef4ca09b599456129') in 0.024481 seconds
Number of updated asset objects reloaded before import = 0
Number of asset objects unloaded after import = 3
========================================================================
Received Import Request.
  Time since last request: 0.000042 seconds.
  path: Assets/Palette/grass_72.asset
  artifactKey: Guid(4e96ebd5069e8724c89be4a776b8a220) Importer(2089858483,0ecaa5967403d082aa24f35e1b516d23)
Start importing Assets/Palette/grass_72.asset using Guid(4e96ebd5069e8724c89be4a776b8a220) Importer(2089858483,0ecaa5967403d082aa24f35e1b516d23) [PhysX] Initialized MultithreadedTaskDispatcher with 8 workers.
 -> (artifact id: '32e144ce81e91d6c46c6e3e5a07b4f3a') in 0.023144 seconds
Number of updated asset objects reloaded before import = 0
Number of asset objects unloaded after import = 3
========================================================================
Received Import Request.
  Time since last request: 0.000035 seconds.
  path: Assets/Palette/grass_80.asset
  artifactKey: Guid(69978fd024d359545b6965601bee4e6e) Importer(2089858483,0ecaa5967403d082aa24f35e1b516d23)
Start importing Assets/Palette/grass_80.asset using Guid(69978fd024d359545b6965601bee4e6e) Importer(2089858483,0ecaa5967403d082aa24f35e1b516d23) [PhysX] Initialized MultithreadedTaskDispatcher with 8 workers.
 -> (artifact id: 'bff44c73eb1607bc26e7f54c6e8ba153') in 0.026960 seconds
Number of updated asset objects reloaded before import = 0
Number of asset objects unloaded after import = 3
========================================================================
Received Import Request.
  Time since last request: 0.000031 seconds.
  path: Assets/Palette/grass_69.asset
  artifactKey: Guid(abb20fdfc37bb8241b1a38ff011ce1bc) Importer(2089858483,0ecaa5967403d082aa24f35e1b516d23)
Start importing Assets/Palette/grass_69.asset using Guid(abb20fdfc37bb8241b1a38ff011ce1bc) Importer(2089858483,0ecaa5967403d082aa24f35e1b516d23) [PhysX] Initialized MultithreadedTaskDispatcher with 8 workers.
 -> (artifact id: 'dfd409332207466b802d735b9fc35822') in 0.023822 seconds
Number of updated asset objects reloaded before import = 0
Number of asset objects unloaded after import = 3
========================================================================
Received Import Request.
  Time since last request: 0.000032 seconds.
  path: Assets/Palette/grass_65.asset
  artifactKey: Guid(96376f3186983c3428dfbc45a94798f5) Importer(2089858483,0ecaa5967403d082aa24f35e1b516d23)
Start importing Assets/Palette/grass_65.asset using Guid(96376f3186983c3428dfbc45a94798f5) Importer(2089858483,0ecaa5967403d082aa24f35e1b516d23) [PhysX] Initialized MultithreadedTaskDispatcher with 8 workers.
 -> (artifact id: '4349088f3549ad77485fcedf5496afc1') in 0.022283 seconds
Number of updated asset objects reloaded before import = 0
Number of asset objects unloaded after import = 3
========================================================================
Received Import Request.
  Time since last request: 0.000032 seconds.
  path: Assets/Palette/reflection_14.asset
  artifactKey: Guid(84f89f3919a47754298ffe19001a4f15) Importer(2089858483,0ecaa5967403d082aa24f35e1b516d23)
Start importing Assets/Palette/reflection_14.asset using Guid(84f89f3919a47754298ffe19001a4f15) Importer(2089858483,0ecaa5967403d082aa24f35e1b516d23) [PhysX] Initialized MultithreadedTaskDispatcher with 8 workers.
 -> (artifact id: '80816f3562f51c4262d5c0e69848383f') in 0.022072 seconds
Number of updated asset objects reloaded before import = 0
Number of asset objects unloaded after import = 3
========================================================================
Received Import Request.
  Time since last request: 0.000034 seconds.
  path: Assets/Palette/reflection_21.asset
  artifactKey: Guid(075b10e4ee8e53848a6925db084de33b) Importer(2089858483,0ecaa5967403d082aa24f35e1b516d23)
Start importing Assets/Palette/reflection_21.asset using Guid(075b10e4ee8e53848a6925db084de33b) Importer(2089858483,0ecaa5967403d082aa24f35e1b516d23) [PhysX] Initialized MultithreadedTaskDispatcher with 8 workers.
 -> (artifact id: '182160960b650ce63453c6d127245fc7') in 0.021851 seconds
Number of updated asset objects reloaded before import = 0
Number of asset objects unloaded after import = 3
========================================================================
Received Import Request.
  Time since last request: 0.000042 seconds.
  path: Assets/Palette/grass_82.asset
  artifactKey: Guid(a6a81b98a7a9dfc47a34e1895ac52c22) Importer(2089858483,0ecaa5967403d082aa24f35e1b516d23)
Start importing Assets/Palette/grass_82.asset using Guid(a6a81b98a7a9dfc47a34e1895ac52c22) Importer(2089858483,0ecaa5967403d082aa24f35e1b516d23) [PhysX] Initialized MultithreadedTaskDispatcher with 8 workers.
 -> (artifact id: '29d2629c5f071b8c62a571e12146faae') in 0.023607 seconds
Number of updated asset objects reloaded before import = 0
Number of asset objects unloaded after import = 3
========================================================================
Received Import Request.
  Time since last request: 0.000050 seconds.
  path: Assets/Palette/reflection_13.asset
  artifactKey: Guid(c9ff91fb5911aa4418ce5d89cfad6f8f) Importer(2089858483,0ecaa5967403d082aa24f35e1b516d23)
Start importing Assets/Palette/reflection_13.asset using Guid(c9ff91fb5911aa4418ce5d89cfad6f8f) Importer(2089858483,0ecaa5967403d082aa24f35e1b516d23) [PhysX] Initialized MultithreadedTaskDispatcher with 8 workers.
 -> (artifact id: 'd27c143fb4c4f4d4e4c91e7c55a5375d') in 0.020804 seconds
Number of updated asset objects reloaded before import = 0
Number of asset objects unloaded after import = 3
========================================================================
Received Import Request.
  Time since last request: 0.000031 seconds.
  path: Assets/Palette/reflection_16.asset
  artifactKey: Guid(fc5b95bf2b2c31f43a86158275f89de4) Importer(2089858483,0ecaa5967403d082aa24f35e1b516d23)
Start importing Assets/Palette/reflection_16.asset using Guid(fc5b95bf2b2c31f43a86158275f89de4) Importer(2089858483,0ecaa5967403d082aa24f35e1b516d23) [PhysX] Initialized MultithreadedTaskDispatcher with 8 workers.
 -> (artifact id: 'b36680487e29c9bb4e15bb712c97c9c1') in 0.022693 seconds
Number of updated asset objects reloaded before import = 0
Number of asset objects unloaded after import = 3
========================================================================
Received Import Request.
  Time since last request: 0.000043 seconds.
  path: Assets/Palette/reflection_24.asset
  artifactKey: Guid(784f648b93102aa4d9d5049333babedb) Importer(2089858483,0ecaa5967403d082aa24f35e1b516d23)
Start importing Assets/Palette/reflection_24.asset using Guid(784f648b93102aa4d9d5049333babedb) Importer(2089858483,0ecaa5967403d082aa24f35e1b516d23) [PhysX] Initialized MultithreadedTaskDispatcher with 8 workers.
 -> (artifact id: 'ccbbf1dfc22606e91eb2012c0a770118') in 0.019886 seconds
Number of updated asset objects reloaded before import = 0
Number of asset objects unloaded after import = 3
========================================================================
Received Import Request.
  Time since last request: 0.000033 seconds.
  path: Assets/Palette/grass_66.asset
  artifactKey: Guid(b2a508b7847dc454b97a7fbd21f00c91) Importer(2089858483,0ecaa5967403d082aa24f35e1b516d23)
Start importing Assets/Palette/grass_66.asset using Guid(b2a508b7847dc454b97a7fbd21f00c91) Importer(2089858483,0ecaa5967403d082aa24f35e1b516d23) [PhysX] Initialized MultithreadedTaskDispatcher with 8 workers.
 -> (artifact id: '1dd3fac55bb49dcd1b0165e9d487f75c') in 0.025078 seconds
Number of updated asset objects reloaded before import = 0
Number of asset objects unloaded after import = 3
========================================================================
Received Import Request.
  Time since last request: 0.000028 seconds.
  path: Assets/Palette/reflection_44.asset
  artifactKey: Guid(bb3ee19afa201b041983e5a350ffcb85) Importer(2089858483,0ecaa5967403d082aa24f35e1b516d23)
Start importing Assets/Palette/reflection_44.asset using Guid(bb3ee19afa201b041983e5a350ffcb85) Importer(2089858483,0ecaa5967403d082aa24f35e1b516d23) [PhysX] Initialized MultithreadedTaskDispatcher with 8 workers.
 -> (artifact id: 'db71039e27db06325b9ccf794ff2db99') in 0.020368 seconds
Number of updated asset objects reloaded before import = 0
Number of asset objects unloaded after import = 3
========================================================================
Received Import Request.
  Time since last request: 0.000028 seconds.
  path: Assets/Palette/reflection_59.asset
  artifactKey: Guid(e4ea0b230cd8b21458587a4939d93462) Importer(2089858483,0ecaa5967403d082aa24f35e1b516d23)
Start importing Assets/Palette/reflection_59.asset using Guid(e4ea0b230cd8b21458587a4939d93462) Importer(2089858483,0ecaa5967403d082aa24f35e1b516d23) [PhysX] Initialized MultithreadedTaskDispatcher with 8 workers.
 -> (artifact id: '4b28de1ffc3f637db481b93fbc4632f1') in 0.020114 seconds
Number of updated asset objects reloaded before import = 0
Number of asset objects unloaded after import = 3
========================================================================
Received Import Request.
  Time since last request: 0.000029 seconds.
  path: Assets/Palette/reflection_62.asset
  artifactKey: Guid(e80c7f76bd7d6e94499b9fa87b3f121e) Importer(2089858483,0ecaa5967403d082aa24f35e1b516d23)
Start importing Assets/Palette/reflection_62.asset using Guid(e80c7f76bd7d6e94499b9fa87b3f121e) Importer(2089858483,0ecaa5967403d082aa24f35e1b516d23) [PhysX] Initialized MultithreadedTaskDispatcher with 8 workers.
 -> (artifact id: 'ed22dfe977af65037141d375bfb6e177') in 0.019807 seconds
Number of updated asset objects reloaded before import = 0
Number of asset objects unloaded after import = 3
========================================================================
Received Import Request.
  Time since last request: 0.000036 seconds.
  path: Assets/Palette/reflection_67.asset
  artifactKey: Guid(5bf0c54d4250358478b5cbab708e5302) Importer(2089858483,0ecaa5967403d082aa24f35e1b516d23)
Start importing Assets/Palette/reflection_67.asset using Guid(5bf0c54d4250358478b5cbab708e5302) Importer(2089858483,0ecaa5967403d082aa24f35e1b516d23) [PhysX] Initialized MultithreadedTaskDispatcher with 8 workers.
 -> (artifact id: '1446f216bc7922969e7e47d4876a54b1') in 0.018798 seconds
Number of updated asset objects reloaded before import = 0
Number of asset objects unloaded after import = 3
========================================================================
Received Import Request.
  Time since last request: 0.000059 seconds.
  path: Assets/Palette/reflection_65.asset
  artifactKey: Guid(fdd12db90802e8947bc42ace42077a91) Importer(2089858483,0ecaa5967403d082aa24f35e1b516d23)
Start importing Assets/Palette/reflection_65.asset using Guid(fdd12db90802e8947bc42ace42077a91) Importer(2089858483,0ecaa5967403d082aa24f35e1b516d23) [PhysX] Initialized MultithreadedTaskDispatcher with 8 workers.
 -> (artifact id: '10be91bd7a8bdf7f256ce05b35c31f89') in 0.022143 seconds
Number of updated asset objects reloaded before import = 0
Number of asset objects unloaded after import = 3
========================================================================
Received Import Request.
  Time since last request: 0.000029 seconds.
  path: Assets/Palette/reflection_42.asset
  artifactKey: Guid(cef8417b485057743bf90589b3cdd3a9) Importer(2089858483,0ecaa5967403d082aa24f35e1b516d23)
Start importing Assets/Palette/reflection_42.asset using Guid(cef8417b485057743bf90589b3cdd3a9) Importer(2089858483,0ecaa5967403d082aa24f35e1b516d23) [PhysX] Initialized MultithreadedTaskDispatcher with 8 workers.
 -> (artifact id: '363f1b55c886426b1cd50ea33a3497c6') in 0.020877 seconds
Number of updated asset objects reloaded before import = 0
Number of asset objects unloaded after import = 3
========================================================================
Received Import Request.
  Time since last request: 0.000027 seconds.
  path: Assets/Palette/reflection_32.asset
  artifactKey: Guid(0e4d3ac31e408b142a179be1b16b99f2) Importer(2089858483,0ecaa5967403d082aa24f35e1b516d23)
Start importing Assets/Palette/reflection_32.asset using Guid(0e4d3ac31e408b142a179be1b16b99f2) Importer(2089858483,0ecaa5967403d082aa24f35e1b516d23) [PhysX] Initialized MultithreadedTaskDispatcher with 8 workers.
 -> (artifact id: '91b86b8d4abeed535238e93700384d84') in 0.024302 seconds
Number of updated asset objects reloaded before import = 0
Number of asset objects unloaded after import = 3
========================================================================
Received Import Request.
  Time since last request: 0.000030 seconds.
  path: Assets/Palette/reflection_38.asset
  artifactKey: Guid(08c580d7b0c707b41b32e521fe6a8bf1) Importer(2089858483,0ecaa5967403d082aa24f35e1b516d23)
Start importing Assets/Palette/reflection_38.asset using Guid(08c580d7b0c707b41b32e521fe6a8bf1) Importer(2089858483,0ecaa5967403d082aa24f35e1b516d23) [PhysX] Initialized MultithreadedTaskDispatcher with 8 workers.
 -> (artifact id: '89696abe1aba6b6e484857c2716c4ac9') in 0.022620 seconds
Number of updated asset objects reloaded before import = 0
Number of asset objects unloaded after import = 3
========================================================================
Received Import Request.
  Time since last request: 0.000027 seconds.
  path: Assets/Palette/reflection_33.asset
  artifactKey: Guid(505f53a100362b04f98b45f36d698272) Importer(2089858483,0ecaa5967403d082aa24f35e1b516d23)
Start importing Assets/Palette/reflection_33.asset using Guid(505f53a100362b04f98b45f36d698272) Importer(2089858483,0ecaa5967403d082aa24f35e1b516d23) [PhysX] Initialized MultithreadedTaskDispatcher with 8 workers.
 -> (artifact id: '59524e391cbf6b13e2cc350c47199e2b') in 0.022367 seconds
Number of updated asset objects reloaded before import = 0
Number of asset objects unloaded after import = 3
========================================================================
Received Import Request.
  Time since last request: 0.000027 seconds.
  path: Assets/Palette/reflection_64.asset
  artifactKey: Guid(37d50551d545c204a8f2bc7f84201831) Importer(2089858483,0ecaa5967403d082aa24f35e1b516d23)
Start importing Assets/Palette/reflection_64.asset using Guid(37d50551d545c204a8f2bc7f84201831) Importer(2089858483,0ecaa5967403d082aa24f35e1b516d23) [PhysX] Initialized MultithreadedTaskDispatcher with 8 workers.
 -> (artifact id: 'ee0e8a242526182043519c4370c6805a') in 0.022284 seconds
Number of updated asset objects reloaded before import = 0
Number of asset objects unloaded after import = 3
========================================================================
Received Import Request.
  Time since last request: 0.000031 seconds.
  path: Assets/Palette/reflection_5.asset
  artifactKey: Guid(969cf257421abba4a8ac87ea9d2205b1) Importer(2089858483,0ecaa5967403d082aa24f35e1b516d23)
Start importing Assets/Palette/reflection_5.asset using Guid(969cf257421abba4a8ac87ea9d2205b1) Importer(2089858483,0ecaa5967403d082aa24f35e1b516d23) [PhysX] Initialized MultithreadedTaskDispatcher with 8 workers.
 -> (artifact id: 'f73e69c14590412b8c468e7dae4f1ed2') in 0.019451 seconds
Number of updated asset objects reloaded before import = 0
Number of asset objects unloaded after import = 3
========================================================================
Received Import Request.
  Time since last request: 0.000029 seconds.
  path: Assets/Palette/reflection_36.asset
  artifactKey: Guid(e3c688992e463ad4e8ba134dadbd1881) Importer(2089858483,0ecaa5967403d082aa24f35e1b516d23)
Start importing Assets/Palette/reflection_36.asset using Guid(e3c688992e463ad4e8ba134dadbd1881) Importer(2089858483,0ecaa5967403d082aa24f35e1b516d23) [PhysX] Initialized MultithreadedTaskDispatcher with 8 workers.
 -> (artifact id: '7a86bf76b66973c06b575b6fbfb2af52') in 0.022549 seconds
Number of updated asset objects reloaded before import = 0
Number of asset objects unloaded after import = 3
========================================================================
Received Import Request.
  Time since last request: 0.000044 seconds.
  path: Assets/Palette/reflection_55.asset
  artifactKey: Guid(ddf5839799fcf314fa3fcb1f57ce5dd1) Importer(2089858483,0ecaa5967403d082aa24f35e1b516d23)
Start importing Assets/Palette/reflection_55.asset using Guid(ddf5839799fcf314fa3fcb1f57ce5dd1) Importer(2089858483,0ecaa5967403d082aa24f35e1b516d23) [PhysX] Initialized MultithreadedTaskDispatcher with 8 workers.
 -> (artifact id: '9a3c5d35f4981217fb043e54dbbc46d4') in 0.020417 seconds
Number of updated asset objects reloaded before import = 0
Number of asset objects unloaded after import = 3
========================================================================
Received Import Request.
  Time since last request: 0.000035 seconds.
  path: Assets/Palette/reflection_73.asset
  artifactKey: Guid(8e76648cb8c152a42b1dca62107c9886) Importer(2089858483,0ecaa5967403d082aa24f35e1b516d23)
Start importing Assets/Palette/reflection_73.asset using Guid(8e76648cb8c152a42b1dca62107c9886) Importer(2089858483,0ecaa5967403d082aa24f35e1b516d23) [PhysX] Initialized MultithreadedTaskDispatcher with 8 workers.
 -> (artifact id: 'd0c3155f7ef9bdca5903e3c21d9ed148') in 0.020986 seconds
Number of updated asset objects reloaded before import = 0
Number of asset objects unloaded after import = 3
========================================================================
Received Import Request.
  Time since last request: 0.000048 seconds.
  path: Assets/Palette/reflection_53.asset
  artifactKey: Guid(5d71cdf86cce8f14baf7820d9d494d8b) Importer(2089858483,0ecaa5967403d082aa24f35e1b516d23)
Start importing Assets/Palette/reflection_53.asset using Guid(5d71cdf86cce8f14baf7820d9d494d8b) Importer(2089858483,0ecaa5967403d082aa24f35e1b516d23) [PhysX] Initialized MultithreadedTaskDispatcher with 8 workers.
 -> (artifact id: '23ab74fab9a39b1f4f7bfc231d9133ce') in 0.019255 seconds
Number of updated asset objects reloaded before import = 0
Number of asset objects unloaded after import = 3
========================================================================
Received Import Request.
  Time since last request: 0.000029 seconds.
  path: Assets/Palette/reflection_56.asset
  artifactKey: Guid(062f80dc8de4e0b41b7ee16263467481) Importer(2089858483,0ecaa5967403d082aa24f35e1b516d23)
Start importing Assets/Palette/reflection_56.asset using Guid(062f80dc8de4e0b41b7ee16263467481) Importer(2089858483,0ecaa5967403d082aa24f35e1b516d23) [PhysX] Initialized MultithreadedTaskDispatcher with 8 workers.
 -> (artifact id: 'f56d82bd2bf0cb722ff5106976f9bf14') in 0.020517 seconds
Number of updated asset objects reloaded before import = 0
Number of asset objects unloaded after import = 3
========================================================================
Received Import Request.
  Time since last request: 0.000037 seconds.
  path: Assets/Palette/reflection_39.asset
  artifactKey: Guid(dcceb05b6ef75724b811cfb026f93382) Importer(2089858483,0ecaa5967403d082aa24f35e1b516d23)
Start importing Assets/Palette/reflection_39.asset using Guid(dcceb05b6ef75724b811cfb026f93382) Importer(2089858483,0ecaa5967403d082aa24f35e1b516d23) [PhysX] Initialized MultithreadedTaskDispatcher with 8 workers.
 -> (artifact id: 'cbc74a8e2894353cbede1277def56416') in 0.025608 seconds
Number of updated asset objects reloaded before import = 0
Number of asset objects unloaded after import = 3
========================================================================
Received Import Request.
  Time since last request: 0.000034 seconds.
  path: Assets/Palette/reflection_70.asset
  artifactKey: Guid(f067328fde975b940a8aff780df7a9d0) Importer(2089858483,0ecaa5967403d082aa24f35e1b516d23)
Start importing Assets/Palette/reflection_70.asset using Guid(f067328fde975b940a8aff780df7a9d0) Importer(2089858483,0ecaa5967403d082aa24f35e1b516d23) [PhysX] Initialized MultithreadedTaskDispatcher with 8 workers.
 -> (artifact id: '7e0ff085a6503a0df9cbba730d57257e') in 0.030627 seconds
Number of updated asset objects reloaded before import = 0
Number of asset objects unloaded after import = 3
========================================================================
Received Import Request.
  Time since last request: 0.000047 seconds.
  path: Assets/Palette/reflection_60.asset
  artifactKey: Guid(281f09b18ac27af48a5da6a6b371fa7b) Importer(2089858483,0ecaa5967403d082aa24f35e1b516d23)
Start importing Assets/Palette/reflection_60.asset using Guid(281f09b18ac27af48a5da6a6b371fa7b) Importer(2089858483,0ecaa5967403d082aa24f35e1b516d23) [PhysX] Initialized MultithreadedTaskDispatcher with 8 workers.
 -> (artifact id: '42c2f22f551f76df5fb2ca94933dad56') in 0.022777 seconds
Number of updated asset objects reloaded before import = 0
Number of asset objects unloaded after import = 3
========================================================================
Received Import Request.
  Time since last request: 0.000039 seconds.
  path: Assets/Palette/reflection_31.asset
  artifactKey: Guid(773e0595e2be4da4ea0c40b3366d59bd) Importer(2089858483,0ecaa5967403d082aa24f35e1b516d23)
Start importing Assets/Palette/reflection_31.asset using Guid(773e0595e2be4da4ea0c40b3366d59bd) Importer(2089858483,0ecaa5967403d082aa24f35e1b516d23) [PhysX] Initialized MultithreadedTaskDispatcher with 8 workers.
 -> (artifact id: 'f923c8b9a799ab865036e720433a4ba0') in 0.020298 seconds
Number of updated asset objects reloaded before import = 0
Number of asset objects unloaded after import = 3
========================================================================
Received Import Request.
  Time since last request: 0.000057 seconds.
  path: Assets/Palette/reflection_6.asset
  artifactKey: Guid(ad9cd557c18ff07459d1631b1f88f8ec) Importer(2089858483,0ecaa5967403d082aa24f35e1b516d23)
Start importing Assets/Palette/reflection_6.asset using Guid(ad9cd557c18ff07459d1631b1f88f8ec) Importer(2089858483,0ecaa5967403d082aa24f35e1b516d23) [PhysX] Initialized MultithreadedTaskDispatcher with 8 workers.
 -> (artifact id: 'ad31301fcc9dac147c5c727e23117284') in 0.022791 seconds
Number of updated asset objects reloaded before import = 0
Number of asset objects unloaded after import = 3
========================================================================
Received Import Request.
  Time since last request: 0.000032 seconds.
  path: Assets/Palette/reflection_51.asset
  artifactKey: Guid(7a483b6201833604ab91a81f8bbaa942) Importer(2089858483,0ecaa5967403d082aa24f35e1b516d23)
Start importing Assets/Palette/reflection_51.asset using Guid(7a483b6201833604ab91a81f8bbaa942) Importer(2089858483,0ecaa5967403d082aa24f35e1b516d23) [PhysX] Initialized MultithreadedTaskDispatcher with 8 workers.
 -> (artifact id: '2b0292914d2bcbb40059e84cefb0d3c0') in 0.021760 seconds
Number of updated asset objects reloaded before import = 0
Number of asset objects unloaded after import = 3
========================================================================
Received Import Request.
  Time since last request: 0.000036 seconds.
  path: Assets/Palette/reflection_71.asset
  artifactKey: Guid(554123d444a762241aba352f0e3b3e54) Importer(2089858483,0ecaa5967403d082aa24f35e1b516d23)
Start importing Assets/Palette/reflection_71.asset using Guid(554123d444a762241aba352f0e3b3e54) Importer(2089858483,0ecaa5967403d082aa24f35e1b516d23) [PhysX] Initialized MultithreadedTaskDispatcher with 8 workers.
 -> (artifact id: 'c433ac297f7f1ecaffa77871e2286253') in 0.022190 seconds
Number of updated asset objects reloaded before import = 0
Number of asset objects unloaded after import = 3
========================================================================
Received Import Request.
  Time since last request: 0.000040 seconds.
  path: Assets/Palette/grass tileset_77.asset
  artifactKey: Guid(5a4be3f2d3717ca4eb9687fb92ca0720) Importer(2089858483,0ecaa5967403d082aa24f35e1b516d23)
Start importing Assets/Palette/grass tileset_77.asset using Guid(5a4be3f2d3717ca4eb9687fb92ca0720) Importer(2089858483,0ecaa5967403d082aa24f35e1b516d23) [PhysX] Initialized MultithreadedTaskDispatcher with 8 workers.
 -> (artifact id: '9d68d784159d0190f4267a9bc8cfddbd') in 0.024812 seconds
Number of updated asset objects reloaded before import = 0
Number of asset objects unloaded after import = 3
========================================================================
Received Import Request.
  Time since last request: 0.000034 seconds.
  path: Assets/Palette/rock_0.asset
  artifactKey: Guid(9c30098d0b95be14fb22f7e01bf1fd17) Importer(2089858483,0ecaa5967403d082aa24f35e1b516d23)
Start importing Assets/Palette/rock_0.asset using Guid(9c30098d0b95be14fb22f7e01bf1fd17) Importer(2089858483,0ecaa5967403d082aa24f35e1b516d23) [PhysX] Initialized MultithreadedTaskDispatcher with 8 workers.
 -> (artifact id: 'dbdb1639fe2c84a13befe3300841ba6e') in 0.023274 seconds
Number of updated asset objects reloaded before import = 0
Number of asset objects unloaded after import = 3
========================================================================
Received Import Request.
  Time since last request: 0.000043 seconds.
  path: Assets/Palette/rock_24.asset
  artifactKey: Guid(1ec1eda1c61b56e46aa6bfa5fa1b05d1) Importer(2089858483,0ecaa5967403d082aa24f35e1b516d23)
Start importing Assets/Palette/rock_24.asset using Guid(1ec1eda1c61b56e46aa6bfa5fa1b05d1) Importer(2089858483,0ecaa5967403d082aa24f35e1b516d23) [PhysX] Initialized MultithreadedTaskDispatcher with 8 workers.
 -> (artifact id: 'e981b181329d91d8c4a814fa52710e51') in 0.023725 seconds
Number of updated asset objects reloaded before import = 0
Number of asset objects unloaded after import = 3
========================================================================
Received Import Request.
  Time since last request: 0.000043 seconds.
  path: Assets/Palette/reflection_80.asset
  artifactKey: Guid(b685fc9ca520f784ea6e2ea0eb5a7078) Importer(2089858483,0ecaa5967403d082aa24f35e1b516d23)
Start importing Assets/Palette/reflection_80.asset using Guid(b685fc9ca520f784ea6e2ea0eb5a7078) Importer(2089858483,0ecaa5967403d082aa24f35e1b516d23) [PhysX] Initialized MultithreadedTaskDispatcher with 8 workers.
 -> (artifact id: '03dc3c9f5008b6d8e2c031a177224c6a') in 0.040577 seconds
Number of updated asset objects reloaded before import = 0
Number of asset objects unloaded after import = 3
========================================================================
Received Import Request.
  Time since last request: 0.000055 seconds.
  path: Assets/Palette/rock_12.asset
  artifactKey: Guid(1f87a381fc15ea34db8b8462a84488fd) Importer(2089858483,0ecaa5967403d082aa24f35e1b516d23)
Start importing Assets/Palette/rock_12.asset using Guid(1f87a381fc15ea34db8b8462a84488fd) Importer(2089858483,0ecaa5967403d082aa24f35e1b516d23) [PhysX] Initialized MultithreadedTaskDispatcher with 8 workers.
 -> (artifact id: '78d1b3917a10b22970d404bd9351a8d3') in 0.023895 seconds
Number of updated asset objects reloaded before import = 0
Number of asset objects unloaded after import = 3
========================================================================
Received Import Request.
  Time since last request: 0.000036 seconds.
  path: Assets/Palette/reflection_89.asset
  artifactKey: Guid(cf1e82daf66ff2b4bb42686bc6d763c8) Importer(2089858483,0ecaa5967403d082aa24f35e1b516d23)
Start importing Assets/Palette/reflection_89.asset using Guid(cf1e82daf66ff2b4bb42686bc6d763c8) Importer(2089858483,0ecaa5967403d082aa24f35e1b516d23) [PhysX] Initialized MultithreadedTaskDispatcher with 8 workers.
 -> (artifact id: '8a1d836d1ed24cc5bb545a684d7f6256') in 0.036385 seconds
Number of updated asset objects reloaded before import = 0
Number of asset objects unloaded after import = 3
========================================================================
Received Import Request.
  Time since last request: 0.000037 seconds.
  path: Assets/Palette/rock_20.asset
  artifactKey: Guid(62c72d7593d2d24438c6bf7079025114) Importer(2089858483,0ecaa5967403d082aa24f35e1b516d23)
Start importing Assets/Palette/rock_20.asset using Guid(62c72d7593d2d24438c6bf7079025114) Importer(2089858483,0ecaa5967403d082aa24f35e1b516d23) [PhysX] Initialized MultithreadedTaskDispatcher with 8 workers.
 -> (artifact id: '91469b08d3f50bfbf35f359c456f5a29') in 0.025168 seconds
Number of updated asset objects reloaded before import = 0
Number of asset objects unloaded after import = 3
========================================================================
Received Import Request.
  Time since last request: 0.000028 seconds.
  path: Assets/Palette/rock_30.asset
  artifactKey: Guid(ed7fc2cc87dd81d4fa812a2136f53648) Importer(2089858483,0ecaa5967403d082aa24f35e1b516d23)
Start importing Assets/Palette/rock_30.asset using Guid(ed7fc2cc87dd81d4fa812a2136f53648) Importer(2089858483,0ecaa5967403d082aa24f35e1b516d23) [PhysX] Initialized MultithreadedTaskDispatcher with 8 workers.
 -> (artifact id: '71871a57d6567be47d26303bc74d0f3c') in 0.024306 seconds
Number of updated asset objects reloaded before import = 0
Number of asset objects unloaded after import = 3
========================================================================
Received Import Request.
  Time since last request: 0.000033 seconds.
  path: Assets/Palette/rock_14.asset
  artifactKey: Guid(64344e6642a9b414785cf3762c759cf6) Importer(2089858483,0ecaa5967403d082aa24f35e1b516d23)
Start importing Assets/Palette/rock_14.asset using Guid(64344e6642a9b414785cf3762c759cf6) Importer(2089858483,0ecaa5967403d082aa24f35e1b516d23) [PhysX] Initialized MultithreadedTaskDispatcher with 8 workers.
 -> (artifact id: '3a9de27a3377e4df3dc4c7f47a6da174') in 0.022773 seconds
Number of updated asset objects reloaded before import = 0
Number of asset objects unloaded after import = 3
========================================================================
Received Import Request.
  Time since last request: 0.000036 seconds.
  path: Assets/Palette/rock_2.asset
  artifactKey: Guid(b89f7b3eeddf46041b77e113dc3375dd) Importer(2089858483,0ecaa5967403d082aa24f35e1b516d23)
Start importing Assets/Palette/rock_2.asset using Guid(b89f7b3eeddf46041b77e113dc3375dd) Importer(2089858483,0ecaa5967403d082aa24f35e1b516d23) [PhysX] Initialized MultithreadedTaskDispatcher with 8 workers.
 -> (artifact id: 'e494024c5f64d7d38c9e37c5e867c6f7') in 0.020645 seconds
Number of updated asset objects reloaded before import = 0
Number of asset objects unloaded after import = 3
========================================================================
Received Import Request.
  Time since last request: 0.000032 seconds.
  path: Assets/Palette/reflection_88.asset
  artifactKey: Guid(db1ddaba55fc4f1448103a7130eb49ee) Importer(2089858483,0ecaa5967403d082aa24f35e1b516d23)
Start importing Assets/Palette/reflection_88.asset using Guid(db1ddaba55fc4f1448103a7130eb49ee) Importer(2089858483,0ecaa5967403d082aa24f35e1b516d23) [PhysX] Initialized MultithreadedTaskDispatcher with 8 workers.
 -> (artifact id: '6f3f738d6359e4ae8569e5bbb3acb5c6') in 0.020588 seconds
Number of updated asset objects reloaded before import = 0
Number of asset objects unloaded after import = 3
========================================================================
Received Import Request.
  Time since last request: 0.000083 seconds.
  path: Assets/Palette/rock_21.asset
  artifactKey: Guid(bd9c40c47c1425044bbe79f3c1ebea39) Importer(2089858483,0ecaa5967403d082aa24f35e1b516d23)
Start importing Assets/Palette/rock_21.asset using Guid(bd9c40c47c1425044bbe79f3c1ebea39) Importer(2089858483,0ecaa5967403d082aa24f35e1b516d23) [PhysX] Initialized MultithreadedTaskDispatcher with 8 workers.
 -> (artifact id: 'ef08766d0ca4d6dda2501e010d620256') in 0.019880 seconds
Number of updated asset objects reloaded before import = 0
Number of asset objects unloaded after import = 3
========================================================================
Received Import Request.
  Time since last request: 0.000037 seconds.
  path: Assets/Palette/reflection_78.asset
  artifactKey: Guid(b06c5bb3d1905a34d95c9e958ae258b2) Importer(2089858483,0ecaa5967403d082aa24f35e1b516d23)
Start importing Assets/Palette/reflection_78.asset using Guid(b06c5bb3d1905a34d95c9e958ae258b2) Importer(2089858483,0ecaa5967403d082aa24f35e1b516d23) [PhysX] Initialized MultithreadedTaskDispatcher with 8 workers.
 -> (artifact id: 'aa9c495f4ea61d730f3ba0e7deff2062') in 0.022932 seconds
Number of updated asset objects reloaded before import = 0
Number of asset objects unloaded after import = 3
========================================================================
Received Import Request.
  Time since last request: 0.000036 seconds.
  path: Assets/Palette/rocciaB.prefab
  artifactKey: Guid(744534edfa702b646b871188be208f55) Importer(2089858483,0ecaa5967403d082aa24f35e1b516d23)
Start importing Assets/Palette/rocciaB.prefab using Guid(744534edfa702b646b871188be208f55) Importer(2089858483,0ecaa5967403d082aa24f35e1b516d23) [PhysX] Initialized MultithreadedTaskDispatcher with 8 workers.
 -> (artifact id: '37c1cfbf33bf2f8a7011827a46d88800') in 0.106508 seconds
Number of updated asset objects reloaded before import = 0
Number of asset objects unloaded after import = 10
========================================================================
Received Import Request.
  Time since last request: 0.000036 seconds.
  path: Assets/Palette/rock_29.asset
  artifactKey: Guid(fd902e5a544201a48a55fbaf599b5f50) Importer(2089858483,0ecaa5967403d082aa24f35e1b516d23)
Start importing Assets/Palette/rock_29.asset using Guid(fd902e5a544201a48a55fbaf599b5f50) Importer(2089858483,0ecaa5967403d082aa24f35e1b516d23) [PhysX] Initialized MultithreadedTaskDispatcher with 8 workers.
 -> (artifact id: '57df447ff59e81694d4674c15eb050c3') in 0.021588 seconds
Number of updated asset objects reloaded before import = 0
Number of asset objects unloaded after import = 3
========================================================================
Received Import Request.
  Time since last request: 0.000035 seconds.
  path: Assets/Palette/rock_27.asset
  artifactKey: Guid(588e4f234258ece41b4469fe3cd5effa) Importer(2089858483,0ecaa5967403d082aa24f35e1b516d23)
Start importing Assets/Palette/rock_27.asset using Guid(588e4f234258ece41b4469fe3cd5effa) Importer(2089858483,0ecaa5967403d082aa24f35e1b516d23) [PhysX] Initialized MultithreadedTaskDispatcher with 8 workers.
 -> (artifact id: 'c628b27b2bfff678ed3ff44d31a7c1d8') in 0.020762 seconds
Number of updated asset objects reloaded before import = 0
Number of asset objects unloaded after import = 3
========================================================================
Received Import Request.
  Time since last request: 0.000046 seconds.
  path: Assets/Palette/Roccia.prefab
  artifactKey: Guid(1b2b9cbe11295c743bb15c02bb8ad079) Importer(2089858483,0ecaa5967403d082aa24f35e1b516d23)
Start importing Assets/Palette/Roccia.prefab using Guid(1b2b9cbe11295c743bb15c02bb8ad079) Importer(2089858483,0ecaa5967403d082aa24f35e1b516d23) [PhysX] Initialized MultithreadedTaskDispatcher with 8 workers.
 -> (artifact id: 'cf2326924505d10df08760038f3094e4') in 0.022354 seconds
Number of updated asset objects reloaded before import = 0
Number of asset objects unloaded after import = 10
========================================================================
Received Import Request.
  Time since last request: 0.000031 seconds.
  path: Assets/Palette/reflection_76.asset
  artifactKey: Guid(541821c792c94404ab6ec03dcd75f520) Importer(2089858483,0ecaa5967403d082aa24f35e1b516d23)
Start importing Assets/Palette/reflection_76.asset using Guid(541821c792c94404ab6ec03dcd75f520) Importer(2089858483,0ecaa5967403d082aa24f35e1b516d23) [PhysX] Initialized MultithreadedTaskDispatcher with 8 workers.
 -> (artifact id: 'bbb92ad913eb2af27f5027ef506f4811') in 0.020096 seconds
Number of updated asset objects reloaded before import = 0
Number of asset objects unloaded after import = 3
========================================================================
Received Import Request.
  Time since last request: 0.000031 seconds.
  path: Assets/Palette/reflection_8.asset
  artifactKey: Guid(a33d371836dd33c449feb6bcf72c166d) Importer(2089858483,0ecaa5967403d082aa24f35e1b516d23)
Start importing Assets/Palette/reflection_8.asset using Guid(a33d371836dd33c449feb6bcf72c166d) Importer(2089858483,0ecaa5967403d082aa24f35e1b516d23) [PhysX] Initialized MultithreadedTaskDispatcher with 8 workers.
 -> (artifact id: 'fc6ace7b84ffcc33789ea5d6c17aa9f4') in 0.020763 seconds
Number of updated asset objects reloaded before import = 0
Number of asset objects unloaded after import = 3
========================================================================
Received Import Request.
  Time since last request: 0.000026 seconds.
  path: Assets/Palette/rock_31.asset
  artifactKey: Guid(436e730ca72d03e40af81986fb9b6fe1) Importer(2089858483,0ecaa5967403d082aa24f35e1b516d23)
Start importing Assets/Palette/rock_31.asset using Guid(436e730ca72d03e40af81986fb9b6fe1) Importer(2089858483,0ecaa5967403d082aa24f35e1b516d23) [PhysX] Initialized MultithreadedTaskDispatcher with 8 workers.
 -> (artifact id: '6e1eb1399b613622dd60eb1ab8263fe7') in 0.021093 seconds
Number of updated asset objects reloaded before import = 0
Number of asset objects unloaded after import = 3
========================================================================
Received Import Request.
  Time since last request: 0.000043 seconds.
  path: Assets/Palette/rock_43.asset
  artifactKey: Guid(7e0d6713c6e7da541a153cc374494435) Importer(2089858483,0ecaa5967403d082aa24f35e1b516d23)
Start importing Assets/Palette/rock_43.asset using Guid(7e0d6713c6e7da541a153cc374494435) Importer(2089858483,0ecaa5967403d082aa24f35e1b516d23) [PhysX] Initialized MultithreadedTaskDispatcher with 8 workers.
 -> (artifact id: 'fc6a1d603b2886a57bcb61b5cc80efab') in 0.022839 seconds
Number of updated asset objects reloaded before import = 0
Number of asset objects unloaded after import = 3
========================================================================
Received Import Request.
  Time since last request: 0.000032 seconds.
  path: Assets/Palette/rock_52.asset
  artifactKey: Guid(392ccb4c24374364b8bd275e9e61a8bb) Importer(2089858483,0ecaa5967403d082aa24f35e1b516d23)
Start importing Assets/Palette/rock_52.asset using Guid(392ccb4c24374364b8bd275e9e61a8bb) Importer(2089858483,0ecaa5967403d082aa24f35e1b516d23) [PhysX] Initialized MultithreadedTaskDispatcher with 8 workers.
 -> (artifact id: 'b8b707e4c0aa06d270989d0524b8c78d') in 0.025218 seconds
Number of updated asset objects reloaded before import = 0
Number of asset objects unloaded after import = 3
========================================================================
Received Import Request.
  Time since last request: 0.000040 seconds.
  path: Assets/Palette/rock_59.asset
  artifactKey: Guid(aa7ca55873b692e45ae05ffd8e66947c) Importer(2089858483,0ecaa5967403d082aa24f35e1b516d23)
Start importing Assets/Palette/rock_59.asset using Guid(aa7ca55873b692e45ae05ffd8e66947c) Importer(2089858483,0ecaa5967403d082aa24f35e1b516d23) [PhysX] Initialized MultithreadedTaskDispatcher with 8 workers.
 -> (artifact id: '82d1d3232de9dce001924dac229219ec') in 0.023215 seconds
Number of updated asset objects reloaded before import = 0
Number of asset objects unloaded after import = 3
========================================================================
Received Import Request.
  Time since last request: 0.000033 seconds.
  path: Assets/Palette/rock_55.asset
  artifactKey: Guid(e585de74d4869124181d28e763689100) Importer(2089858483,0ecaa5967403d082aa24f35e1b516d23)
Start importing Assets/Palette/rock_55.asset using Guid(e585de74d4869124181d28e763689100) Importer(2089858483,0ecaa5967403d082aa24f35e1b516d23) [PhysX] Initialized MultithreadedTaskDispatcher with 8 workers.
 -> (artifact id: '276dd3c558658965ff687309da876161') in 0.024658 seconds
Number of updated asset objects reloaded before import = 0
Number of asset objects unloaded after import = 3
========================================================================
Received Import Request.
  Time since last request: 0.000140 seconds.
  path: Assets/Palette/rock_34.asset
  artifactKey: Guid(2b0dbd07e7bb6e24b8ca8cea9c036303) Importer(2089858483,0ecaa5967403d082aa24f35e1b516d23)
Start importing Assets/Palette/rock_34.asset using Guid(2b0dbd07e7bb6e24b8ca8cea9c036303) Importer(2089858483,0ecaa5967403d082aa24f35e1b516d23) [PhysX] Initialized MultithreadedTaskDispatcher with 8 workers.
 -> (artifact id: '21a53b47f16a52697621e9a36f4a44d5') in 0.019199 seconds
Number of updated asset objects reloaded before import = 0
Number of asset objects unloaded after import = 3
========================================================================
Received Import Request.
  Time since last request: 0.000030 seconds.
  path: Assets/Palette/rock_45.asset
  artifactKey: Guid(6e18ab54cd52e364a84b269524df372d) Importer(2089858483,0ecaa5967403d082aa24f35e1b516d23)
Start importing Assets/Palette/rock_45.asset using Guid(6e18ab54cd52e364a84b269524df372d) Importer(2089858483,0ecaa5967403d082aa24f35e1b516d23) [PhysX] Initialized MultithreadedTaskDispatcher with 8 workers.
 -> (artifact id: 'ef4c67b2d63c9861e34e7c2efd5d88bb') in 0.022415 seconds
Number of updated asset objects reloaded before import = 0
Number of asset objects unloaded after import = 3
========================================================================
Received Import Request.
  Time since last request: 0.000441 seconds.
  path: Assets/Palette/rock_50.asset
  artifactKey: Guid(327eccdb311992d41960b643e0d5f209) Importer(2089858483,0ecaa5967403d082aa24f35e1b516d23)
Start importing Assets/Palette/rock_50.asset using Guid(327eccdb311992d41960b643e0d5f209) Importer(2089858483,0ecaa5967403d082aa24f35e1b516d23) [PhysX] Initialized MultithreadedTaskDispatcher with 8 workers.
 -> (artifact id: '7fecdd1383f981c8b71b966e5fb74760') in 0.018389 seconds
Number of updated asset objects reloaded before import = 0
Number of asset objects unloaded after import = 3
========================================================================
Received Import Request.
  Time since last request: 0.000049 seconds.
  path: Assets/Palette/rock_56.asset
  artifactKey: Guid(766a7bdad86ebe14f9fdc9e94fe4c5e8) Importer(2089858483,0ecaa5967403d082aa24f35e1b516d23)
Start importing Assets/Palette/rock_56.asset using Guid(766a7bdad86ebe14f9fdc9e94fe4c5e8) Importer(2089858483,0ecaa5967403d082aa24f35e1b516d23) [PhysX] Initialized MultithreadedTaskDispatcher with 8 workers.
 -> (artifact id: '501861349f1dbbc97a4a6239cca3ed10') in 0.019756 seconds
Number of updated asset objects reloaded before import = 0
Number of asset objects unloaded after import = 3
========================================================================
Received Import Request.
  Time since last request: 0.000035 seconds.
  path: Assets/Palette/rock_58.asset
  artifactKey: Guid(b534ff362ae6f6943bd2ac3a3c0fe629) Importer(2089858483,0ecaa5967403d082aa24f35e1b516d23)
Start importing Assets/Palette/rock_58.asset using Guid(b534ff362ae6f6943bd2ac3a3c0fe629) Importer(2089858483,0ecaa5967403d082aa24f35e1b516d23) [PhysX] Initialized MultithreadedTaskDispatcher with 8 workers.
 -> (artifact id: 'b33ac3a5c360a3b6cb798a76f52a76a4') in 0.021236 seconds
Number of updated asset objects reloaded before import = 0
Number of asset objects unloaded after import = 3
========================================================================
Received Import Request.
  Time since last request: 0.000041 seconds.
  path: Assets/Palette/rock_47.asset
  artifactKey: Guid(ee6eee898dcf56342bd653c1ede19a72) Importer(2089858483,0ecaa5967403d082aa24f35e1b516d23)
Start importing Assets/Palette/rock_47.asset using Guid(ee6eee898dcf56342bd653c1ede19a72) Importer(2089858483,0ecaa5967403d082aa24f35e1b516d23) [PhysX] Initialized MultithreadedTaskDispatcher with 8 workers.
 -> (artifact id: '0302613b3aad09a39d8103b0a448aad6') in 0.018571 seconds
Number of updated asset objects reloaded before import = 0
Number of asset objects unloaded after import = 3
========================================================================
Received Import Request.
  Time since last request: 0.000032 seconds.
  path: Assets/Palette/rock_38.asset
  artifactKey: Guid(2f77e1623151fc94a8d1cab4fde55241) Importer(2089858483,0ecaa5967403d082aa24f35e1b516d23)
Start importing Assets/Palette/rock_38.asset using Guid(2f77e1623151fc94a8d1cab4fde55241) Importer(2089858483,0ecaa5967403d082aa24f35e1b516d23) [PhysX] Initialized MultithreadedTaskDispatcher with 8 workers.
 -> (artifact id: '1f8138d07c027a6b2eda61dba6a5b4c5') in 0.026445 seconds
Number of updated asset objects reloaded before import = 0
Number of asset objects unloaded after import = 3
========================================================================
Received Import Request.
  Time since last request: 0.000032 seconds.
  path: Assets/Palette/rock_6.asset
  artifactKey: Guid(c60cbfc2757269c4a81e22d367975dcb) Importer(2089858483,0ecaa5967403d082aa24f35e1b516d23)
Start importing Assets/Palette/rock_6.asset using Guid(c60cbfc2757269c4a81e22d367975dcb) Importer(2089858483,0ecaa5967403d082aa24f35e1b516d23) [PhysX] Initialized MultithreadedTaskDispatcher with 8 workers.
 -> (artifact id: 'c7e289ad2c3c28c50d9f499951b9552c') in 0.025133 seconds
Number of updated asset objects reloaded before import = 0
Number of asset objects unloaded after import = 3
========================================================================
Received Import Request.
  Time since last request: 0.000044 seconds.
  path: Assets/Palette/rock_63.asset
  artifactKey: Guid(78e981e2106bc7b4a83ace02a7e84fe8) Importer(2089858483,0ecaa5967403d082aa24f35e1b516d23)
Start importing Assets/Palette/rock_63.asset using Guid(78e981e2106bc7b4a83ace02a7e84fe8) Importer(2089858483,0ecaa5967403d082aa24f35e1b516d23) [PhysX] Initialized MultithreadedTaskDispatcher with 8 workers.
 -> (artifact id: '8ea376d5680d95f22bbd90e156c18908') in 0.021743 seconds
Number of updated asset objects reloaded before import = 0
Number of asset objects unloaded after import = 3
========================================================================
Received Import Request.
  Time since last request: 0.000028 seconds.
  path: Assets/Palette/rock_66.asset
  artifactKey: Guid(bb1eb145b2302d748858f6b60f480f7a) Importer(2089858483,0ecaa5967403d082aa24f35e1b516d23)
Start importing Assets/Palette/rock_66.asset using Guid(bb1eb145b2302d748858f6b60f480f7a) Importer(2089858483,0ecaa5967403d082aa24f35e1b516d23) [PhysX] Initialized MultithreadedTaskDispatcher with 8 workers.
 -> (artifact id: 'bd35c873a8d7e3cedf8152c1fe1ef318') in 0.019762 seconds
Number of updated asset objects reloaded before import = 0
Number of asset objects unloaded after import = 3
========================================================================
Received Import Request.
  Time since last request: 0.000025 seconds.
  path: Assets/Palette/rock_61.asset
  artifactKey: Guid(92f27529e2abdc645870950040f0e4a4) Importer(2089858483,0ecaa5967403d082aa24f35e1b516d23)
Start importing Assets/Palette/rock_61.asset using Guid(92f27529e2abdc645870950040f0e4a4) Importer(2089858483,0ecaa5967403d082aa24f35e1b516d23) [PhysX] Initialized MultithreadedTaskDispatcher with 8 workers.
 -> (artifact id: 'f636dfbf1f0b17118585b2a71894d2b3') in 0.019938 seconds
Number of updated asset objects reloaded before import = 0
Number of asset objects unloaded after import = 3
========================================================================
Received Import Request.
  Time since last request: 0.000041 seconds.
  path: Assets/Palette/rock_4.asset
  artifactKey: Guid(f8ce66ad92913ed4ea271aac272e4c90) Importer(2089858483,0ecaa5967403d082aa24f35e1b516d23)
Start importing Assets/Palette/rock_4.asset using Guid(f8ce66ad92913ed4ea271aac272e4c90) Importer(2089858483,0ecaa5967403d082aa24f35e1b516d23) [PhysX] Initialized MultithreadedTaskDispatcher with 8 workers.
 -> (artifact id: '3fd77e32759833f44a303db1dd3f3b5b') in 0.022253 seconds
Number of updated asset objects reloaded before import = 0
Number of asset objects unloaded after import = 3
========================================================================
Received Import Request.
  Time since last request: 0.000049 seconds.
  path: Assets/Palette/rock_39.asset
  artifactKey: Guid(54c51cd14b5ba104b8f59cca8433f419) Importer(2089858483,0ecaa5967403d082aa24f35e1b516d23)
Start importing Assets/Palette/rock_39.asset using Guid(54c51cd14b5ba104b8f59cca8433f419) Importer(2089858483,0ecaa5967403d082aa24f35e1b516d23) [PhysX] Initialized MultithreadedTaskDispatcher with 8 workers.
 -> (artifact id: 'a0781a53c18582a7296669d53d719e2f') in 0.021245 seconds
Number of updated asset objects reloaded before import = 0
Number of asset objects unloaded after import = 3
========================================================================
Received Import Request.
  Time since last request: 0.000037 seconds.
  path: Assets/Palette/rock_17.asset
  artifactKey: Guid(61ed540483fc09343bcf00c2fe3ab1eb) Importer(2089858483,0ecaa5967403d082aa24f35e1b516d23)
Start importing Assets/Palette/rock_17.asset using Guid(61ed540483fc09343bcf00c2fe3ab1eb) Importer(2089858483,0ecaa5967403d082aa24f35e1b516d23) [PhysX] Initialized MultithreadedTaskDispatcher with 8 workers.
 -> (artifact id: 'fb97d5afdf11f6e815b85d9d7b2a00a3') in 0.021009 seconds
Number of updated asset objects reloaded before import = 0
Number of asset objects unloaded after import = 3
========================================================================
Received Import Request.
  Time since last request: 0.000056 seconds.
  path: Assets/Palette/rock_64.asset
  artifactKey: Guid(8bf700a16c1744448b5ed54427446e0e) Importer(2089858483,0ecaa5967403d082aa24f35e1b516d23)
Start importing Assets/Palette/rock_64.asset using Guid(8bf700a16c1744448b5ed54427446e0e) Importer(2089858483,0ecaa5967403d082aa24f35e1b516d23) [PhysX] Initialized MultithreadedTaskDispatcher with 8 workers.
 -> (artifact id: 'cee161525f0003ae893f0e59a11d584d') in 0.021031 seconds
Number of updated asset objects reloaded before import = 0
Number of asset objects unloaded after import = 3
========================================================================
Received Import Request.
  Time since last request: 0.000032 seconds.
  path: Assets/Palette/grass tileset_150.asset
  artifactKey: Guid(57d12c4a4ef07404db32bf3604010ffa) Importer(2089858483,0ecaa5967403d082aa24f35e1b516d23)
Start importing Assets/Palette/grass tileset_150.asset using Guid(57d12c4a4ef07404db32bf3604010ffa) Importer(2089858483,0ecaa5967403d082aa24f35e1b516d23) [PhysX] Initialized MultithreadedTaskDispatcher with 8 workers.
 -> (artifact id: 'd9dc16f16befb9c332ecd35c4097d5c7') in 0.020221 seconds
Number of updated asset objects reloaded before import = 0
Number of asset objects unloaded after import = 3
========================================================================
Received Import Request.
  Time since last request: 0.000052 seconds.
  path: Assets/Palette/reflection_9.asset
  artifactKey: Guid(642c4642ded1b2e478530bb19dd42b03) Importer(2089858483,0ecaa5967403d082aa24f35e1b516d23)
Start importing Assets/Palette/reflection_9.asset using Guid(642c4642ded1b2e478530bb19dd42b03) Importer(2089858483,0ecaa5967403d082aa24f35e1b516d23) [PhysX] Initialized MultithreadedTaskDispatcher with 8 workers.
 -> (artifact id: '4f039c111d1098f57b4e60c6e81aeecb') in 0.019886 seconds
Number of updated asset objects reloaded before import = 0
Number of asset objects unloaded after import = 3
========================================================================
Received Import Request.
  Time since last request: 0.000037 seconds.
  path: Assets/Palette/reflection_37.asset
  artifactKey: Guid(16b0cbb5908df5e4991a131531b7415d) Importer(2089858483,0ecaa5967403d082aa24f35e1b516d23)
Start importing Assets/Palette/reflection_37.asset using Guid(16b0cbb5908df5e4991a131531b7415d) Importer(2089858483,0ecaa5967403d082aa24f35e1b516d23) [PhysX] Initialized MultithreadedTaskDispatcher with 8 workers.
 -> (artifact id: 'fe3bf580683befc06b458e92bedb15e0') in 0.021732 seconds
Number of updated asset objects reloaded before import = 0
Number of asset objects unloaded after import = 3
========================================================================
Received Import Request.
  Time since last request: 0.000036 seconds.
  path: Assets/Palette/rock_3.asset
  artifactKey: Guid(826efe28a08f6074b9b2ddcda7d272db) Importer(2089858483,0ecaa5967403d082aa24f35e1b516d23)
Start importing Assets/Palette/rock_3.asset using Guid(826efe28a08f6074b9b2ddcda7d272db) Importer(2089858483,0ecaa5967403d082aa24f35e1b516d23) [PhysX] Initialized MultithreadedTaskDispatcher with 8 workers.
 -> (artifact id: 'ea64b0b6e078b0c000fa2df5ebf96863') in 0.021924 seconds
Number of updated asset objects reloaded before import = 0
Number of asset objects unloaded after import = 3
========================================================================
Received Import Request.
  Time since last request: 0.000030 seconds.
  path: Assets/Palette/rock_85.asset
  artifactKey: Guid(a1e7f80eb4733a24da2f824221d36e2f) Importer(2089858483,0ecaa5967403d082aa24f35e1b516d23)
Start importing Assets/Palette/rock_85.asset using Guid(a1e7f80eb4733a24da2f824221d36e2f) Importer(2089858483,0ecaa5967403d082aa24f35e1b516d23) [PhysX] Initialized MultithreadedTaskDispatcher with 8 workers.
 -> (artifact id: '1366adbb38bddcf7c24abc7065583d37') in 0.019839 seconds
Number of updated asset objects reloaded before import = 0
Number of asset objects unloaded after import = 3
========================================================================
Received Import Request.
  Time since last request: 0.000025 seconds.
  path: Assets/Palette/rock_70.asset
  artifactKey: Guid(91d73ba433c6acc47a33ddf3b5c9f53b) Importer(2089858483,0ecaa5967403d082aa24f35e1b516d23)
Start importing Assets/Palette/rock_70.asset using Guid(91d73ba433c6acc47a33ddf3b5c9f53b) Importer(2089858483,0ecaa5967403d082aa24f35e1b516d23) [PhysX] Initialized MultithreadedTaskDispatcher with 8 workers.
 -> (artifact id: '46166b458b8eab3ededf0400ae4ede24') in 0.025920 seconds
Number of updated asset objects reloaded before import = 0
Number of asset objects unloaded after import = 3
========================================================================
Received Import Request.
  Time since last request: 0.000049 seconds.
  path: Assets/Palette/rock_68.asset
  artifactKey: Guid(d0b331735b8db624d9a21af87a9f3200) Importer(2089858483,0ecaa5967403d082aa24f35e1b516d23)
Start importing Assets/Palette/rock_68.asset using Guid(d0b331735b8db624d9a21af87a9f3200) Importer(2089858483,0ecaa5967403d082aa24f35e1b516d23) [PhysX] Initialized MultithreadedTaskDispatcher with 8 workers.
 -> (artifact id: '01a928e46149fda7b3ac210fd5ca7665') in 0.023866 seconds
Number of updated asset objects reloaded before import = 0
Number of asset objects unloaded after import = 3
========================================================================
Received Import Request.
  Time since last request: 0.000056 seconds.
  path: Assets/Palette/scenery_11.asset
  artifactKey: Guid(bae8445a5aa75e748bcdb9cd732ede3e) Importer(2089858483,0ecaa5967403d082aa24f35e1b516d23)
Start importing Assets/Palette/scenery_11.asset using Guid(bae8445a5aa75e748bcdb9cd732ede3e) Importer(2089858483,0ecaa5967403d082aa24f35e1b516d23) [PhysX] Initialized MultithreadedTaskDispatcher with 8 workers.
 -> (artifact id: 'f9a64d66d47c5c526fda4029515387ca') in 0.023627 seconds
Number of updated asset objects reloaded before import = 0
Number of asset objects unloaded after import = 3
========================================================================
Received Import Request.
  Time since last request: 0.000040 seconds.
  path: Assets/Palette/rock_9.asset
  artifactKey: Guid(e0a27e1abd94bba4a9ebe4ef6d3df1fe) Importer(2089858483,0ecaa5967403d082aa24f35e1b516d23)
Start importing Assets/Palette/rock_9.asset using Guid(e0a27e1abd94bba4a9ebe4ef6d3df1fe) Importer(2089858483,0ecaa5967403d082aa24f35e1b516d23) [PhysX] Initialized MultithreadedTaskDispatcher with 8 workers.
 -> (artifact id: '34383d9402845bb0243f0a6a57063c44') in 0.024859 seconds
Number of updated asset objects reloaded before import = 0
Number of asset objects unloaded after import = 3
========================================================================
Received Import Request.
  Time since last request: 0.000046 seconds.
  path: Assets/Palette/scenery_100.asset
  artifactKey: Guid(fbcb8c0974c549241b0839723a697772) Importer(2089858483,0ecaa5967403d082aa24f35e1b516d23)
Start importing Assets/Palette/scenery_100.asset using Guid(fbcb8c0974c549241b0839723a697772) Importer(2089858483,0ecaa5967403d082aa24f35e1b516d23) [PhysX] Initialized MultithreadedTaskDispatcher with 8 workers.
 -> (artifact id: '9fc65d25dd39e5eb3a83b9fa8fcdfd41') in 0.019845 seconds
Number of updated asset objects reloaded before import = 0
Number of asset objects unloaded after import = 3
========================================================================
Received Import Request.
  Time since last request: 0.000040 seconds.
  path: Assets/Palette/rock_8.asset
  artifactKey: Guid(1e3240b98e59c1f4a96251df140662e2) Importer(2089858483,0ecaa5967403d082aa24f35e1b516d23)
Start importing Assets/Palette/rock_8.asset using Guid(1e3240b98e59c1f4a96251df140662e2) Importer(2089858483,0ecaa5967403d082aa24f35e1b516d23) [PhysX] Initialized MultithreadedTaskDispatcher with 8 workers.
 -> (artifact id: 'f18a0afb84338f85bca10ed1c4b2fe09') in 0.020735 seconds
Number of updated asset objects reloaded before import = 0
Number of asset objects unloaded after import = 3
========================================================================
Received Import Request.
  Time since last request: 0.000034 seconds.
  path: Assets/Palette/rock_78.asset
  artifactKey: Guid(55f99ccdc31d45e4f947c6f0baddd185) Importer(2089858483,0ecaa5967403d082aa24f35e1b516d23)
Start importing Assets/Palette/rock_78.asset using Guid(55f99ccdc31d45e4f947c6f0baddd185) Importer(2089858483,0ecaa5967403d082aa24f35e1b516d23) [PhysX] Initialized MultithreadedTaskDispatcher with 8 workers.
 -> (artifact id: 'ba1518fb72a7e56f0ff505264aaa292b') in 0.022650 seconds
Number of updated asset objects reloaded before import = 0
Number of asset objects unloaded after import = 3
========================================================================
Received Import Request.
  Time since last request: 0.000029 seconds.
  path: Assets/Palette/scenery_1.asset
  artifactKey: Guid(b4054ed9447df4548b48a281d5878a61) Importer(2089858483,0ecaa5967403d082aa24f35e1b516d23)
Start importing Assets/Palette/scenery_1.asset using Guid(b4054ed9447df4548b48a281d5878a61) Importer(2089858483,0ecaa5967403d082aa24f35e1b516d23) [PhysX] Initialized MultithreadedTaskDispatcher with 8 workers.
 -> (artifact id: '316e120185febe4302d80b9268412a30') in 0.020106 seconds
Number of updated asset objects reloaded before import = 0
Number of asset objects unloaded after import = 3
========================================================================
Received Import Request.
  Time since last request: 0.000032 seconds.
  path: Assets/Palette/rock_80.asset
  artifactKey: Guid(264e1bba21e8d3a4897290f3f3dc2069) Importer(2089858483,0ecaa5967403d082aa24f35e1b516d23)
Start importing Assets/Palette/rock_80.asset using Guid(264e1bba21e8d3a4897290f3f3dc2069) Importer(2089858483,0ecaa5967403d082aa24f35e1b516d23) [PhysX] Initialized MultithreadedTaskDispatcher with 8 workers.
 -> (artifact id: 'd1bc22124e20893b3620fb8ed232937c') in 0.021929 seconds
Number of updated asset objects reloaded before import = 0
Number of asset objects unloaded after import = 3
========================================================================
Received Import Request.
  Time since last request: 0.000027 seconds.
  path: Assets/Palette/scenery_115.asset
  artifactKey: Guid(44b311a6af890d242a184963e9c693ce) Importer(2089858483,0ecaa5967403d082aa24f35e1b516d23)
Start importing Assets/Palette/scenery_115.asset using Guid(44b311a6af890d242a184963e9c693ce) Importer(2089858483,0ecaa5967403d082aa24f35e1b516d23) [PhysX] Initialized MultithreadedTaskDispatcher with 8 workers.
 -> (artifact id: '6f43a6c8d8c7a3fcfc0932dd0db72326') in 0.019661 seconds
Number of updated asset objects reloaded before import = 0
Number of asset objects unloaded after import = 3
========================================================================
Received Import Request.
  Time since last request: 0.000031 seconds.
  path: Assets/Palette/rock_74.asset
  artifactKey: Guid(5212119438d1bf14387f583775b60c35) Importer(2089858483,0ecaa5967403d082aa24f35e1b516d23)
Start importing Assets/Palette/rock_74.asset using Guid(5212119438d1bf14387f583775b60c35) Importer(2089858483,0ecaa5967403d082aa24f35e1b516d23) [PhysX] Initialized MultithreadedTaskDispatcher with 8 workers.
 -> (artifact id: 'cec37f5ff194b8a457750e98e3fa94f5') in 0.020733 seconds
Number of updated asset objects reloaded before import = 0
Number of asset objects unloaded after import = 3
========================================================================
Received Import Request.
  Time since last request: 0.000059 seconds.
  path: Assets/Palette/scenery_110.asset
  artifactKey: Guid(eddbb7c9b7b339a439a57b9a0c35f03a) Importer(2089858483,0ecaa5967403d082aa24f35e1b516d23)
Start importing Assets/Palette/scenery_110.asset using Guid(eddbb7c9b7b339a439a57b9a0c35f03a) Importer(2089858483,0ecaa5967403d082aa24f35e1b516d23) [PhysX] Initialized MultithreadedTaskDispatcher with 8 workers.
 -> (artifact id: '5408084f9ab13f841399ef6dc21188ba') in 0.019403 seconds
Number of updated asset objects reloaded before import = 0
Number of asset objects unloaded after import = 3
========================================================================
Received Import Request.
  Time since last request: 0.000051 seconds.
  path: Assets/Palette/rock_79.asset
  artifactKey: Guid(2a72803e91d9f0d4392b0f60a1dbbb67) Importer(2089858483,0ecaa5967403d082aa24f35e1b516d23)
Start importing Assets/Palette/rock_79.asset using Guid(2a72803e91d9f0d4392b0f60a1dbbb67) Importer(2089858483,0ecaa5967403d082aa24f35e1b516d23) [PhysX] Initialized MultithreadedTaskDispatcher with 8 workers.
 -> (artifact id: '63b5b1a29c8017201a06addae764e97c') in 0.022491 seconds
Number of updated asset objects reloaded before import = 0
Number of asset objects unloaded after import = 3
========================================================================
Received Import Request.
  Time since last request: 0.000030 seconds.
  path: Assets/Palette/rock_76.asset
  artifactKey: Guid(119aa71aceb9c074ca094db9c6e21166) Importer(2089858483,0ecaa5967403d082aa24f35e1b516d23)
Start importing Assets/Palette/rock_76.asset using Guid(119aa71aceb9c074ca094db9c6e21166) Importer(2089858483,0ecaa5967403d082aa24f35e1b516d23) [PhysX] Initialized MultithreadedTaskDispatcher with 8 workers.
 -> (artifact id: 'ca429d73be212db91f83ffb2671fa93e') in 0.022162 seconds
Number of updated asset objects reloaded before import = 0
Number of asset objects unloaded after import = 3
========================================================================
Received Import Request.
  Time since last request: 0.000031 seconds.
  path: Assets/Palette/rock_86.asset
  artifactKey: Guid(6b99458ad486ea349b022ad3315ccd0d) Importer(2089858483,0ecaa5967403d082aa24f35e1b516d23)
Start importing Assets/Palette/rock_86.asset using Guid(6b99458ad486ea349b022ad3315ccd0d) Importer(2089858483,0ecaa5967403d082aa24f35e1b516d23) [PhysX] Initialized MultithreadedTaskDispatcher with 8 workers.
 -> (artifact id: '19b6be925640042bfc89e6df98be4f8c') in 0.021609 seconds
Number of updated asset objects reloaded before import = 0
Number of asset objects unloaded after import = 3
========================================================================
Received Import Request.
  Time since last request: 0.000032 seconds.
  path: Assets/Palette/scenery_108.asset
  artifactKey: Guid(22d1484311cb21540b230ef127a817ae) Importer(2089858483,0ecaa5967403d082aa24f35e1b516d23)
Start importing Assets/Palette/scenery_108.asset using Guid(22d1484311cb21540b230ef127a817ae) Importer(2089858483,0ecaa5967403d082aa24f35e1b516d23) [PhysX] Initialized MultithreadedTaskDispatcher with 8 workers.
 -> (artifact id: '8e02a1c111205bb9f83b20791e95efed') in 0.021230 seconds
Number of updated asset objects reloaded before import = 0
Number of asset objects unloaded after import = 3
========================================================================
Received Import Request.
  Time since last request: 0.000028 seconds.
  path: Assets/Palette/scenery_114.asset
  artifactKey: Guid(c8877d5ba23152e4d81dae18b845db9f) Importer(2089858483,0ecaa5967403d082aa24f35e1b516d23)
Start importing Assets/Palette/scenery_114.asset using Guid(c8877d5ba23152e4d81dae18b845db9f) Importer(2089858483,0ecaa5967403d082aa24f35e1b516d23) [PhysX] Initialized MultithreadedTaskDispatcher with 8 workers.
 -> (artifact id: '84ddcc550f8a1d9fbf3ce6f69327dd2e') in 0.024725 seconds
Number of updated asset objects reloaded before import = 0
Number of asset objects unloaded after import = 3
========================================================================
Received Import Request.
  Time since last request: 0.000031 seconds.
  path: Assets/Palette/rock_82.asset
  artifactKey: Guid(6087fbe77d12c4a47826a57f6617c14c) Importer(2089858483,0ecaa5967403d082aa24f35e1b516d23)
Start importing Assets/Palette/rock_82.asset using Guid(6087fbe77d12c4a47826a57f6617c14c) Importer(2089858483,0ecaa5967403d082aa24f35e1b516d23) [PhysX] Initialized MultithreadedTaskDispatcher with 8 workers.
 -> (artifact id: '9146910628c71726047dba7fcd49603e') in 0.022239 seconds
Number of updated asset objects reloaded before import = 0
Number of asset objects unloaded after import = 3
========================================================================
Received Import Request.
  Time since last request: 0.000047 seconds.
  path: Assets/Palette/rock_71.asset
  artifactKey: Guid(b318aeff181b9734488c9b6062d7c568) Importer(2089858483,0ecaa5967403d082aa24f35e1b516d23)
Start importing Assets/Palette/rock_71.asset using Guid(b318aeff181b9734488c9b6062d7c568) Importer(2089858483,0ecaa5967403d082aa24f35e1b516d23) [PhysX] Initialized MultithreadedTaskDispatcher with 8 workers.
 -> (artifact id: '7279cd5a592644e202a4a6b94394cd55') in 0.022460 seconds
Number of updated asset objects reloaded before import = 0
Number of asset objects unloaded after import = 3
========================================================================
Received Import Request.
  Time since last request: 0.000032 seconds.
  path: Assets/Palette/scenery_104.asset
  artifactKey: Guid(61c7cb3cd7cc1394386e28d4f5182d4d) Importer(2089858483,0ecaa5967403d082aa24f35e1b516d23)
Start importing Assets/Palette/scenery_104.asset using Guid(61c7cb3cd7cc1394386e28d4f5182d4d) Importer(2089858483,0ecaa5967403d082aa24f35e1b516d23) [PhysX] Initialized MultithreadedTaskDispatcher with 8 workers.
 -> (artifact id: '36812959093a9d3f9077f5538433ed84') in 0.022761 seconds
Number of updated asset objects reloaded before import = 0
Number of asset objects unloaded after import = 3
========================================================================
Received Import Request.
  Time since last request: 0.000155 seconds.
  path: Assets/Palette/grass tileset_186.asset
  artifactKey: Guid(7b3b995131679814ba4c101da84df9b3) Importer(2089858483,0ecaa5967403d082aa24f35e1b516d23)
Start importing Assets/Palette/grass tileset_186.asset using Guid(7b3b995131679814ba4c101da84df9b3) Importer(2089858483,0ecaa5967403d082aa24f35e1b516d23) [PhysX] Initialized MultithreadedTaskDispatcher with 8 workers.
 -> (artifact id: '5fad2b2818e0fe24f13cd5bce3586e48') in 0.021283 seconds
Number of updated asset objects reloaded before import = 0
Number of asset objects unloaded after import = 3
========================================================================
Received Import Request.
  Time since last request: 0.000039 seconds.
  path: Assets/Palette/scenery_136.asset
  artifactKey: Guid(69bc07bca3c4d5f4aa36a163d07ba95e) Importer(2089858483,0ecaa5967403d082aa24f35e1b516d23)
Start importing Assets/Palette/scenery_136.asset using Guid(69bc07bca3c4d5f4aa36a163d07ba95e) Importer(2089858483,0ecaa5967403d082aa24f35e1b516d23) [PhysX] Initialized MultithreadedTaskDispatcher with 8 workers.
 -> (artifact id: 'e9d1d6f5d9397e6bc3954305763e4bfc') in 0.022174 seconds
Number of updated asset objects reloaded before import = 0
Number of asset objects unloaded after import = 3
========================================================================
Received Import Request.
  Time since last request: 0.000033 seconds.
  path: Assets/Palette/scenery_124.asset
  artifactKey: Guid(1678aa1e7897766438b6f02813a4e292) Importer(2089858483,0ecaa5967403d082aa24f35e1b516d23)
Start importing Assets/Palette/scenery_124.asset using Guid(1678aa1e7897766438b6f02813a4e292) Importer(2089858483,0ecaa5967403d082aa24f35e1b516d23) [PhysX] Initialized MultithreadedTaskDispatcher with 8 workers.
 -> (artifact id: '2ebc60453332d92b2ee2228ef5c2e7e1') in 0.019294 seconds
Number of updated asset objects reloaded before import = 0
Number of asset objects unloaded after import = 3
========================================================================
Received Import Request.
  Time since last request: 0.000054 seconds.
  path: Assets/Palette/scenery_139.asset
  artifactKey: Guid(5e5a1d7df2779ff409dd21daae237e61) Importer(2089858483,0ecaa5967403d082aa24f35e1b516d23)
Start importing Assets/Palette/scenery_139.asset using Guid(5e5a1d7df2779ff409dd21daae237e61) Importer(2089858483,0ecaa5967403d082aa24f35e1b516d23) [PhysX] Initialized MultithreadedTaskDispatcher with 8 workers.
 -> (artifact id: '57c9450de648831f95b1b0479be6369e') in 0.021552 seconds
Number of updated asset objects reloaded before import = 0
Number of asset objects unloaded after import = 3
========================================================================
Received Import Request.
  Time since last request: 0.000038 seconds.
  path: Assets/Palette/scenery_152.asset
  artifactKey: Guid(b56cb5f1ab655bd46a961f7815850129) Importer(2089858483,0ecaa5967403d082aa24f35e1b516d23)
Start importing Assets/Palette/scenery_152.asset using Guid(b56cb5f1ab655bd46a961f7815850129) Importer(2089858483,0ecaa5967403d082aa24f35e1b516d23) [PhysX] Initialized MultithreadedTaskDispatcher with 8 workers.
 -> (artifact id: 'cf91541a9663414db8c992902d8252f9') in 0.023200 seconds
Number of updated asset objects reloaded before import = 0
Number of asset objects unloaded after import = 3
========================================================================
Received Import Request.
  Time since last request: 0.000035 seconds.
  path: Assets/Palette/scenery_134.asset
  artifactKey: Guid(07da5564e9ce32a4aa4b59fc78950e5b) Importer(2089858483,0ecaa5967403d082aa24f35e1b516d23)
Start importing Assets/Palette/scenery_134.asset using Guid(07da5564e9ce32a4aa4b59fc78950e5b) Importer(2089858483,0ecaa5967403d082aa24f35e1b516d23) [PhysX] Initialized MultithreadedTaskDispatcher with 8 workers.
 -> (artifact id: '1196ad6e17bc8f36496f71350be94eff') in 0.020587 seconds
Number of updated asset objects reloaded before import = 0
Number of asset objects unloaded after import = 3
========================================================================
Received Import Request.
  Time since last request: 0.000106 seconds.
  path: Assets/Palette/rock_84.asset
  artifactKey: Guid(cc4493edd00810b4680f353c82d8550b) Importer(2089858483,0ecaa5967403d082aa24f35e1b516d23)
Start importing Assets/Palette/rock_84.asset using Guid(cc4493edd00810b4680f353c82d8550b) Importer(2089858483,0ecaa5967403d082aa24f35e1b516d23) [PhysX] Initialized MultithreadedTaskDispatcher with 8 workers.
 -> (artifact id: '3c80f041a28b1ad53e68b0b955b0747c') in 0.028963 seconds
Number of updated asset objects reloaded before import = 0
Number of asset objects unloaded after import = 3
========================================================================
Received Import Request.
  Time since last request: 0.000036 seconds.
  path: Assets/Palette/scenery_137.asset
  artifactKey: Guid(fcee25f8a0a901f4891845a17f30fc46) Importer(2089858483,0ecaa5967403d082aa24f35e1b516d23)
Start importing Assets/Palette/scenery_137.asset using Guid(fcee25f8a0a901f4891845a17f30fc46) Importer(2089858483,0ecaa5967403d082aa24f35e1b516d23) [PhysX] Initialized MultithreadedTaskDispatcher with 8 workers.
 -> (artifact id: '0374377833c20a17268b4461fb1401dd') in 0.036834 seconds
Number of updated asset objects reloaded before import = 0
Number of asset objects unloaded after import = 3
========================================================================
Received Import Request.
  Time since last request: 0.000044 seconds.
  path: Assets/Palette/scenery_149.asset
  artifactKey: Guid(a2e81f6fefc4b874c9d7ef9d37611857) Importer(2089858483,0ecaa5967403d082aa24f35e1b516d23)
Start importing Assets/Palette/scenery_149.asset using Guid(a2e81f6fefc4b874c9d7ef9d37611857) Importer(2089858483,0ecaa5967403d082aa24f35e1b516d23) [PhysX] Initialized MultithreadedTaskDispatcher with 8 workers.
 -> (artifact id: 'ea67c048b2d4e225b84e766af20e4f76') in 0.027870 seconds
Number of updated asset objects reloaded before import = 0
Number of asset objects unloaded after import = 3
========================================================================
Received Import Request.
  Time since last request: 0.000037 seconds.
  path: Assets/Palette/reflection_84.asset
  artifactKey: Guid(12cb69f20e1311d488d33459c1d9bd34) Importer(2089858483,0ecaa5967403d082aa24f35e1b516d23)
Start importing Assets/Palette/reflection_84.asset using Guid(12cb69f20e1311d488d33459c1d9bd34) Importer(2089858483,0ecaa5967403d082aa24f35e1b516d23) [PhysX] Initialized MultithreadedTaskDispatcher with 8 workers.
 -> (artifact id: 'b9f0daba78bd66888fd961c0ad61061a') in 0.022360 seconds
Number of updated asset objects reloaded before import = 0
Number of asset objects unloaded after import = 3
========================================================================
Received Import Request.
  Time since last request: 0.000034 seconds.
  path: Assets/Palette/scenery_147.asset
  artifactKey: Guid(87ee427970c004648ab65b4457f50f21) Importer(2089858483,0ecaa5967403d082aa24f35e1b516d23)
Start importing Assets/Palette/scenery_147.asset using Guid(87ee427970c004648ab65b4457f50f21) Importer(2089858483,0ecaa5967403d082aa24f35e1b516d23) [PhysX] Initialized MultithreadedTaskDispatcher with 8 workers.
 -> (artifact id: '0e13a2287bcab679bfd58c9906b171ff') in 0.025615 seconds
Number of updated asset objects reloaded before import = 0
Number of asset objects unloaded after import = 3
========================================================================
Received Import Request.
  Time since last request: 0.000044 seconds.
  path: Assets/Palette/reflection_77.asset
  artifactKey: Guid(541145b9a3343f64e8d17263cc4c033f) Importer(2089858483,0ecaa5967403d082aa24f35e1b516d23)
Start importing Assets/Palette/reflection_77.asset using Guid(541145b9a3343f64e8d17263cc4c033f) Importer(2089858483,0ecaa5967403d082aa24f35e1b516d23) [PhysX] Initialized MultithreadedTaskDispatcher with 8 workers.
 -> (artifact id: '4287210e37343d348d2a5af873c8da80') in 0.019925 seconds
Number of updated asset objects reloaded before import = 0
Number of asset objects unloaded after import = 3
========================================================================
Received Import Request.
  Time since last request: 0.000038 seconds.
  path: Assets/Palette/scenery_118.asset
  artifactKey: Guid(5b3484ab253ee954eb01ba9dc2689199) Importer(2089858483,0ecaa5967403d082aa24f35e1b516d23)
Start importing Assets/Palette/scenery_118.asset using Guid(5b3484ab253ee954eb01ba9dc2689199) Importer(2089858483,0ecaa5967403d082aa24f35e1b516d23) [PhysX] Initialized MultithreadedTaskDispatcher with 8 workers.
 -> (artifact id: '825f11ba85be41b038713802aa10890b') in 0.024448 seconds
Number of updated asset objects reloaded before import = 0
Number of asset objects unloaded after import = 3
========================================================================
Received Import Request.
  Time since last request: 0.000042 seconds.
  path: Assets/Palette/scenery_148.asset
  artifactKey: Guid(a0d4625dd7519c14b91e5317357bdf34) Importer(2089858483,0ecaa5967403d082aa24f35e1b516d23)
Start importing Assets/Palette/scenery_148.asset using Guid(a0d4625dd7519c14b91e5317357bdf34) Importer(2089858483,0ecaa5967403d082aa24f35e1b516d23) [PhysX] Initialized MultithreadedTaskDispatcher with 8 workers.
 -> (artifact id: 'd7095483b2ffdf9b2b0b27c25435ed3b') in 0.022953 seconds
Number of updated asset objects reloaded before import = 0
Number of asset objects unloaded after import = 3
========================================================================
Received Import Request.
  Time since last request: 0.000031 seconds.
  path: Assets/Palette/scenery_145.asset
  artifactKey: Guid(2723b85d6349cb04d948d54302690bc4) Importer(2089858483,0ecaa5967403d082aa24f35e1b516d23)
Start importing Assets/Palette/scenery_145.asset using Guid(2723b85d6349cb04d948d54302690bc4) Importer(2089858483,0ecaa5967403d082aa24f35e1b516d23) [PhysX] Initialized MultithreadedTaskDispatcher with 8 workers.
 -> (artifact id: '932241eb76890d330388b5324c0228e8') in 0.024282 seconds
Number of updated asset objects reloaded before import = 0
Number of asset objects unloaded after import = 3
========================================================================
Received Import Request.
  Time since last request: 0.000046 seconds.
  path: Assets/Palette/scenery_15.asset
  artifactKey: Guid(fa0752ead51617244bff3bd547d9f7aa) Importer(2089858483,0ecaa5967403d082aa24f35e1b516d23)
Start importing Assets/Palette/scenery_15.asset using Guid(fa0752ead51617244bff3bd547d9f7aa) Importer(2089858483,0ecaa5967403d082aa24f35e1b516d23) [PhysX] Initialized MultithreadedTaskDispatcher with 8 workers.
 -> (artifact id: '8bb5e70cd52886103dab365c3eabb8f1') in 0.022204 seconds
Number of updated asset objects reloaded before import = 0
Number of asset objects unloaded after import = 3
========================================================================
Received Import Request.
  Time since last request: 0.000035 seconds.
  path: Assets/Palette/scenery_129.asset
  artifactKey: Guid(a96dbcdac9d5d7842abde6b8431c9bb8) Importer(2089858483,0ecaa5967403d082aa24f35e1b516d23)
Start importing Assets/Palette/scenery_129.asset using Guid(a96dbcdac9d5d7842abde6b8431c9bb8) Importer(2089858483,0ecaa5967403d082aa24f35e1b516d23) [PhysX] Initialized MultithreadedTaskDispatcher with 8 workers.
 -> (artifact id: '29386ebdbcbf12ae1a088470c2b0a854') in 0.027409 seconds
Number of updated asset objects reloaded before import = 0
Number of asset objects unloaded after import = 3
========================================================================
Received Import Request.
  Time since last request: 0.000033 seconds.
  path: Assets/Palette/scenery_130.asset
  artifactKey: Guid(501d3bfd37ce3b44381a62a531234b6f) Importer(2089858483,0ecaa5967403d082aa24f35e1b516d23)
Start importing Assets/Palette/scenery_130.asset using Guid(501d3bfd37ce3b44381a62a531234b6f) Importer(2089858483,0ecaa5967403d082aa24f35e1b516d23) [PhysX] Initialized MultithreadedTaskDispatcher with 8 workers.
 -> (artifact id: '94f8d5f11c88a587f9e592b42824a3c9') in 0.026271 seconds
Number of updated asset objects reloaded before import = 0
Number of asset objects unloaded after import = 3
========================================================================
Received Import Request.
  Time since last request: 0.000039 seconds.
  path: Assets/Palette/scenery_167.asset
  artifactKey: Guid(fc4c51af67e998245bf3efa24b255f4d) Importer(2089858483,0ecaa5967403d082aa24f35e1b516d23)
Start importing Assets/Palette/scenery_167.asset using Guid(fc4c51af67e998245bf3efa24b255f4d) Importer(2089858483,0ecaa5967403d082aa24f35e1b516d23) [PhysX] Initialized MultithreadedTaskDispatcher with 8 workers.
 -> (artifact id: '0b0c8c6ba5084f8806b9b032770b00a7') in 0.020836 seconds
Number of updated asset objects reloaded before import = 0
Number of asset objects unloaded after import = 3
========================================================================
Received Import Request.
  Time since last request: 0.000035 seconds.
  path: Assets/Palette/scenery_155.asset
  artifactKey: Guid(079ada9f6bef76348bdcdcba1ca9dd65) Importer(2089858483,0ecaa5967403d082aa24f35e1b516d23)
Start importing Assets/Palette/scenery_155.asset using Guid(079ada9f6bef76348bdcdcba1ca9dd65) Importer(2089858483,0ecaa5967403d082aa24f35e1b516d23) [PhysX] Initialized MultithreadedTaskDispatcher with 8 workers.
 -> (artifact id: 'f8bad1b6bf018c8928b0895ca24425e5') in 0.024685 seconds
Number of updated asset objects reloaded before import = 0
Number of asset objects unloaded after import = 3
========================================================================
Received Import Request.
  Time since last request: 0.000044 seconds.
  path: Assets/Palette/scenery_157.asset
  artifactKey: Guid(4481c90a11fa5414fb5ae18cb50156d9) Importer(2089858483,0ecaa5967403d082aa24f35e1b516d23)
Start importing Assets/Palette/scenery_157.asset using Guid(4481c90a11fa5414fb5ae18cb50156d9) Importer(2089858483,0ecaa5967403d082aa24f35e1b516d23) [PhysX] Initialized MultithreadedTaskDispatcher with 8 workers.
 -> (artifact id: '04eb1f7c4e6f629318b12e8057f6a189') in 0.022022 seconds
Number of updated asset objects reloaded before import = 0
Number of asset objects unloaded after import = 3
========================================================================
Received Import Request.
  Time since last request: 0.000040 seconds.
  path: Assets/Palette/scenery_172.asset
  artifactKey: Guid(ef8fa0247bc2c984faa49628e5918eb7) Importer(2089858483,0ecaa5967403d082aa24f35e1b516d23)
Start importing Assets/Palette/scenery_172.asset using Guid(ef8fa0247bc2c984faa49628e5918eb7) Importer(2089858483,0ecaa5967403d082aa24f35e1b516d23) [PhysX] Initialized MultithreadedTaskDispatcher with 8 workers.
 -> (artifact id: '270ad4286bef57d7bf0643a7937b6d86') in 0.021948 seconds
Number of updated asset objects reloaded before import = 0
Number of asset objects unloaded after import = 3
========================================================================
Received Import Request.
  Time since last request: 0.000043 seconds.
  path: Assets/Palette/scenery_23.asset
  artifactKey: Guid(634341458d92d754fb5baa4af05719d6) Importer(2089858483,0ecaa5967403d082aa24f35e1b516d23)
Start importing Assets/Palette/scenery_23.asset using Guid(634341458d92d754fb5baa4af05719d6) Importer(2089858483,0ecaa5967403d082aa24f35e1b516d23) [PhysX] Initialized MultithreadedTaskDispatcher with 8 workers.
 -> (artifact id: '420cb5789861ebf58bb26df094e3dc14') in 0.023560 seconds
Number of updated asset objects reloaded before import = 0
Number of asset objects unloaded after import = 3
========================================================================
Received Import Request.
  Time since last request: 0.000028 seconds.
  path: Assets/Palette/scenery_154.asset
  artifactKey: Guid(4a52b52f163bf774b9c931af1f466ceb) Importer(2089858483,0ecaa5967403d082aa24f35e1b516d23)
Start importing Assets/Palette/scenery_154.asset using Guid(4a52b52f163bf774b9c931af1f466ceb) Importer(2089858483,0ecaa5967403d082aa24f35e1b516d23) [PhysX] Initialized MultithreadedTaskDispatcher with 8 workers.
 -> (artifact id: 'e0ae0bce8e3d24a52304947c3ab3beaf') in 0.024137 seconds
Number of updated asset objects reloaded before import = 0
Number of asset objects unloaded after import = 3
========================================================================
Received Import Request.
  Time since last request: 0.000041 seconds.
  path: Assets/Palette/scenery_18.asset
  artifactKey: Guid(b316660cd96cb40409ca49648fa5d7d9) Importer(2089858483,0ecaa5967403d082aa24f35e1b516d23)
Start importing Assets/Palette/scenery_18.asset using Guid(b316660cd96cb40409ca49648fa5d7d9) Importer(2089858483,0ecaa5967403d082aa24f35e1b516d23) [PhysX] Initialized MultithreadedTaskDispatcher with 8 workers.
 -> (artifact id: '77418971f5afdfcd642dea11c0fa0f1e') in 0.022506 seconds
Number of updated asset objects reloaded before import = 0
Number of asset objects unloaded after import = 3
========================================================================
Received Import Request.
  Time since last request: 0.002074 seconds.
  path: Assets/Palette/scenery_19.asset
  artifactKey: Guid(bea72fd43cfd1af46a416ed19fa7fdfc) Importer(2089858483,0ecaa5967403d082aa24f35e1b516d23)
Start importing Assets/Palette/scenery_19.asset using Guid(bea72fd43cfd1af46a416ed19fa7fdfc) Importer(2089858483,0ecaa5967403d082aa24f35e1b516d23) [PhysX] Initialized MultithreadedTaskDispatcher with 8 workers.
 -> (artifact id: '3e1dbc43f02e3279c8fd53179b6bf5d8') in 0.026537 seconds
Number of updated asset objects reloaded before import = 0
Number of asset objects unloaded after import = 3
========================================================================
Received Import Request.
  Time since last request: 0.000038 seconds.
  path: Assets/Palette/scenery_160.asset
  artifactKey: Guid(5dfe07b5ca0b6f949a73075c1f771f28) Importer(2089858483,0ecaa5967403d082aa24f35e1b516d23)
Start importing Assets/Palette/scenery_160.asset using Guid(5dfe07b5ca0b6f949a73075c1f771f28) Importer(2089858483,0ecaa5967403d082aa24f35e1b516d23) [PhysX] Initialized MultithreadedTaskDispatcher with 8 workers.
 -> (artifact id: '428d19cdc229116996e0b57c93121e66') in 0.024747 seconds
Number of updated asset objects reloaded before import = 0
Number of asset objects unloaded after import = 3
========================================================================
Received Import Request.
  Time since last request: 0.000033 seconds.
  path: Assets/Palette/scenery_20.asset
  artifactKey: Guid(4bfef3ef4f488bd4089a7508e21bd248) Importer(2089858483,0ecaa5967403d082aa24f35e1b516d23)
Start importing Assets/Palette/scenery_20.asset using Guid(4bfef3ef4f488bd4089a7508e21bd248) Importer(2089858483,0ecaa5967403d082aa24f35e1b516d23) [PhysX] Initialized MultithreadedTaskDispatcher with 8 workers.
 -> (artifact id: '3a75f77a30ecf430c27f93ff0b72db6d') in 0.020655 seconds
Number of updated asset objects reloaded before import = 0
Number of asset objects unloaded after import = 3
========================================================================
Received Import Request.
  Time since last request: 0.000041 seconds.
  path: Assets/Palette/scenery_159.asset
  artifactKey: Guid(38df5ce850ea7014e955f803dda3db24) Importer(2089858483,0ecaa5967403d082aa24f35e1b516d23)
Start importing Assets/Palette/scenery_159.asset using Guid(38df5ce850ea7014e955f803dda3db24) Importer(2089858483,0ecaa5967403d082aa24f35e1b516d23) [PhysX] Initialized MultithreadedTaskDispatcher with 8 workers.
 -> (artifact id: '53dd46ff786ba8acad95a6e41543ff56') in 0.021795 seconds
Number of updated asset objects reloaded before import = 0
Number of asset objects unloaded after import = 3
========================================================================
Received Import Request.
  Time since last request: 0.000045 seconds.
  path: Assets/Palette/scenery_178.asset
  artifactKey: Guid(3e7849190d0a0da439cdcaaaaf2ec69c) Importer(2089858483,0ecaa5967403d082aa24f35e1b516d23)
Start importing Assets/Palette/scenery_178.asset using Guid(3e7849190d0a0da439cdcaaaaf2ec69c) Importer(2089858483,0ecaa5967403d082aa24f35e1b516d23) [PhysX] Initialized MultithreadedTaskDispatcher with 8 workers.
 -> (artifact id: '4156b3434684e26a6ed8a94ea3cd35f9') in 0.021622 seconds
Number of updated asset objects reloaded before import = 0
Number of asset objects unloaded after import = 3
========================================================================
Received Import Request.
  Time since last request: 0.000048 seconds.
  path: Assets/Palette/scenery_177.asset
  artifactKey: Guid(0bf1d3aefedde034d85f2cd854aeaea2) Importer(2089858483,0ecaa5967403d082aa24f35e1b516d23)
Start importing Assets/Palette/scenery_177.asset using Guid(0bf1d3aefedde034d85f2cd854aeaea2) Importer(2089858483,0ecaa5967403d082aa24f35e1b516d23) [PhysX] Initialized MultithreadedTaskDispatcher with 8 workers.
 -> (artifact id: '2652f1c96e61722b86e6eaa3358be411') in 0.022483 seconds
Number of updated asset objects reloaded before import = 0
Number of asset objects unloaded after import = 3
========================================================================
Received Import Request.
  Time since last request: 0.000050 seconds.
  path: Assets/Palette/scenery_17.asset
  artifactKey: Guid(bd6099bb049f9e7498740426fa6ebd20) Importer(2089858483,0ecaa5967403d082aa24f35e1b516d23)
Start importing Assets/Palette/scenery_17.asset using Guid(bd6099bb049f9e7498740426fa6ebd20) Importer(2089858483,0ecaa5967403d082aa24f35e1b516d23) [PhysX] Initialized MultithreadedTaskDispatcher with 8 workers.
 -> (artifact id: 'dc551b30c87fc6fe3d62ff0565e768bb') in 0.018457 seconds
Number of updated asset objects reloaded before import = 0
Number of asset objects unloaded after import = 3
========================================================================
Received Import Request.
  Time since last request: 0.000035 seconds.
  path: Assets/Palette/scenery_150.asset
  artifactKey: Guid(c715ed74fe450a840a7118091c40273e) Importer(2089858483,0ecaa5967403d082aa24f35e1b516d23)
Start importing Assets/Palette/scenery_150.asset using Guid(c715ed74fe450a840a7118091c40273e) Importer(2089858483,0ecaa5967403d082aa24f35e1b516d23) [PhysX] Initialized MultithreadedTaskDispatcher with 8 workers.
 -> (artifact id: '16cba9371db29167af5c24e53d22f624') in 0.020619 seconds
Number of updated asset objects reloaded before import = 0
Number of asset objects unloaded after import = 3
========================================================================
Received Import Request.
  Time since last request: 0.000033 seconds.
  path: Assets/Palette/scenery_49.asset
  artifactKey: Guid(63e039dc31779cf48b931d6961fd7251) Importer(2089858483,0ecaa5967403d082aa24f35e1b516d23)
Start importing Assets/Palette/scenery_49.asset using Guid(63e039dc31779cf48b931d6961fd7251) Importer(2089858483,0ecaa5967403d082aa24f35e1b516d23) [PhysX] Initialized MultithreadedTaskDispatcher with 8 workers.
 -> (artifact id: 'd32fcedf940ddbed2bdccee85703ba90') in 0.024281 seconds
Number of updated asset objects reloaded before import = 0
Number of asset objects unloaded after import = 3
========================================================================
Received Import Request.
  Time since last request: 0.000043 seconds.
  path: Assets/Palette/scenery_27.asset
  artifactKey: Guid(8fe890e6adaccb24aa6e402c3ee1ac35) Importer(2089858483,0ecaa5967403d082aa24f35e1b516d23)
Start importing Assets/Palette/scenery_27.asset using Guid(8fe890e6adaccb24aa6e402c3ee1ac35) Importer(2089858483,0ecaa5967403d082aa24f35e1b516d23) [PhysX] Initialized MultithreadedTaskDispatcher with 8 workers.
 -> (artifact id: '8965c550331e3e6de4a018c3ca3abd72') in 0.019218 seconds
Number of updated asset objects reloaded before import = 0
Number of asset objects unloaded after import = 3
========================================================================
Received Import Request.
  Time since last request: 0.000035 seconds.
  path: Assets/Palette/scenery_3.asset
  artifactKey: Guid(3f9b7fe67bee676449b372d0873c2486) Importer(2089858483,0ecaa5967403d082aa24f35e1b516d23)
Start importing Assets/Palette/scenery_3.asset using Guid(3f9b7fe67bee676449b372d0873c2486) Importer(2089858483,0ecaa5967403d082aa24f35e1b516d23) [PhysX] Initialized MultithreadedTaskDispatcher with 8 workers.
 -> (artifact id: '8ecd0f8dd23682c4bf2dd56e4a49b778') in 0.025212 seconds
Number of updated asset objects reloaded before import = 0
Number of asset objects unloaded after import = 3
========================================================================
Received Import Request.
  Time since last request: 0.000034 seconds.
  path: Assets/Palette/scenery_34.asset
  artifactKey: Guid(48e12e0541ee6564b88659a10e2726f9) Importer(2089858483,0ecaa5967403d082aa24f35e1b516d23)
Start importing Assets/Palette/scenery_34.asset using Guid(48e12e0541ee6564b88659a10e2726f9) Importer(2089858483,0ecaa5967403d082aa24f35e1b516d23) [PhysX] Initialized MultithreadedTaskDispatcher with 8 workers.
 -> (artifact id: 'e0f55491b0a64e1e2c9dde922375957e') in 0.020111 seconds
Number of updated asset objects reloaded before import = 0
Number of asset objects unloaded after import = 3
========================================================================
Received Import Request.
  Time since last request: 0.000039 seconds.
  path: Assets/Palette/scenery_5.asset
  artifactKey: Guid(8dd7a853323f6d84d8b9b162ebb51926) Importer(2089858483,0ecaa5967403d082aa24f35e1b516d23)
Start importing Assets/Palette/scenery_5.asset using Guid(8dd7a853323f6d84d8b9b162ebb51926) Importer(2089858483,0ecaa5967403d082aa24f35e1b516d23) [PhysX] Initialized MultithreadedTaskDispatcher with 8 workers.
 -> (artifact id: '9a600aa608c58199c532d64059e9295d') in 0.021602 seconds
Number of updated asset objects reloaded before import = 0
Number of asset objects unloaded after import = 3
========================================================================
Received Import Request.
  Time since last request: 0.000042 seconds.
  path: Assets/Palette/scenery_43.asset
  artifactKey: Guid(0ab613aec4cc0204f945757440738812) Importer(2089858483,0ecaa5967403d082aa24f35e1b516d23)
Start importing Assets/Palette/scenery_43.asset using Guid(0ab613aec4cc0204f945757440738812) Importer(2089858483,0ecaa5967403d082aa24f35e1b516d23) [PhysX] Initialized MultithreadedTaskDispatcher with 8 workers.
 -> (artifact id: '3dc05123877e16cd4cef91dd43eaab78') in 0.023135 seconds
Number of updated asset objects reloaded before import = 0
Number of asset objects unloaded after import = 3
========================================================================
Received Import Request.
  Time since last request: 0.000031 seconds.
  path: Assets/Palette/scenery_32.asset
  artifactKey: Guid(14035a63e2ea3eb46aaede18b84a92af) Importer(2089858483,0ecaa5967403d082aa24f35e1b516d23)
Start importing Assets/Palette/scenery_32.asset using Guid(14035a63e2ea3eb46aaede18b84a92af) Importer(2089858483,0ecaa5967403d082aa24f35e1b516d23) [PhysX] Initialized MultithreadedTaskDispatcher with 8 workers.
 -> (artifact id: 'c9a88e8da1df346b2c78a449479c1785') in 0.020733 seconds
Number of updated asset objects reloaded before import = 0
Number of asset objects unloaded after import = 3
========================================================================
Received Import Request.
  Time since last request: 0.000031 seconds.
  path: Assets/Palette/scenery_52.asset
  artifactKey: Guid(9377efa8249dc0c4ab9b21fe7ce4f4fc) Importer(2089858483,0ecaa5967403d082aa24f35e1b516d23)
Start importing Assets/Palette/scenery_52.asset using Guid(9377efa8249dc0c4ab9b21fe7ce4f4fc) Importer(2089858483,0ecaa5967403d082aa24f35e1b516d23) [PhysX] Initialized MultithreadedTaskDispatcher with 8 workers.
 -> (artifact id: 'b9c7ccba358ee447cf7f21fd7813efb3') in 0.021438 seconds
Number of updated asset objects reloaded before import = 0
Number of asset objects unloaded after import = 3
========================================================================
Received Import Request.
  Time since last request: 0.000028 seconds.
  path: Assets/Palette/scenery_41.asset
  artifactKey: Guid(3ed65b80d553e894495c9fc93839147c) Importer(2089858483,0ecaa5967403d082aa24f35e1b516d23)
Start importing Assets/Palette/scenery_41.asset using Guid(3ed65b80d553e894495c9fc93839147c) Importer(2089858483,0ecaa5967403d082aa24f35e1b516d23) [PhysX] Initialized MultithreadedTaskDispatcher with 8 workers.
 -> (artifact id: '3d6fa33aca9f3c6cf290a1b1bba99d9a') in 0.023323 seconds
Number of updated asset objects reloaded before import = 0
Number of asset objects unloaded after import = 3
========================================================================
Received Import Request.
  Time since last request: 0.000028 seconds.
  path: Assets/Palette/scenery_45.asset
  artifactKey: Guid(b760c2a3c2f15f041856a6c22e7678c0) Importer(2089858483,0ecaa5967403d082aa24f35e1b516d23)
Start importing Assets/Palette/scenery_45.asset using Guid(b760c2a3c2f15f041856a6c22e7678c0) Importer(2089858483,0ecaa5967403d082aa24f35e1b516d23) [PhysX] Initialized MultithreadedTaskDispatcher with 8 workers.
 -> (artifact id: '8b1e330056406c9497129f7fcd553424') in 0.021091 seconds
Number of updated asset objects reloaded before import = 0
Number of asset objects unloaded after import = 3
========================================================================
Received Import Request.
  Time since last request: 0.000027 seconds.
  path: Assets/Palette/scenery_36.asset
  artifactKey: Guid(2129102890808644fa4e60a9be6a1749) Importer(2089858483,0ecaa5967403d082aa24f35e1b516d23)
Start importing Assets/Palette/scenery_36.asset using Guid(2129102890808644fa4e60a9be6a1749) Importer(2089858483,0ecaa5967403d082aa24f35e1b516d23) [PhysX] Initialized MultithreadedTaskDispatcher with 8 workers.
 -> (artifact id: '502e24e8cf8946acb7ee8a52a05dd735') in 0.019654 seconds
Number of updated asset objects reloaded before import = 0
Number of asset objects unloaded after import = 3
========================================================================
Received Import Request.
  Time since last request: 0.000046 seconds.
  path: Assets/Palette/scenery_35.asset
  artifactKey: Guid(e568b699f74d5304f82a9a9aa45c8db2) Importer(2089858483,0ecaa5967403d082aa24f35e1b516d23)
Start importing Assets/Palette/scenery_35.asset using Guid(e568b699f74d5304f82a9a9aa45c8db2) Importer(2089858483,0ecaa5967403d082aa24f35e1b516d23) [PhysX] Initialized MultithreadedTaskDispatcher with 8 workers.
 -> (artifact id: 'cda4b355003b7481d413e939e3661c36') in 0.022894 seconds
Number of updated asset objects reloaded before import = 0
Number of asset objects unloaded after import = 3
========================================================================
Received Import Request.
  Time since last request: 0.000040 seconds.
  path: Assets/Palette/scenery_38.asset
  artifactKey: Guid(408de259ac550e94784dac52877b4879) Importer(2089858483,0ecaa5967403d082aa24f35e1b516d23)
Start importing Assets/Palette/scenery_38.asset using Guid(408de259ac550e94784dac52877b4879) Importer(2089858483,0ecaa5967403d082aa24f35e1b516d23) [PhysX] Initialized MultithreadedTaskDispatcher with 8 workers.
 -> (artifact id: '638e4db8d4d0c93e6754c73202be727e') in 0.019759 seconds
Number of updated asset objects reloaded before import = 0
Number of asset objects unloaded after import = 3
========================================================================
Received Import Request.
  Time since last request: 0.000028 seconds.
  path: Assets/Palette/scenery_131.asset
  artifactKey: Guid(f3b56cc01fcc3534898c096e6913cc4d) Importer(2089858483,0ecaa5967403d082aa24f35e1b516d23)
Start importing Assets/Palette/scenery_131.asset using Guid(f3b56cc01fcc3534898c096e6913cc4d) Importer(2089858483,0ecaa5967403d082aa24f35e1b516d23) [PhysX] Initialized MultithreadedTaskDispatcher with 8 workers.
 -> (artifact id: '9edb14b20f020ff57e70401dc8df7ba2') in 0.018292 seconds
Number of updated asset objects reloaded before import = 0
Number of asset objects unloaded after import = 3
========================================================================
Received Import Request.
  Time since last request: 0.000036 seconds.
  path: Assets/Palette/scenery_51.asset
  artifactKey: Guid(1abcd256b9c938c4fa688587a4f0b13a) Importer(2089858483,0ecaa5967403d082aa24f35e1b516d23)
Start importing Assets/Palette/scenery_51.asset using Guid(1abcd256b9c938c4fa688587a4f0b13a) Importer(2089858483,0ecaa5967403d082aa24f35e1b516d23) [PhysX] Initialized MultithreadedTaskDispatcher with 8 workers.
 -> (artifact id: 'eeab77578b29a5da8c134da8405fc909') in 0.022568 seconds
Number of updated asset objects reloaded before import = 0
Number of asset objects unloaded after import = 3
========================================================================
Received Import Request.
  Time since last request: 0.000033 seconds.
  path: Assets/Palette/scenery_26.asset
  artifactKey: Guid(69ddeff4d792a1649a6ffad9ebc97b54) Importer(2089858483,0ecaa5967403d082aa24f35e1b516d23)
Start importing Assets/Palette/scenery_26.asset using Guid(69ddeff4d792a1649a6ffad9ebc97b54) Importer(2089858483,0ecaa5967403d082aa24f35e1b516d23) [PhysX] Initialized MultithreadedTaskDispatcher with 8 workers.
 -> (artifact id: '45643f487e8871d6d5a16d13ed44250d') in 0.023760 seconds
Number of updated asset objects reloaded before import = 0
Number of asset objects unloaded after import = 3
========================================================================
Received Import Request.
  Time since last request: 0.000036 seconds.
  path: Assets/Palette/scenery_48.asset
  artifactKey: Guid(49e7bf81546bfad498f17d0637c6f039) Importer(2089858483,0ecaa5967403d082aa24f35e1b516d23)
Start importing Assets/Palette/scenery_48.asset using Guid(49e7bf81546bfad498f17d0637c6f039) Importer(2089858483,0ecaa5967403d082aa24f35e1b516d23) [PhysX] Initialized MultithreadedTaskDispatcher with 8 workers.
 -> (artifact id: 'cba766bb6a86edcf866b4c096e7877a6') in 0.020843 seconds
Number of updated asset objects reloaded before import = 0
Number of asset objects unloaded after import = 3
========================================================================
Received Import Request.
  Time since last request: 0.000028 seconds.
  path: Assets/Palette/scenery_78.asset
  artifactKey: Guid(51a73053bd7976545bfb6ad87ef1ce6c) Importer(2089858483,0ecaa5967403d082aa24f35e1b516d23)
Start importing Assets/Palette/scenery_78.asset using Guid(51a73053bd7976545bfb6ad87ef1ce6c) Importer(2089858483,0ecaa5967403d082aa24f35e1b516d23) [PhysX] Initialized MultithreadedTaskDispatcher with 8 workers.
 -> (artifact id: 'bc753ed9072aaf9378451ea397e61e5e') in 0.021601 seconds
Number of updated asset objects reloaded before import = 0
Number of asset objects unloaded after import = 3
========================================================================
Received Import Request.
  Time since last request: 0.000032 seconds.
  path: Assets/Palette/scenery_75.asset
  artifactKey: Guid(cd29803793c88e1429ac00feeec01e5a) Importer(2089858483,0ecaa5967403d082aa24f35e1b516d23)
Start importing Assets/Palette/scenery_75.asset using Guid(cd29803793c88e1429ac00feeec01e5a) Importer(2089858483,0ecaa5967403d082aa24f35e1b516d23) [PhysX] Initialized MultithreadedTaskDispatcher with 8 workers.
 -> (artifact id: 'e47e4745523878ee1ab42492c6817f3c') in 0.020490 seconds
Number of updated asset objects reloaded before import = 0
Number of asset objects unloaded after import = 3
========================================================================
Received Import Request.
  Time since last request: 0.000035 seconds.
  path: Assets/Palette/scenery_55.asset
  artifactKey: Guid(d3cac33f0f5be6745909e72b8eb856b6) Importer(2089858483,0ecaa5967403d082aa24f35e1b516d23)
Start importing Assets/Palette/scenery_55.asset using Guid(d3cac33f0f5be6745909e72b8eb856b6) Importer(2089858483,0ecaa5967403d082aa24f35e1b516d23) [PhysX] Initialized MultithreadedTaskDispatcher with 8 workers.
 -> (artifact id: '738b4af836e5ddbe029a67c0bb26d56c') in 0.021035 seconds
Number of updated asset objects reloaded before import = 0
Number of asset objects unloaded after import = 3
========================================================================
Received Import Request.
  Time since last request: 0.000042 seconds.
  path: Assets/Palette/scenery_72.asset
  artifactKey: Guid(8e1339f3aa76af442997bf6c6bfbd949) Importer(2089858483,0ecaa5967403d082aa24f35e1b516d23)
Start importing Assets/Palette/scenery_72.asset using Guid(8e1339f3aa76af442997bf6c6bfbd949) Importer(2089858483,0ecaa5967403d082aa24f35e1b516d23) [PhysX] Initialized MultithreadedTaskDispatcher with 8 workers.
 -> (artifact id: '73520dbb5dc7b9f5008af852e2379f56') in 0.020182 seconds
Number of updated asset objects reloaded before import = 0
Number of asset objects unloaded after import = 3
========================================================================
Received Import Request.
  Time since last request: 0.000030 seconds.
  path: Assets/Palette/scenery_76.asset
  artifactKey: Guid(5ff86a946fcc95c4b80d01baefc61eac) Importer(2089858483,0ecaa5967403d082aa24f35e1b516d23)
Start importing Assets/Palette/scenery_76.asset using Guid(5ff86a946fcc95c4b80d01baefc61eac) Importer(2089858483,0ecaa5967403d082aa24f35e1b516d23) [PhysX] Initialized MultithreadedTaskDispatcher with 8 workers.
 -> (artifact id: '4e744c583ccc77ba665d36901978527e') in 0.020354 seconds
Number of updated asset objects reloaded before import = 0
Number of asset objects unloaded after import = 3
========================================================================
Received Import Request.
  Time since last request: 0.000028 seconds.
  path: Assets/Palette/scenery_69.asset
  artifactKey: Guid(56529b48eda4b5d42bfe70e88836278b) Importer(2089858483,0ecaa5967403d082aa24f35e1b516d23)
Start importing Assets/Palette/scenery_69.asset using Guid(56529b48eda4b5d42bfe70e88836278b) Importer(2089858483,0ecaa5967403d082aa24f35e1b516d23) [PhysX] Initialized MultithreadedTaskDispatcher with 8 workers.
 -> (artifact id: 'c100b8adbfabe7f6cbf3d59ead4e20fd') in 0.019683 seconds
Number of updated asset objects reloaded before import = 0
Number of asset objects unloaded after import = 3
========================================================================
Received Import Request.
  Time since last request: 0.000028 seconds.
  path: Assets/Palette/scenery_68.asset
  artifactKey: Guid(d3d7674aa20527249aa83a82f8079973) Importer(2089858483,0ecaa5967403d082aa24f35e1b516d23)
Start importing Assets/Palette/scenery_68.asset using Guid(d3d7674aa20527249aa83a82f8079973) Importer(2089858483,0ecaa5967403d082aa24f35e1b516d23) [PhysX] Initialized MultithreadedTaskDispatcher with 8 workers.
 -> (artifact id: '02e8799cbd5d492edc2666fb151416f2') in 0.025311 seconds
Number of updated asset objects reloaded before import = 0
Number of asset objects unloaded after import = 3
========================================================================
Received Import Request.
  Time since last request: 0.000030 seconds.
  path: Assets/Palette/scenery_58.asset
  artifactKey: Guid(29e5c88615edec148852b20af11b0b09) Importer(2089858483,0ecaa5967403d082aa24f35e1b516d23)
Start importing Assets/Palette/scenery_58.asset using Guid(29e5c88615edec148852b20af11b0b09) Importer(2089858483,0ecaa5967403d082aa24f35e1b516d23) [PhysX] Initialized MultithreadedTaskDispatcher with 8 workers.
 -> (artifact id: 'c19071ffbe39753eda2f8390381c6578') in 0.026008 seconds
Number of updated asset objects reloaded before import = 0
Number of asset objects unloaded after import = 3
========================================================================
Received Import Request.
  Time since last request: 0.000035 seconds.
  path: Assets/Palette/scenery_62.asset
  artifactKey: Guid(d99a2c1a0783a7142ad5346073b10771) Importer(2089858483,0ecaa5967403d082aa24f35e1b516d23)
Start importing Assets/Palette/scenery_62.asset using Guid(d99a2c1a0783a7142ad5346073b10771) Importer(2089858483,0ecaa5967403d082aa24f35e1b516d23) [PhysX] Initialized MultithreadedTaskDispatcher with 8 workers.
 -> (artifact id: 'c6fa83d7f0dcd17cbe02907a88b20083') in 0.026632 seconds
Number of updated asset objects reloaded before import = 0
Number of asset objects unloaded after import = 3
========================================================================
Received Import Request.
  Time since last request: 0.000034 seconds.
  path: Assets/Palette/scenery_74.asset
  artifactKey: Guid(ea71031e5237bf240a2b13b2a6761b87) Importer(2089858483,0ecaa5967403d082aa24f35e1b516d23)
Start importing Assets/Palette/scenery_74.asset using Guid(ea71031e5237bf240a2b13b2a6761b87) Importer(2089858483,0ecaa5967403d082aa24f35e1b516d23) [PhysX] Initialized MultithreadedTaskDispatcher with 8 workers.
 -> (artifact id: '0e213a8d8573c6af6ca41e71b47110a1') in 0.018214 seconds
Number of updated asset objects reloaded before import = 0
Number of asset objects unloaded after import = 3
========================================================================
Received Import Request.
  Time since last request: 0.000043 seconds.
  path: Assets/Palette/scenery_66.asset
  artifactKey: Guid(16cf83ad743932941aa73bfdffd83827) Importer(2089858483,0ecaa5967403d082aa24f35e1b516d23)
Start importing Assets/Palette/scenery_66.asset using Guid(16cf83ad743932941aa73bfdffd83827) Importer(2089858483,0ecaa5967403d082aa24f35e1b516d23) [PhysX] Initialized MultithreadedTaskDispatcher with 8 workers.
 -> (artifact id: 'd942c7a0431480a154e2b70bda10c465') in 0.023437 seconds
Number of updated asset objects reloaded before import = 0
Number of asset objects unloaded after import = 3
========================================================================
Received Import Request.
  Time since last request: 0.000034 seconds.
  path: Assets/Palette/scenery_67.asset
  artifactKey: Guid(05c29a6da44c8674ba13f7b8b9d036a9) Importer(2089858483,0ecaa5967403d082aa24f35e1b516d23)
Start importing Assets/Palette/scenery_67.asset using Guid(05c29a6da44c8674ba13f7b8b9d036a9) Importer(2089858483,0ecaa5967403d082aa24f35e1b516d23) [PhysX] Initialized MultithreadedTaskDispatcher with 8 workers.
 -> (artifact id: '72b88ce2d7e84297da35c610f6816a63') in 0.030568 seconds
Number of updated asset objects reloaded before import = 0
Number of asset objects unloaded after import = 3
========================================================================
Received Import Request.
  Time since last request: 0.000037 seconds.
  path: Assets/Palette/scenery_81.asset
  artifactKey: Guid(644f30cfb7fa20f4d8777486fcfe1909) Importer(2089858483,0ecaa5967403d082aa24f35e1b516d23)
Start importing Assets/Palette/scenery_81.asset using Guid(644f30cfb7fa20f4d8777486fcfe1909) Importer(2089858483,0ecaa5967403d082aa24f35e1b516d23) [PhysX] Initialized MultithreadedTaskDispatcher with 8 workers.
 -> (artifact id: '30c0cc1cce900750b063514edcd4f222') in 0.021570 seconds
Number of updated asset objects reloaded before import = 0
Number of asset objects unloaded after import = 3
========================================================================
Received Import Request.
  Time since last request: 0.000053 seconds.
  path: Assets/Palette/scenery_56.asset
  artifactKey: Guid(98224873a6c5fb44a874264a698107a0) Importer(2089858483,0ecaa5967403d082aa24f35e1b516d23)
Start importing Assets/Palette/scenery_56.asset using Guid(98224873a6c5fb44a874264a698107a0) Importer(2089858483,0ecaa5967403d082aa24f35e1b516d23) [PhysX] Initialized MultithreadedTaskDispatcher with 8 workers.
 -> (artifact id: '392dd105773249d17e030ef796b18c2f') in 0.023470 seconds
Number of updated asset objects reloaded before import = 0
Number of asset objects unloaded after import = 3
========================================================================
Received Import Request.
  Time since last request: 0.000039 seconds.
  path: Assets/Palette/scenery_60.asset
  artifactKey: Guid(dcebb40285a7218439ad216f32dbe0ee) Importer(2089858483,0ecaa5967403d082aa24f35e1b516d23)
Start importing Assets/Palette/scenery_60.asset using Guid(dcebb40285a7218439ad216f32dbe0ee) Importer(2089858483,0ecaa5967403d082aa24f35e1b516d23) [PhysX] Initialized MultithreadedTaskDispatcher with 8 workers.
 -> (artifact id: 'f1f0db1c70ac752da3391ceea1d80fe6') in 0.018964 seconds
Number of updated asset objects reloaded before import = 0
Number of asset objects unloaded after import = 3
========================================================================
Received Import Request.
  Time since last request: 0.000031 seconds.
  path: Assets/Palette/scenery_126.asset
  artifactKey: Guid(fdf04737d0f23e341a4e89873595ce34) Importer(2089858483,0ecaa5967403d082aa24f35e1b516d23)
Start importing Assets/Palette/scenery_126.asset using Guid(fdf04737d0f23e341a4e89873595ce34) Importer(2089858483,0ecaa5967403d082aa24f35e1b516d23) [PhysX] Initialized MultithreadedTaskDispatcher with 8 workers.
 -> (artifact id: 'ed987a969a481eb37a767741feac1186') in 0.023168 seconds
Number of updated asset objects reloaded before import = 0
Number of asset objects unloaded after import = 3
========================================================================
Received Import Request.
  Time since last request: 0.000032 seconds.
  path: Assets/Palette/stone_11.asset
  artifactKey: Guid(3d2eb2e101bdeaf41aae1d74c187f99a) Importer(2089858483,0ecaa5967403d082aa24f35e1b516d23)
Start importing Assets/Palette/stone_11.asset using Guid(3d2eb2e101bdeaf41aae1d74c187f99a) Importer(2089858483,0ecaa5967403d082aa24f35e1b516d23) [PhysX] Initialized MultithreadedTaskDispatcher with 8 workers.
 -> (artifact id: 'be260e3dc6cb57afceba256d3a7f74b6') in 0.022064 seconds
Number of updated asset objects reloaded before import = 0
Number of asset objects unloaded after import = 3
========================================================================
Received Import Request.
  Time since last request: 0.000042 seconds.
  path: Assets/Palette/scenery_94.asset
  artifactKey: Guid(7a1eced9d4b5beb4db27f899db5c836f) Importer(2089858483,0ecaa5967403d082aa24f35e1b516d23)
Start importing Assets/Palette/scenery_94.asset using Guid(7a1eced9d4b5beb4db27f899db5c836f) Importer(2089858483,0ecaa5967403d082aa24f35e1b516d23) [PhysX] Initialized MultithreadedTaskDispatcher with 8 workers.
 -> (artifact id: 'fa88bef29f1c0792da0341667ad4c23d') in 0.021568 seconds
Number of updated asset objects reloaded before import = 0
Number of asset objects unloaded after import = 3
========================================================================
Received Import Request.
  Time since last request: 0.000035 seconds.
  path: Assets/Palette/stone_13 1.asset
  artifactKey: Guid(934f0e84de8a83740a81766aa25a1437) Importer(2089858483,0ecaa5967403d082aa24f35e1b516d23)
Start importing Assets/Palette/stone_13 1.asset using Guid(934f0e84de8a83740a81766aa25a1437) Importer(2089858483,0ecaa5967403d082aa24f35e1b516d23) [PhysX] Initialized MultithreadedTaskDispatcher with 8 workers.
 -> (artifact id: '391990e2998b9d846193cf486df2f0a7') in 0.021472 seconds
Number of updated asset objects reloaded before import = 0
Number of asset objects unloaded after import = 3
========================================================================
Received Import Request.
  Time since last request: 0.000035 seconds.
  path: Assets/Palette/scenery_95.asset
  artifactKey: Guid(53ed75fe868da2947bef1c7cefef1adf) Importer(2089858483,0ecaa5967403d082aa24f35e1b516d23)
Start importing Assets/Palette/scenery_95.asset using Guid(53ed75fe868da2947bef1c7cefef1adf) Importer(2089858483,0ecaa5967403d082aa24f35e1b516d23) [PhysX] Initialized MultithreadedTaskDispatcher with 8 workers.
 -> (artifact id: '96e7e2373ad1df2aa1336b9a2fde5aaa') in 0.022969 seconds
Number of updated asset objects reloaded before import = 0
Number of asset objects unloaded after import = 3
========================================================================
Received Import Request.
  Time since last request: 0.000041 seconds.
  path: Assets/Palette/scenery_90.asset
  artifactKey: Guid(15e8d39de0b736f409b4da09b12cf305) Importer(2089858483,0ecaa5967403d082aa24f35e1b516d23)
Start importing Assets/Palette/scenery_90.asset using Guid(15e8d39de0b736f409b4da09b12cf305) Importer(2089858483,0ecaa5967403d082aa24f35e1b516d23) [PhysX] Initialized MultithreadedTaskDispatcher with 8 workers.
 -> (artifact id: '7ca929ea77b9e063f6c65cc16e815e58') in 0.022234 seconds
Number of updated asset objects reloaded before import = 0
Number of asset objects unloaded after import = 3
========================================================================
Received Import Request.
  Time since last request: 0.000035 seconds.
  path: Assets/Palette/scenery_97.asset
  artifactKey: Guid(59866281976fc48428ead1b06d705bdb) Importer(2089858483,0ecaa5967403d082aa24f35e1b516d23)
Start importing Assets/Palette/scenery_97.asset using Guid(59866281976fc48428ead1b06d705bdb) Importer(2089858483,0ecaa5967403d082aa24f35e1b516d23) [PhysX] Initialized MultithreadedTaskDispatcher with 8 workers.
 -> (artifact id: 'c2cd0d85b47741869749d4f15d809da0') in 0.023388 seconds
Number of updated asset objects reloaded before import = 0
Number of asset objects unloaded after import = 3
========================================================================
Received Import Request.
  Time since last request: 0.000033 seconds.
  path: Assets/Palette/scenery_91.asset
  artifactKey: Guid(06eb80d0f72254a49a751cd4117353a2) Importer(2089858483,0ecaa5967403d082aa24f35e1b516d23)
Start importing Assets/Palette/scenery_91.asset using Guid(06eb80d0f72254a49a751cd4117353a2) Importer(2089858483,0ecaa5967403d082aa24f35e1b516d23) [PhysX] Initialized MultithreadedTaskDispatcher with 8 workers.
 -> (artifact id: 'cd8daaa990e7807079563c3988ff85b2') in 0.023353 seconds
Number of updated asset objects reloaded before import = 0
Number of asset objects unloaded after import = 3
========================================================================
Received Import Request.
  Time since last request: 0.000062 seconds.
  path: Assets/Palette/scenery_86.asset
  artifactKey: Guid(0e8fdb125e8a85a41b978d89a71a417f) Importer(2089858483,0ecaa5967403d082aa24f35e1b516d23)
Start importing Assets/Palette/scenery_86.asset using Guid(0e8fdb125e8a85a41b978d89a71a417f) Importer(2089858483,0ecaa5967403d082aa24f35e1b516d23) [PhysX] Initialized MultithreadedTaskDispatcher with 8 workers.
 -> (artifact id: '88e1f723347dfab224a5d400011ebb05') in 0.019682 seconds
Number of updated asset objects reloaded before import = 0
Number of asset objects unloaded after import = 3
========================================================================
Received Import Request.
  Time since last request: 0.000033 seconds.
  path: Assets/Palette/scenery_9.asset
  artifactKey: Guid(3cdca688049a55341922805080349820) Importer(2089858483,0ecaa5967403d082aa24f35e1b516d23)
Start importing Assets/Palette/scenery_9.asset using Guid(3cdca688049a55341922805080349820) Importer(2089858483,0ecaa5967403d082aa24f35e1b516d23) [PhysX] Initialized MultithreadedTaskDispatcher with 8 workers.
 -> (artifact id: 'd5f2c0f20540aaaa834964077b7489ab') in 0.020510 seconds
Number of updated asset objects reloaded before import = 0
Number of asset objects unloaded after import = 3
========================================================================
Received Import Request.
  Time since last request: 0.000046 seconds.
  path: Assets/Palette/scenery_96.asset
  artifactKey: Guid(b4e2befa995bac44f924a1721a49e2f2) Importer(2089858483,0ecaa5967403d082aa24f35e1b516d23)
Start importing Assets/Palette/scenery_96.asset using Guid(b4e2befa995bac44f924a1721a49e2f2) Importer(2089858483,0ecaa5967403d082aa24f35e1b516d23) [PhysX] Initialized MultithreadedTaskDispatcher with 8 workers.
 -> (artifact id: '44dfc7a6884e0fa2934ba338d5423483') in 0.021376 seconds
Number of updated asset objects reloaded before import = 0
Number of asset objects unloaded after import = 3
========================================================================
Received Import Request.
  Time since last request: 0.000036 seconds.
  path: Assets/Palette/stone_10 1.asset
  artifactKey: Guid(0fc51ab90f3900f4cb7fe559abc88dcb) Importer(2089858483,0ecaa5967403d082aa24f35e1b516d23)
Start importing Assets/Palette/stone_10 1.asset using Guid(0fc51ab90f3900f4cb7fe559abc88dcb) Importer(2089858483,0ecaa5967403d082aa24f35e1b516d23) [PhysX] Initialized MultithreadedTaskDispatcher with 8 workers.
 -> (artifact id: '15a9fd76ddefb1a98d4c3451b9b289f2') in 0.022536 seconds
Number of updated asset objects reloaded before import = 0
Number of asset objects unloaded after import = 3
========================================================================
Received Import Request.
  Time since last request: 0.000031 seconds.
  path: Assets/Palette/scenery_84.asset
  artifactKey: Guid(97cbbb7e904baac4e894516f42c5e72a) Importer(2089858483,0ecaa5967403d082aa24f35e1b516d23)
Start importing Assets/Palette/scenery_84.asset using Guid(97cbbb7e904baac4e894516f42c5e72a) Importer(2089858483,0ecaa5967403d082aa24f35e1b516d23) [PhysX] Initialized MultithreadedTaskDispatcher with 8 workers.
 -> (artifact id: '69e2ab62e1055759e7a74f36d84a69ed') in 0.021514 seconds
Number of updated asset objects reloaded before import = 0
Number of asset objects unloaded after import = 3
========================================================================
Received Import Request.
  Time since last request: 0.000031 seconds.
  path: Assets/Palette/stone_0.asset
  artifactKey: Guid(c336d28bf3ff3ea44942a772fb3520d7) Importer(2089858483,0ecaa5967403d082aa24f35e1b516d23)
Start importing Assets/Palette/stone_0.asset using Guid(c336d28bf3ff3ea44942a772fb3520d7) Importer(2089858483,0ecaa5967403d082aa24f35e1b516d23) [PhysX] Initialized MultithreadedTaskDispatcher with 8 workers.
 -> (artifact id: '00a2e79d32e69aca76c30716608ba970') in 0.019716 seconds
Number of updated asset objects reloaded before import = 0
Number of asset objects unloaded after import = 3
========================================================================
Received Import Request.
  Time since last request: 0.000037 seconds.
  path: Assets/Palette/scenery_88.asset
  artifactKey: Guid(a355dbc284559a74f8088d30ee1e3327) Importer(2089858483,0ecaa5967403d082aa24f35e1b516d23)
Start importing Assets/Palette/scenery_88.asset using Guid(a355dbc284559a74f8088d30ee1e3327) Importer(2089858483,0ecaa5967403d082aa24f35e1b516d23) [PhysX] Initialized MultithreadedTaskDispatcher with 8 workers.
 -> (artifact id: 'bf4540bf55cd7bcfa0f145d336c07ac9') in 0.023702 seconds
Number of updated asset objects reloaded before import = 0
Number of asset objects unloaded after import = 3
========================================================================
Received Import Request.
  Time since last request: 0.000033 seconds.
  path: Assets/Palette/stone_13.asset
  artifactKey: Guid(a210975b69f11834ba05aea1a235affc) Importer(2089858483,0ecaa5967403d082aa24f35e1b516d23)
Start importing Assets/Palette/stone_13.asset using Guid(a210975b69f11834ba05aea1a235affc) Importer(2089858483,0ecaa5967403d082aa24f35e1b516d23) [PhysX] Initialized MultithreadedTaskDispatcher with 8 workers.
 -> (artifact id: '458bb8269cbd13a56bc574294daf6629') in 0.022725 seconds
Number of updated asset objects reloaded before import = 0
Number of asset objects unloaded after import = 3
========================================================================
Received Import Request.
  Time since last request: 0.000035 seconds.
  path: Assets/Palette/stone_1.asset
  artifactKey: Guid(db3a6741782ff0c4b884609e5b744c9c) Importer(2089858483,0ecaa5967403d082aa24f35e1b516d23)
Start importing Assets/Palette/stone_1.asset using Guid(db3a6741782ff0c4b884609e5b744c9c) Importer(2089858483,0ecaa5967403d082aa24f35e1b516d23) [PhysX] Initialized MultithreadedTaskDispatcher with 8 workers.
 -> (artifact id: 'ea91f83b7d9cdc6b35ac599148e1af10') in 0.024666 seconds
Number of updated asset objects reloaded before import = 0
Number of asset objects unloaded after import = 3
========================================================================
Received Import Request.
  Time since last request: 0.000045 seconds.
  path: Assets/Palette/scenery_107.asset
  artifactKey: Guid(ac101b95e5208f24ea418eacc5abfa9b) Importer(2089858483,0ecaa5967403d082aa24f35e1b516d23)
Start importing Assets/Palette/scenery_107.asset using Guid(ac101b95e5208f24ea418eacc5abfa9b) Importer(2089858483,0ecaa5967403d082aa24f35e1b516d23) [PhysX] Initialized MultithreadedTaskDispatcher with 8 workers.
 -> (artifact id: '2e9e08447f876011ee166718840b4b79') in 0.022971 seconds
Number of updated asset objects reloaded before import = 0
Number of asset objects unloaded after import = 3
========================================================================
Received Import Request.
  Time since last request: 0.000086 seconds.
  path: Assets/Palette/stone_16 1.asset
  artifactKey: Guid(fd5223d6f2453024fbaf9cc22796254f) Importer(2089858483,0ecaa5967403d082aa24f35e1b516d23)
Start importing Assets/Palette/stone_16 1.asset using Guid(fd5223d6f2453024fbaf9cc22796254f) Importer(2089858483,0ecaa5967403d082aa24f35e1b516d23) [PhysX] Initialized MultithreadedTaskDispatcher with 8 workers.
 -> (artifact id: 'de75c0ee123b80cb84629f68c25488aa') in 0.020457 seconds
Number of updated asset objects reloaded before import = 0
Number of asset objects unloaded after import = 3
========================================================================
Received Import Request.
  Time since last request: 0.000034 seconds.
  path: Assets/Palette/stone_25 1.asset
  artifactKey: Guid(2b5f6028476580d4795a6de7f15442cb) Importer(2089858483,0ecaa5967403d082aa24f35e1b516d23)
Start importing Assets/Palette/stone_25 1.asset using Guid(2b5f6028476580d4795a6de7f15442cb) Importer(2089858483,0ecaa5967403d082aa24f35e1b516d23) [PhysX] Initialized MultithreadedTaskDispatcher with 8 workers.
 -> (artifact id: '632c51b1c12b0f5e3f2ce7c6d0f67261') in 0.022415 seconds
Number of updated asset objects reloaded before import = 0
Number of asset objects unloaded after import = 3
========================================================================
Received Import Request.
  Time since last request: 0.000593 seconds.
  path: Assets/Palette/stone_22.asset
  artifactKey: Guid(4a622527b1e35054cbec5f5adb9fa2a4) Importer(2089858483,0ecaa5967403d082aa24f35e1b516d23)
Start importing Assets/Palette/stone_22.asset using Guid(4a622527b1e35054cbec5f5adb9fa2a4) Importer(2089858483,0ecaa5967403d082aa24f35e1b516d23) [PhysX] Initialized MultithreadedTaskDispatcher with 8 workers.
 -> (artifact id: '9e3a19c6f5078765c0d10e65832ad711') in 0.027243 seconds
Number of updated asset objects reloaded before import = 0
Number of asset objects unloaded after import = 3
========================================================================
Received Import Request.
  Time since last request: 0.000040 seconds.
  path: Assets/Palette/stone_25.asset
  artifactKey: Guid(8dd9112c999832d41926f9a55890b024) Importer(2089858483,0ecaa5967403d082aa24f35e1b516d23)
Start importing Assets/Palette/stone_25.asset using Guid(8dd9112c999832d41926f9a55890b024) Importer(2089858483,0ecaa5967403d082aa24f35e1b516d23) [PhysX] Initialized MultithreadedTaskDispatcher with 8 workers.
 -> (artifact id: '43820ea7f7c679775b6ced150b96b98d') in 0.026211 seconds
Number of updated asset objects reloaded before import = 0
Number of asset objects unloaded after import = 3
========================================================================
Received Import Request.
  Time since last request: 0.000031 seconds.
  path: Assets/Palette/stone_18 1.asset
  artifactKey: Guid(e7ce2254673837b41a00d989993974f4) Importer(2089858483,0ecaa5967403d082aa24f35e1b516d23)
Start importing Assets/Palette/stone_18 1.asset using Guid(e7ce2254673837b41a00d989993974f4) Importer(2089858483,0ecaa5967403d082aa24f35e1b516d23) [PhysX] Initialized MultithreadedTaskDispatcher with 8 workers.
 -> (artifact id: '7de6ed29dab0b30b3ee03504f61819e7') in 0.025754 seconds
Number of updated asset objects reloaded before import = 0
Number of asset objects unloaded after import = 3
========================================================================
Received Import Request.
  Time since last request: 0.000045 seconds.
  path: Assets/Palette/stone_29 1.asset
  artifactKey: Guid(ecca9117ca1736c4b86addf420fb451f) Importer(2089858483,0ecaa5967403d082aa24f35e1b516d23)
Start importing Assets/Palette/stone_29 1.asset using Guid(ecca9117ca1736c4b86addf420fb451f) Importer(2089858483,0ecaa5967403d082aa24f35e1b516d23) [PhysX] Initialized MultithreadedTaskDispatcher with 8 workers.
 -> (artifact id: 'aa8f0ed97b2ae41afebfaa0cb6b1667b') in 0.024675 seconds
Number of updated asset objects reloaded before import = 0
Number of asset objects unloaded after import = 3
========================================================================
Received Import Request.
  Time since last request: 0.000044 seconds.
  path: Assets/Palette/stone_22 1.asset
  artifactKey: Guid(682f9bc96d1a9cc4cb9aba29742382cb) Importer(2089858483,0ecaa5967403d082aa24f35e1b516d23)
Start importing Assets/Palette/stone_22 1.asset using Guid(682f9bc96d1a9cc4cb9aba29742382cb) Importer(2089858483,0ecaa5967403d082aa24f35e1b516d23) [PhysX] Initialized MultithreadedTaskDispatcher with 8 workers.
 -> (artifact id: '07e3031a2b082117208ec7ee71c92706') in 0.027842 seconds
Number of updated asset objects reloaded before import = 0
Number of asset objects unloaded after import = 3
========================================================================
Received Import Request.
  Time since last request: 0.000049 seconds.
  path: Assets/Palette/stone_23 1.asset
  artifactKey: Guid(f8faf18e29a3b3848993b866aad828d6) Importer(2089858483,0ecaa5967403d082aa24f35e1b516d23)
Start importing Assets/Palette/stone_23 1.asset using Guid(f8faf18e29a3b3848993b866aad828d6) Importer(2089858483,0ecaa5967403d082aa24f35e1b516d23) [PhysX] Initialized MultithreadedTaskDispatcher with 8 workers.
 -> (artifact id: 'b325215fc8557639591b47f238d5ee36') in 0.020213 seconds
Number of updated asset objects reloaded before import = 0
Number of asset objects unloaded after import = 3
========================================================================
Received Import Request.
  Time since last request: 0.000036 seconds.
  path: Assets/Palette/stone_21 1.asset
  artifactKey: Guid(de0c16f529d0df64dbb69665dc90651d) Importer(2089858483,0ecaa5967403d082aa24f35e1b516d23)
Start importing Assets/Palette/stone_21 1.asset using Guid(de0c16f529d0df64dbb69665dc90651d) Importer(2089858483,0ecaa5967403d082aa24f35e1b516d23) [PhysX] Initialized MultithreadedTaskDispatcher with 8 workers.
 -> (artifact id: '69dab6f1d963a022fe65c27f578e3e19') in 0.028750 seconds
Number of updated asset objects reloaded before import = 0
Number of asset objects unloaded after import = 3
========================================================================
Received Import Request.
  Time since last request: 0.000046 seconds.
  path: Assets/Palette/stone_20.asset
  artifactKey: Guid(6403e6c31cb40ad42aec30347eca138c) Importer(2089858483,0ecaa5967403d082aa24f35e1b516d23)
Start importing Assets/Palette/stone_20.asset using Guid(6403e6c31cb40ad42aec30347eca138c) Importer(2089858483,0ecaa5967403d082aa24f35e1b516d23) [PhysX] Initialized MultithreadedTaskDispatcher with 8 workers.
 -> (artifact id: 'de64f4480fc035fb38b89cd3b35fc17f') in 0.021091 seconds
Number of updated asset objects reloaded before import = 0
Number of asset objects unloaded after import = 3
========================================================================
Received Import Request.
  Time since last request: 0.000034 seconds.
  path: Assets/Palette/stone_24.asset
  artifactKey: Guid(a02a586d1a4d39341ab74949c3fc4070) Importer(2089858483,0ecaa5967403d082aa24f35e1b516d23)
Start importing Assets/Palette/stone_24.asset using Guid(a02a586d1a4d39341ab74949c3fc4070) Importer(2089858483,0ecaa5967403d082aa24f35e1b516d23) [PhysX] Initialized MultithreadedTaskDispatcher with 8 workers.
 -> (artifact id: 'c947a1bd19cd1859c6a324025b4f2ef5') in 0.023801 seconds
Number of updated asset objects reloaded before import = 0
Number of asset objects unloaded after import = 3
========================================================================
Received Import Request.
  Time since last request: 0.000038 seconds.
  path: Assets/Palette/stone_19.asset
  artifactKey: Guid(005c37601c23f104bb19b490b5c6be2a) Importer(2089858483,0ecaa5967403d082aa24f35e1b516d23)
Start importing Assets/Palette/stone_19.asset using Guid(005c37601c23f104bb19b490b5c6be2a) Importer(2089858483,0ecaa5967403d082aa24f35e1b516d23) [PhysX] Initialized MultithreadedTaskDispatcher with 8 workers.
 -> (artifact id: 'fd67a8c9471cac72d4abd30d3f36ab2f') in 0.021939 seconds
Number of updated asset objects reloaded before import = 0
Number of asset objects unloaded after import = 3
========================================================================
Received Import Request.
  Time since last request: 0.000043 seconds.
  path: Assets/Palette/stone_18.asset
  artifactKey: Guid(7f0687ee51b745040b0a5d8a67fc0510) Importer(2089858483,0ecaa5967403d082aa24f35e1b516d23)
Start importing Assets/Palette/stone_18.asset using Guid(7f0687ee51b745040b0a5d8a67fc0510) Importer(2089858483,0ecaa5967403d082aa24f35e1b516d23) [PhysX] Initialized MultithreadedTaskDispatcher with 8 workers.
 -> (artifact id: 'c3052c632c84c766ce50d0a69ff24515') in 0.019597 seconds
Number of updated asset objects reloaded before import = 0
Number of asset objects unloaded after import = 3
========================================================================
Received Import Request.
  Time since last request: 0.000034 seconds.
  path: Assets/Palette/stone_28 1.asset
  artifactKey: Guid(ca5cfaedd72968f4ba11993d4ecf2430) Importer(2089858483,0ecaa5967403d082aa24f35e1b516d23)
Start importing Assets/Palette/stone_28 1.asset using Guid(ca5cfaedd72968f4ba11993d4ecf2430) Importer(2089858483,0ecaa5967403d082aa24f35e1b516d23) [PhysX] Initialized MultithreadedTaskDispatcher with 8 workers.
 -> (artifact id: '92f0427b0ca46b71310c92606b7318f4') in 0.023426 seconds
Number of updated asset objects reloaded before import = 0
Number of asset objects unloaded after import = 3
========================================================================
Received Import Request.
  Time since last request: 0.000058 seconds.
  path: Assets/Palette/stone_41.asset
  artifactKey: Guid(0a1879f4ac1da3348a3a76de15543f25) Importer(2089858483,0ecaa5967403d082aa24f35e1b516d23)
Start importing Assets/Palette/stone_41.asset using Guid(0a1879f4ac1da3348a3a76de15543f25) Importer(2089858483,0ecaa5967403d082aa24f35e1b516d23) [PhysX] Initialized MultithreadedTaskDispatcher with 8 workers.
 -> (artifact id: '7f7e9b1a6662e511d4bff532a22d5dc1') in 0.017706 seconds
Number of updated asset objects reloaded before import = 0
Number of asset objects unloaded after import = 3
========================================================================
Received Import Request.
  Time since last request: 0.000025 seconds.
  path: Assets/Palette/stone_31 1.asset
  artifactKey: Guid(1ceb81ac7a61c97458313250c5334db2) Importer(2089858483,0ecaa5967403d082aa24f35e1b516d23)
Start importing Assets/Palette/stone_31 1.asset using Guid(1ceb81ac7a61c97458313250c5334db2) Importer(2089858483,0ecaa5967403d082aa24f35e1b516d23) [PhysX] Initialized MultithreadedTaskDispatcher with 8 workers.
 -> (artifact id: '63e76238d4755bb4db7e4bed988cc472') in 0.019407 seconds
Number of updated asset objects reloaded before import = 0
Number of asset objects unloaded after import = 3
========================================================================
Received Import Request.
  Time since last request: 0.000041 seconds.
  path: Assets/Palette/stone_38.asset
  artifactKey: Guid(b90373dd0d65e4d43a93e0d93b4c940c) Importer(2089858483,0ecaa5967403d082aa24f35e1b516d23)
Start importing Assets/Palette/stone_38.asset using Guid(b90373dd0d65e4d43a93e0d93b4c940c) Importer(2089858483,0ecaa5967403d082aa24f35e1b516d23) [PhysX] Initialized MultithreadedTaskDispatcher with 8 workers.
 -> (artifact id: 'dbcf9f3920e5fc25f083da7fe89f78e9') in 0.018645 seconds
Number of updated asset objects reloaded before import = 0
Number of asset objects unloaded after import = 3
========================================================================
Received Import Request.
  Time since last request: 0.000039 seconds.
  path: Assets/Palette/stone_4.asset
  artifactKey: Guid(d319cc80bc2adbf47918b4537f7f05b1) Importer(2089858483,0ecaa5967403d082aa24f35e1b516d23)
Start importing Assets/Palette/stone_4.asset using Guid(d319cc80bc2adbf47918b4537f7f05b1) Importer(2089858483,0ecaa5967403d082aa24f35e1b516d23) [PhysX] Initialized MultithreadedTaskDispatcher with 8 workers.
 -> (artifact id: '9577b88e9d72507bdb8e6e9f920fa149') in 0.021112 seconds
Number of updated asset objects reloaded before import = 0
Number of asset objects unloaded after import = 3
========================================================================
Received Import Request.
  Time since last request: 0.000043 seconds.
  path: Assets/Palette/stone_3.asset
  artifactKey: Guid(fc82e5019a0a73b45870f6bbd7d98b9f) Importer(2089858483,0ecaa5967403d082aa24f35e1b516d23)
Start importing Assets/Palette/stone_3.asset using Guid(fc82e5019a0a73b45870f6bbd7d98b9f) Importer(2089858483,0ecaa5967403d082aa24f35e1b516d23) [PhysX] Initialized MultithreadedTaskDispatcher with 8 workers.
 -> (artifact id: '126ce9fe6cdb6a8a967717a393292f0a') in 0.052276 seconds
Number of updated asset objects reloaded before import = 0
Number of asset objects unloaded after import = 3
========================================================================
Received Import Request.
  Time since last request: 0.000025 seconds.
  path: Assets/Palette/stone_37.asset
  artifactKey: Guid(a78fd09891b7aad4e91216eaa3dec5bd) Importer(2089858483,0ecaa5967403d082aa24f35e1b516d23)
Start importing Assets/Palette/stone_37.asset using Guid(a78fd09891b7aad4e91216eaa3dec5bd) Importer(2089858483,0ecaa5967403d082aa24f35e1b516d23) [PhysX] Initialized MultithreadedTaskDispatcher with 8 workers.
 -> (artifact id: '8ca5263f3a0bb021a3219228033cb54e') in 0.019373 seconds
Number of updated asset objects reloaded before import = 0
Number of asset objects unloaded after import = 3
========================================================================
Received Import Request.
  Time since last request: 0.000031 seconds.
  path: Assets/Palette/stone_36 1.asset
  artifactKey: Guid(fee3f3745782fa04387793e479308d1b) Importer(2089858483,0ecaa5967403d082aa24f35e1b516d23)
Start importing Assets/Palette/stone_36 1.asset using Guid(fee3f3745782fa04387793e479308d1b) Importer(2089858483,0ecaa5967403d082aa24f35e1b516d23) [PhysX] Initialized MultithreadedTaskDispatcher with 8 workers.
 -> (artifact id: '1a576d26d66994588e7cb4b3dbf3d0d2') in 0.018257 seconds
Number of updated asset objects reloaded before import = 0
Number of asset objects unloaded after import = 3
========================================================================
Received Import Request.
  Time since last request: 0.000044 seconds.
  path: Assets/Palette/stone_38 1.asset
  artifactKey: Guid(5d768ae43c714d3428aa8cf8b6fb02ba) Importer(2089858483,0ecaa5967403d082aa24f35e1b516d23)
Start importing Assets/Palette/stone_38 1.asset using Guid(5d768ae43c714d3428aa8cf8b6fb02ba) Importer(2089858483,0ecaa5967403d082aa24f35e1b516d23) [PhysX] Initialized MultithreadedTaskDispatcher with 8 workers.
 -> (artifact id: 'dd0b9fe15639f4bb6ea3d51b70b5b14e') in 0.018161 seconds
Number of updated asset objects reloaded before import = 0
Number of asset objects unloaded after import = 3
========================================================================
Received Import Request.
  Time since last request: 0.000027 seconds.
  path: Assets/Palette/stone_35.asset
  artifactKey: Guid(33b865b73b960a743a4a4b03b630796f) Importer(2089858483,0ecaa5967403d082aa24f35e1b516d23)
Start importing Assets/Palette/stone_35.asset using Guid(33b865b73b960a743a4a4b03b630796f) Importer(2089858483,0ecaa5967403d082aa24f35e1b516d23) [PhysX] Initialized MultithreadedTaskDispatcher with 8 workers.
 -> (artifact id: '391d4a38aab0982f2dacfdf9c704dcf8') in 0.019505 seconds
Number of updated asset objects reloaded before import = 0
Number of asset objects unloaded after import = 3
========================================================================
Received Import Request.
  Time since last request: 0.000030 seconds.
  path: Assets/Palette/stone_32.asset
  artifactKey: Guid(679042018ad1f9b4fb41aac676656ed7) Importer(2089858483,0ecaa5967403d082aa24f35e1b516d23)
Start importing Assets/Palette/stone_32.asset using Guid(679042018ad1f9b4fb41aac676656ed7) Importer(2089858483,0ecaa5967403d082aa24f35e1b516d23) [PhysX] Initialized MultithreadedTaskDispatcher with 8 workers.
 -> (artifact id: '07bf405abd6ea6dbd402b6cfabec6296') in 0.018424 seconds
Number of updated asset objects reloaded before import = 0
Number of asset objects unloaded after import = 3
========================================================================
Received Import Request.
  Time since last request: 0.000031 seconds.
  path: Assets/Palette/stone_33 1.asset
  artifactKey: Guid(5b490755e9fd8654abbd215497ca5697) Importer(2089858483,0ecaa5967403d082aa24f35e1b516d23)
Start importing Assets/Palette/stone_33 1.asset using Guid(5b490755e9fd8654abbd215497ca5697) Importer(2089858483,0ecaa5967403d082aa24f35e1b516d23) [PhysX] Initialized MultithreadedTaskDispatcher with 8 workers.
 -> (artifact id: '2a4351dcea07e785d674fd1b925c5128') in 0.018271 seconds
Number of updated asset objects reloaded before import = 0
Number of asset objects unloaded after import = 3
========================================================================
Received Import Request.
  Time since last request: 0.000032 seconds.
  path: Assets/Palette/stone_34.asset
  artifactKey: Guid(7e149f96329f729439a97b4d1199b2cc) Importer(2089858483,0ecaa5967403d082aa24f35e1b516d23)
Start importing Assets/Palette/stone_34.asset using Guid(7e149f96329f729439a97b4d1199b2cc) Importer(2089858483,0ecaa5967403d082aa24f35e1b516d23) [PhysX] Initialized MultithreadedTaskDispatcher with 8 workers.
 -> (artifact id: '90a2b84fdcad469e7c335af61090f66f') in 0.017869 seconds
Number of updated asset objects reloaded before import = 0
Number of asset objects unloaded after import = 3
========================================================================
Received Import Request.
  Time since last request: 0.000030 seconds.
  path: Assets/Palette/stone_40.asset
  artifactKey: Guid(0a765f4c29325264a9c50bae9c135859) Importer(2089858483,0ecaa5967403d082aa24f35e1b516d23)
Start importing Assets/Palette/stone_40.asset using Guid(0a765f4c29325264a9c50bae9c135859) Importer(2089858483,0ecaa5967403d082aa24f35e1b516d23) [PhysX] Initialized MultithreadedTaskDispatcher with 8 workers.
 -> (artifact id: '1645c71c90956f82beda5922a71195cc') in 0.017278 seconds
Number of updated asset objects reloaded before import = 0
Number of asset objects unloaded after import = 3
========================================================================
Received Import Request.
  Time since last request: 0.000027 seconds.
  path: Assets/Palette/stone_42 1.asset
  artifactKey: Guid(00dcaca616cc29e47b268e9e01ccb4df) Importer(2089858483,0ecaa5967403d082aa24f35e1b516d23)
Start importing Assets/Palette/stone_42 1.asset using Guid(00dcaca616cc29e47b268e9e01ccb4df) Importer(2089858483,0ecaa5967403d082aa24f35e1b516d23) [PhysX] Initialized MultithreadedTaskDispatcher with 8 workers.
 -> (artifact id: 'd98d6d8cfc65619290089a8cb212075d') in 0.017898 seconds
Number of updated asset objects reloaded before import = 0
Number of asset objects unloaded after import = 3
========================================================================
Received Import Request.
  Time since last request: 0.000024 seconds.
  path: Assets/Palette/stone_3 1.asset
  artifactKey: Guid(f5e26d9474220a84a9e963a69a9c4ec4) Importer(2089858483,0ecaa5967403d082aa24f35e1b516d23)
Start importing Assets/Palette/stone_3 1.asset using Guid(f5e26d9474220a84a9e963a69a9c4ec4) Importer(2089858483,0ecaa5967403d082aa24f35e1b516d23) [PhysX] Initialized MultithreadedTaskDispatcher with 8 workers.
 -> (artifact id: 'dec740286deed8b4effac6cfeaa6a924') in 0.017563 seconds
Number of updated asset objects reloaded before import = 0
Number of asset objects unloaded after import = 3
========================================================================
Received Import Request.
  Time since last request: 0.000026 seconds.
  path: Assets/Palette/scenery_77.asset
  artifactKey: Guid(e06ae50c352e68f41a244ec5df74a12b) Importer(2089858483,0ecaa5967403d082aa24f35e1b516d23)
Start importing Assets/Palette/scenery_77.asset using Guid(e06ae50c352e68f41a244ec5df74a12b) Importer(2089858483,0ecaa5967403d082aa24f35e1b516d23) [PhysX] Initialized MultithreadedTaskDispatcher with 8 workers.
 -> (artifact id: '5fdf7c7b99462980e1b06b56abbcb87b') in 0.017298 seconds
Number of updated asset objects reloaded before import = 0
Number of asset objects unloaded after import = 3
========================================================================
Received Import Request.
  Time since last request: 0.000035 seconds.
  path: Assets/Palette/scenery_12.asset
  artifactKey: Guid(a731ff20ee2b839468fc31f38f720180) Importer(2089858483,0ecaa5967403d082aa24f35e1b516d23)
Start importing Assets/Palette/scenery_12.asset using Guid(a731ff20ee2b839468fc31f38f720180) Importer(2089858483,0ecaa5967403d082aa24f35e1b516d23) [PhysX] Initialized MultithreadedTaskDispatcher with 8 workers.
 -> (artifact id: '854166b4dc1bea7c6242d430d9bfca2d') in 0.018434 seconds
Number of updated asset objects reloaded before import = 0
Number of asset objects unloaded after import = 3
========================================================================
Received Import Request.
  Time since last request: 0.000025 seconds.
  path: Assets/Palette/scenery_0.asset
  artifactKey: Guid(3e26d4b017e55b3429beecd5d27091b1) Importer(2089858483,0ecaa5967403d082aa24f35e1b516d23)
Start importing Assets/Palette/scenery_0.asset using Guid(3e26d4b017e55b3429beecd5d27091b1) Importer(2089858483,0ecaa5967403d082aa24f35e1b516d23) [PhysX] Initialized MultithreadedTaskDispatcher with 8 workers.
 -> (artifact id: 'b574b035cc0d02938b82c56535074832') in 0.016745 seconds
Number of updated asset objects reloaded before import = 0
Number of asset objects unloaded after import = 3
========================================================================
Received Import Request.
  Time since last request: 0.000025 seconds.
  path: Assets/Palette/scenery_16.asset
  artifactKey: Guid(42de30ce4dd89604c8b6a8881672dc38) Importer(2089858483,0ecaa5967403d082aa24f35e1b516d23)
Start importing Assets/Palette/scenery_16.asset using Guid(42de30ce4dd89604c8b6a8881672dc38) Importer(2089858483,0ecaa5967403d082aa24f35e1b516d23) [PhysX] Initialized MultithreadedTaskDispatcher with 8 workers.
 -> (artifact id: '27557f9ae5764ccee915ab2b5ade9ca2') in 0.021778 seconds
Number of updated asset objects reloaded before import = 0
Number of asset objects unloaded after import = 3
========================================================================
Received Import Request.
  Time since last request: 0.000029 seconds.
  path: Assets/Palette/scenery_28.asset
  artifactKey: Guid(ca52d64d79e5de74f98c82bce3706711) Importer(2089858483,0ecaa5967403d082aa24f35e1b516d23)
Start importing Assets/Palette/scenery_28.asset using Guid(ca52d64d79e5de74f98c82bce3706711) Importer(2089858483,0ecaa5967403d082aa24f35e1b516d23) [PhysX] Initialized MultithreadedTaskDispatcher with 8 workers.
 -> (artifact id: 'afffd4b9fd6d22c36b5cb3b35fc9d8c5') in 0.018865 seconds
Number of updated asset objects reloaded before import = 0
Number of asset objects unloaded after import = 3
========================================================================
Received Import Request.
  Time since last request: 0.000034 seconds.
  path: Assets/Palette/scenery_89.asset
  artifactKey: Guid(cb34403f36c082b43bcd4ce6c3f79d32) Importer(2089858483,0ecaa5967403d082aa24f35e1b516d23)
Start importing Assets/Palette/scenery_89.asset using Guid(cb34403f36c082b43bcd4ce6c3f79d32) Importer(2089858483,0ecaa5967403d082aa24f35e1b516d23) [PhysX] Initialized MultithreadedTaskDispatcher with 8 workers.
 -> (artifact id: 'bdc5e12339ad3f88b19d48a7416225b5') in 0.017946 seconds
Number of updated asset objects reloaded before import = 0
Number of asset objects unloaded after import = 3
========================================================================
Received Import Request.
  Time since last request: 0.000042 seconds.
  path: Assets/Palette/scenery_174.asset
  artifactKey: Guid(b98fcb5973cc2464289c7c1c99aaab38) Importer(2089858483,0ecaa5967403d082aa24f35e1b516d23)
Start importing Assets/Palette/scenery_174.asset using Guid(b98fcb5973cc2464289c7c1c99aaab38) Importer(2089858483,0ecaa5967403d082aa24f35e1b516d23) [PhysX] Initialized MultithreadedTaskDispatcher with 8 workers.
 -> (artifact id: '36f45690cf1e1f2d1baa13dbb6febe43') in 0.016901 seconds
Number of updated asset objects reloaded before import = 0
Number of asset objects unloaded after import = 3
========================================================================
Received Import Request.
  Time since last request: 0.000023 seconds.
  path: Assets/Palette/grass_64.asset
  artifactKey: Guid(19244449fa18ac24d8e1073d0a27ec52) Importer(2089858483,0ecaa5967403d082aa24f35e1b516d23)
Start importing Assets/Palette/grass_64.asset using Guid(19244449fa18ac24d8e1073d0a27ec52) Importer(2089858483,0ecaa5967403d082aa24f35e1b516d23) [PhysX] Initialized MultithreadedTaskDispatcher with 8 workers.
 -> (artifact id: 'e52806c4f71f13c5303f81f2fa20f0f0') in 0.017520 seconds
Number of updated asset objects reloaded before import = 0
Number of asset objects unloaded after import = 3
========================================================================
Received Import Request.
  Time since last request: 0.000025 seconds.
  path: Assets/Palette/scenery_40.asset
  artifactKey: Guid(024376d3a6851e04b999c13e5f9940f6) Importer(2089858483,0ecaa5967403d082aa24f35e1b516d23)
Start importing Assets/Palette/scenery_40.asset using Guid(024376d3a6851e04b999c13e5f9940f6) Importer(2089858483,0ecaa5967403d082aa24f35e1b516d23) [PhysX] Initialized MultithreadedTaskDispatcher with 8 workers.
 -> (artifact id: 'f2cec86871719d57ff9968917a1924fb') in 0.020256 seconds
Number of updated asset objects reloaded before import = 0
Number of asset objects unloaded after import = 3
========================================================================
Received Import Request.
  Time since last request: 0.000046 seconds.
  path: Assets/Palette/rock_88.asset
  artifactKey: Guid(1eb70527200c0cb4283fed41675772af) Importer(2089858483,0ecaa5967403d082aa24f35e1b516d23)
Start importing Assets/Palette/rock_88.asset using Guid(1eb70527200c0cb4283fed41675772af) Importer(2089858483,0ecaa5967403d082aa24f35e1b516d23) [PhysX] Initialized MultithreadedTaskDispatcher with 8 workers.
 -> (artifact id: '790770ca57c37f9891d3f4c7efee2320') in 0.016880 seconds
Number of updated asset objects reloaded before import = 0
Number of asset objects unloaded after import = 3
========================================================================
Received Import Request.
  Time since last request: 0.000037 seconds.
  path: Assets/Palette/cliffside_6.asset
  artifactKey: Guid(870abd3878092c14b85ce2841f8a4685) Importer(2089858483,0ecaa5967403d082aa24f35e1b516d23)
Start importing Assets/Palette/cliffside_6.asset using Guid(870abd3878092c14b85ce2841f8a4685) Importer(2089858483,0ecaa5967403d082aa24f35e1b516d23) [PhysX] Initialized MultithreadedTaskDispatcher with 8 workers.
 -> (artifact id: '7106c33e166ee7853a68e533c82e3725') in 0.018630 seconds
Number of updated asset objects reloaded before import = 0
Number of asset objects unloaded after import = 3
========================================================================
Received Import Request.
  Time since last request: 0.000025 seconds.
  path: Assets/Palette/cliffsideAlt_20.asset
  artifactKey: Guid(76f62486142c8b64ba0fe11927f5281b) Importer(2089858483,0ecaa5967403d082aa24f35e1b516d23)
Start importing Assets/Palette/cliffsideAlt_20.asset using Guid(76f62486142c8b64ba0fe11927f5281b) Importer(2089858483,0ecaa5967403d082aa24f35e1b516d23) [PhysX] Initialized MultithreadedTaskDispatcher with 8 workers.
 -> (artifact id: '54239aa7d0a6bd5e44bb19263eca099e') in 0.020234 seconds
Number of updated asset objects reloaded before import = 0
Number of asset objects unloaded after import = 3
========================================================================
Received Import Request.
  Time since last request: 0.000041 seconds.
  path: Assets/Palette/cliffsideAlt_68.asset
  artifactKey: Guid(3ef8efe734ca04d4bb756eeb7cfe6f05) Importer(2089858483,0ecaa5967403d082aa24f35e1b516d23)
Start importing Assets/Palette/cliffsideAlt_68.asset using Guid(3ef8efe734ca04d4bb756eeb7cfe6f05) Importer(2089858483,0ecaa5967403d082aa24f35e1b516d23) [PhysX] Initialized MultithreadedTaskDispatcher with 8 workers.
 -> (artifact id: 'dd7ee630b9362470dc7b36d4c2393b10') in 0.026273 seconds
Number of updated asset objects reloaded before import = 0
Number of asset objects unloaded after import = 3
========================================================================
Received Import Request.
  Time since last request: 0.000027 seconds.
  path: Assets/Palette/CaveTileset_34.asset
  artifactKey: Guid(bfa60986391b3ca4badea3a79aa5d421) Importer(2089858483,0ecaa5967403d082aa24f35e1b516d23)
Start importing Assets/Palette/CaveTileset_34.asset using Guid(bfa60986391b3ca4badea3a79aa5d421) Importer(2089858483,0ecaa5967403d082aa24f35e1b516d23) [PhysX] Initialized MultithreadedTaskDispatcher with 8 workers.
 -> (artifact id: '747111aa80d9435823148f5a14a5483e') in 0.021426 seconds
Number of updated asset objects reloaded before import = 0
Number of asset objects unloaded after import = 3
========================================================================
Received Import Request.
  Time since last request: 0.000035 seconds.
  path: Assets/Palette/CaveTileset_49.asset
  artifactKey: Guid(b933a7216fa4dd0479f8f8e02b9a9898) Importer(2089858483,0ecaa5967403d082aa24f35e1b516d23)
Start importing Assets/Palette/CaveTileset_49.asset using Guid(b933a7216fa4dd0479f8f8e02b9a9898) Importer(2089858483,0ecaa5967403d082aa24f35e1b516d23) [PhysX] Initialized MultithreadedTaskDispatcher with 8 workers.
 -> (artifact id: '4c506241ee7e85edee44dc41800b3813') in 0.018234 seconds
Number of updated asset objects reloaded before import = 0
Number of asset objects unloaded after import = 3
========================================================================
Received Import Request.
  Time since last request: 0.000032 seconds.
  path: Assets/Palette/cliffsideAlt_18.asset
  artifactKey: Guid(35c7c7ea015f2344aa01ebccb2bcf75c) Importer(2089858483,0ecaa5967403d082aa24f35e1b516d23)
Start importing Assets/Palette/cliffsideAlt_18.asset using Guid(35c7c7ea015f2344aa01ebccb2bcf75c) Importer(2089858483,0ecaa5967403d082aa24f35e1b516d23) [PhysX] Initialized MultithreadedTaskDispatcher with 8 workers.
 -> (artifact id: '01a3a0b7fe98cf39800e106d19d13d88') in 0.021615 seconds
Number of updated asset objects reloaded before import = 0
Number of asset objects unloaded after import = 3
========================================================================
Received Import Request.
  Time since last request: 0.000036 seconds.
  path: Assets/Palette/grass tileset_68.asset
  artifactKey: Guid(80f2460f384026c48bb006c66db0ace7) Importer(2089858483,0ecaa5967403d082aa24f35e1b516d23)
Start importing Assets/Palette/grass tileset_68.asset using Guid(80f2460f384026c48bb006c66db0ace7) Importer(2089858483,0ecaa5967403d082aa24f35e1b516d23) [PhysX] Initialized MultithreadedTaskDispatcher with 8 workers.
 -> (artifact id: 'c3ea86595f0b0e1cf1517ec9d7b01c65') in 0.017613 seconds
Number of updated asset objects reloaded before import = 0
Number of asset objects unloaded after import = 3
========================================================================
Received Import Request.
  Time since last request: 0.000026 seconds.
  path: Assets/Palette/grass tileset_78.asset
  artifactKey: Guid(59af9ed9aeb1b0647af86fd69f07d431) Importer(2089858483,0ecaa5967403d082aa24f35e1b516d23)
Start importing Assets/Palette/grass tileset_78.asset using Guid(59af9ed9aeb1b0647af86fd69f07d431) Importer(2089858483,0ecaa5967403d082aa24f35e1b516d23) [PhysX] Initialized MultithreadedTaskDispatcher with 8 workers.
 -> (artifact id: 'bc35a4117efa37496a9cc26ea0ab11a9') in 0.016572 seconds
Number of updated asset objects reloaded before import = 0
Number of asset objects unloaded after import = 3
========================================================================
Received Import Request.
  Time since last request: 0.000033 seconds.
  path: Assets/Palette/scenery_166.asset
  artifactKey: Guid(41a0dd3cd2ca2464489677b19de1e7ef) Importer(2089858483,0ecaa5967403d082aa24f35e1b516d23)
Start importing Assets/Palette/scenery_166.asset using Guid(41a0dd3cd2ca2464489677b19de1e7ef) Importer(2089858483,0ecaa5967403d082aa24f35e1b516d23) [PhysX] Initialized MultithreadedTaskDispatcher with 8 workers.
 -> (artifact id: '9b6349678efd81c30168cf00a9730848') in 0.019074 seconds
Number of updated asset objects reloaded before import = 0
Number of asset objects unloaded after import = 3
========================================================================
Received Import Request.
  Time since last request: 0.000172 seconds.
  path: Assets/Palette/grass tileset_8.asset
  artifactKey: Guid(fe08b9bc42f9b77469c22d8bff77f9f9) Importer(2089858483,0ecaa5967403d082aa24f35e1b516d23)
Start importing Assets/Palette/grass tileset_8.asset using Guid(fe08b9bc42f9b77469c22d8bff77f9f9) Importer(2089858483,0ecaa5967403d082aa24f35e1b516d23) [PhysX] Initialized MultithreadedTaskDispatcher with 8 workers.
 -> (artifact id: 'c9fd2995774bbacd3c85a574d2e7a53f') in 0.017649 seconds
Number of updated asset objects reloaded before import = 0
Number of asset objects unloaded after import = 3
========================================================================
Received Import Request.
  Time since last request: 0.000026 seconds.
  path: Assets/Palette/grass tileset_151.asset
  artifactKey: Guid(223f95aab69fe0549810628eeac62603) Importer(2089858483,0ecaa5967403d082aa24f35e1b516d23)
Start importing Assets/Palette/grass tileset_151.asset using Guid(223f95aab69fe0549810628eeac62603) Importer(2089858483,0ecaa5967403d082aa24f35e1b516d23) [PhysX] Initialized MultithreadedTaskDispatcher with 8 workers.
 -> (artifact id: 'ce774fda4396a1bcb492904807dbbebe') in 0.017483 seconds
Number of updated asset objects reloaded before import = 0
Number of asset objects unloaded after import = 3
========================================================================
Received Import Request.
  Time since last request: 0.000031 seconds.
  path: Assets/Palette/grass tileset_124.asset
  artifactKey: Guid(e38587453610cc24eb72e9da06afee29) Importer(2089858483,0ecaa5967403d082aa24f35e1b516d23)
Start importing Assets/Palette/grass tileset_124.asset using Guid(e38587453610cc24eb72e9da06afee29) Importer(2089858483,0ecaa5967403d082aa24f35e1b516d23) [PhysX] Initialized MultithreadedTaskDispatcher with 8 workers.
 -> (artifact id: '6709b8101279ef2c12bd05e26818cbc4') in 0.022301 seconds
Number of updated asset objects reloaded before import = 0
Number of asset objects unloaded after import = 3
========================================================================
Received Import Request.
  Time since last request: 0.000027 seconds.
  path: Assets/Palette/cliffside_49.asset
  artifactKey: Guid(9b751e56643478847a58e360e94f051a) Importer(2089858483,0ecaa5967403d082aa24f35e1b516d23)
Start importing Assets/Palette/cliffside_49.asset using Guid(9b751e56643478847a58e360e94f051a) Importer(2089858483,0ecaa5967403d082aa24f35e1b516d23) [PhysX] Initialized MultithreadedTaskDispatcher with 8 workers.
 -> (artifact id: '8157d8fcaf903c5d3bf9fd986e3d76b2') in 0.017967 seconds
Number of updated asset objects reloaded before import = 0
Number of asset objects unloaded after import = 3
========================================================================
Received Import Request.
  Time since last request: 0.000034 seconds.
  path: Assets/Palette/cliffsideAlt_62.asset
  artifactKey: Guid(acc878dcfc1216f4c9f109233b55bf70) Importer(2089858483,0ecaa5967403d082aa24f35e1b516d23)
Start importing Assets/Palette/cliffsideAlt_62.asset using Guid(acc878dcfc1216f4c9f109233b55bf70) Importer(2089858483,0ecaa5967403d082aa24f35e1b516d23) [PhysX] Initialized MultithreadedTaskDispatcher with 8 workers.
 -> (artifact id: 'e8475b476aaf8e7abd505c93aa0b6083') in 0.018710 seconds
Number of updated asset objects reloaded before import = 0
Number of asset objects unloaded after import = 3
========================================================================
Received Import Request.
  Time since last request: 0.000023 seconds.
  path: Assets/Palette/grass tileset_39.asset
  artifactKey: Guid(18b05741cd436314e85f0abf23442e49) Importer(2089858483,0ecaa5967403d082aa24f35e1b516d23)
Start importing Assets/Palette/grass tileset_39.asset using Guid(18b05741cd436314e85f0abf23442e49) Importer(2089858483,0ecaa5967403d082aa24f35e1b516d23) [PhysX] Initialized MultithreadedTaskDispatcher with 8 workers.
 -> (artifact id: '8dbf509f0a608e0790fcb449714338f4') in 0.017053 seconds
Number of updated asset objects reloaded before import = 0
Number of asset objects unloaded after import = 3
========================================================================
Received Import Request.
  Time since last request: 0.000034 seconds.
  path: Assets/Palette/cliffside_43.asset
  artifactKey: Guid(081bdfd4911b7cb4dacaa4cac1e06c1f) Importer(2089858483,0ecaa5967403d082aa24f35e1b516d23)
Start importing Assets/Palette/cliffside_43.asset using Guid(081bdfd4911b7cb4dacaa4cac1e06c1f) Importer(2089858483,0ecaa5967403d082aa24f35e1b516d23) [PhysX] Initialized MultithreadedTaskDispatcher with 8 workers.
 -> (artifact id: '5db263f951d2a777889666168ca1a1e3') in 0.018100 seconds
Number of updated asset objects reloaded before import = 0
Number of asset objects unloaded after import = 3
========================================================================
Received Import Request.
  Time since last request: 0.000030 seconds.
  path: Assets/Palette/scenery_141.asset
  artifactKey: Guid(c1e9d281a048fa74b8be3df649870607) Importer(2089858483,0ecaa5967403d082aa24f35e1b516d23)
Start importing Assets/Palette/scenery_141.asset using Guid(c1e9d281a048fa74b8be3df649870607) Importer(2089858483,0ecaa5967403d082aa24f35e1b516d23) [PhysX] Initialized MultithreadedTaskDispatcher with 8 workers.
 -> (artifact id: '08143792c3359e811a430498b876df7a') in 0.017042 seconds
Number of updated asset objects reloaded before import = 0
Number of asset objects unloaded after import = 3
========================================================================
Received Import Request.
  Time since last request: 0.000045 seconds.
  path: Assets/Palette/cliffsideAlt_50.asset
  artifactKey: Guid(f55f3861f6ce5d44d9380817eddc4cb0) Importer(2089858483,0ecaa5967403d082aa24f35e1b516d23)
Start importing Assets/Palette/cliffsideAlt_50.asset using Guid(f55f3861f6ce5d44d9380817eddc4cb0) Importer(2089858483,0ecaa5967403d082aa24f35e1b516d23) [PhysX] Initialized MultithreadedTaskDispatcher with 8 workers.
 -> (artifact id: 'f175c6e021d596567ba13e8a9d97d344') in 0.018908 seconds
Number of updated asset objects reloaded before import = 0
Number of asset objects unloaded after import = 3
========================================================================
Received Import Request.
  Time since last request: 0.000027 seconds.
  path: Assets/Palette/cliffsideAlt_17.asset
  artifactKey: Guid(6c03496ccd598274ba1a2e35e942002a) Importer(2089858483,0ecaa5967403d082aa24f35e1b516d23)
Start importing Assets/Palette/cliffsideAlt_17.asset using Guid(6c03496ccd598274ba1a2e35e942002a) Importer(2089858483,0ecaa5967403d082aa24f35e1b516d23) [PhysX] Initialized MultithreadedTaskDispatcher with 8 workers.
 -> (artifact id: '4a014dfe6355100fb47d7ab4e9c95656') in 0.018157 seconds
Number of updated asset objects reloaded before import = 0
Number of asset objects unloaded after import = 3
========================================================================
Received Import Request.
  Time since last request: 0.000027 seconds.
  path: Assets/Palette/grass tileset_169.asset
  artifactKey: Guid(e527d4f843f5a1b4c853a1028992b1b9) Importer(2089858483,0ecaa5967403d082aa24f35e1b516d23)
Start importing Assets/Palette/grass tileset_169.asset using Guid(e527d4f843f5a1b4c853a1028992b1b9) Importer(2089858483,0ecaa5967403d082aa24f35e1b516d23) [PhysX] Initialized MultithreadedTaskDispatcher with 8 workers.
 -> (artifact id: 'cff28a812a74acecdf3c37a55e39ba0e') in 0.021152 seconds
Number of updated asset objects reloaded before import = 0
Number of asset objects unloaded after import = 3
========================================================================
Received Import Request.
  Time since last request: 0.000025 seconds.
  path: Assets/Palette/grass_18.asset
  artifactKey: Guid(5a3ad08813036de4e9b57baaf53f31f5) Importer(2089858483,0ecaa5967403d082aa24f35e1b516d23)
Start importing Assets/Palette/grass_18.asset using Guid(5a3ad08813036de4e9b57baaf53f31f5) Importer(2089858483,0ecaa5967403d082aa24f35e1b516d23) [PhysX] Initialized MultithreadedTaskDispatcher with 8 workers.
 -> (artifact id: '4d8bd73604bebc53328fec9b0871046d') in 0.018264 seconds
Number of updated asset objects reloaded before import = 0
Number of asset objects unloaded after import = 3
========================================================================
Received Import Request.
  Time since last request: 0.000029 seconds.
  path: Assets/Palette/cliffsideAlt_67.asset
  artifactKey: Guid(281b0f8501f2f3f4ebdc2d70d40389f6) Importer(2089858483,0ecaa5967403d082aa24f35e1b516d23)
Start importing Assets/Palette/cliffsideAlt_67.asset using Guid(281b0f8501f2f3f4ebdc2d70d40389f6) Importer(2089858483,0ecaa5967403d082aa24f35e1b516d23) [PhysX] Initialized MultithreadedTaskDispatcher with 8 workers.
 -> (artifact id: '2f0148cf63a9c51f024c0cc82ec5697f') in 0.018865 seconds
Number of updated asset objects reloaded before import = 0
Number of asset objects unloaded after import = 3
========================================================================
Received Import Request.
  Time since last request: 0.000037 seconds.
  path: Assets/Palette/grass_41.asset
  artifactKey: Guid(694dd58fcb02fd148a827bed3a6f8f6c) Importer(2089858483,0ecaa5967403d082aa24f35e1b516d23)
Start importing Assets/Palette/grass_41.asset using Guid(694dd58fcb02fd148a827bed3a6f8f6c) Importer(2089858483,0ecaa5967403d082aa24f35e1b516d23) [PhysX] Initialized MultithreadedTaskDispatcher with 8 workers.
 -> (artifact id: '1de82eecb2d957df63ad78f5c4e7ae30') in 0.017624 seconds
Number of updated asset objects reloaded before import = 0
Number of asset objects unloaded after import = 3
========================================================================
Received Import Request.
  Time since last request: 0.000026 seconds.
  path: Assets/Palette/grass tileset_48.asset
  artifactKey: Guid(8004b81d22635be4ea006770947ef8f6) Importer(2089858483,0ecaa5967403d082aa24f35e1b516d23)
Start importing Assets/Palette/grass tileset_48.asset using Guid(8004b81d22635be4ea006770947ef8f6) Importer(2089858483,0ecaa5967403d082aa24f35e1b516d23) [PhysX] Initialized MultithreadedTaskDispatcher with 8 workers.
 -> (artifact id: 'f5d5e8cbbb6d9d05363f13392dd7b54e') in 0.016924 seconds
Number of updated asset objects reloaded before import = 0
Number of asset objects unloaded after import = 3
========================================================================
Received Import Request.
  Time since last request: 3.564512 seconds.
  path: Assets/Palette/stone_42.asset
  artifactKey: Guid(41378d5c04efdf44fa7d0dd99ea58287) Importer(2089858483,0ecaa5967403d082aa24f35e1b516d23)
Start importing Assets/Palette/stone_42.asset using Guid(41378d5c04efdf44fa7d0dd99ea58287) Importer(2089858483,0ecaa5967403d082aa24f35e1b516d23) [PhysX] Initialized MultithreadedTaskDispatcher with 8 workers.
 -> (artifact id: 'eea11912f68f5ea844c109da581a3367') in 0.027239 seconds
Number of updated asset objects reloaded before import = 0
Number of asset objects unloaded after import = 3
========================================================================
Received Import Request.
  Time since last request: 0.000038 seconds.
  path: Assets/Palette/stone_80 1.asset
  artifactKey: Guid(a5624d6ad769e494182185a08aa90dd5) Importer(2089858483,0ecaa5967403d082aa24f35e1b516d23)
Start importing Assets/Palette/stone_80 1.asset using Guid(a5624d6ad769e494182185a08aa90dd5) Importer(2089858483,0ecaa5967403d082aa24f35e1b516d23) [PhysX] Initialized MultithreadedTaskDispatcher with 8 workers.
 -> (artifact id: '7fedc293c3e6722582bc6518ecfb938e') in 0.021204 seconds
Number of updated asset objects reloaded before import = 0
Number of asset objects unloaded after import = 3
========================================================================
Received Import Request.
  Time since last request: 0.000027 seconds.
  path: Assets/Palette/stone_80.asset
  artifactKey: Guid(081e9203692346e49a89ed1a831dc0b9) Importer(2089858483,0ecaa5967403d082aa24f35e1b516d23)
Start importing Assets/Palette/stone_80.asset using Guid(081e9203692346e49a89ed1a831dc0b9) Importer(2089858483,0ecaa5967403d082aa24f35e1b516d23) [PhysX] Initialized MultithreadedTaskDispatcher with 8 workers.
 -> (artifact id: '72c4c25cfabb5075b897009e798bca9b') in 0.019766 seconds
Number of updated asset objects reloaded before import = 0
Number of asset objects unloaded after import = 3
========================================================================
Received Import Request.
  Time since last request: 0.000036 seconds.
  path: Assets/Palette/stone_70 1.asset
  artifactKey: Guid(eebbc333a10eab147be49323704cb0f9) Importer(2089858483,0ecaa5967403d082aa24f35e1b516d23)
Start importing Assets/Palette/stone_70 1.asset using Guid(eebbc333a10eab147be49323704cb0f9) Importer(2089858483,0ecaa5967403d082aa24f35e1b516d23) [PhysX] Initialized MultithreadedTaskDispatcher with 8 workers.
 -> (artifact id: 'c47fbe3668d405e1f385d21a99b6ba0f') in 0.021382 seconds
Number of updated asset objects reloaded before import = 0
Number of asset objects unloaded after import = 3
========================================================================
Received Import Request.
  Time since last request: 0.000046 seconds.
  path: Assets/Palette/stone_66 1.asset
  artifactKey: Guid(d0a9f038185a38341983315a0afd849a) Importer(2089858483,0ecaa5967403d082aa24f35e1b516d23)
Start importing Assets/Palette/stone_66 1.asset using Guid(d0a9f038185a38341983315a0afd849a) Importer(2089858483,0ecaa5967403d082aa24f35e1b516d23) [PhysX] Initialized MultithreadedTaskDispatcher with 8 workers.
 -> (artifact id: '6281d9a0f2360b08102697adabf261c1') in 0.021655 seconds
Number of updated asset objects reloaded before import = 0
Number of asset objects unloaded after import = 3
========================================================================
Received Import Request.
  Time since last request: 0.000069 seconds.
  path: Assets/Palette/stone_65.asset
  artifactKey: Guid(bbc1b178130424d41a5d6d4903ba7461) Importer(2089858483,0ecaa5967403d082aa24f35e1b516d23)
Start importing Assets/Palette/stone_65.asset using Guid(bbc1b178130424d41a5d6d4903ba7461) Importer(2089858483,0ecaa5967403d082aa24f35e1b516d23) [PhysX] Initialized MultithreadedTaskDispatcher with 8 workers.
 -> (artifact id: '6ac01d8c7ba008ddf85ec7c811da157a') in 0.027911 seconds
Number of updated asset objects reloaded before import = 0
Number of asset objects unloaded after import = 3
========================================================================
Received Import Request.
  Time since last request: 0.000047 seconds.
  path: Assets/Palette/stone_51 1.asset
  artifactKey: Guid(a19314c73bd3d3b4f91127118ed7d79c) Importer(2089858483,0ecaa5967403d082aa24f35e1b516d23)
Start importing Assets/Palette/stone_51 1.asset using Guid(a19314c73bd3d3b4f91127118ed7d79c) Importer(2089858483,0ecaa5967403d082aa24f35e1b516d23) [PhysX] Initialized MultithreadedTaskDispatcher with 8 workers.
 -> (artifact id: '6d6e4b129f5d56b108b84be1753646fd') in 0.023667 seconds
Number of updated asset objects reloaded before import = 0
Number of asset objects unloaded after import = 3
========================================================================
Received Import Request.
  Time since last request: 0.000033 seconds.
  path: Assets/Palette/stone_76 1.asset
  artifactKey: Guid(11956526c2401424f8e57a796006302e) Importer(2089858483,0ecaa5967403d082aa24f35e1b516d23)
Start importing Assets/Palette/stone_76 1.asset using Guid(11956526c2401424f8e57a796006302e) Importer(2089858483,0ecaa5967403d082aa24f35e1b516d23) [PhysX] Initialized MultithreadedTaskDispatcher with 8 workers.
 -> (artifact id: 'd65fb5f0bc4c4c239b33fa1116341cd7') in 0.023009 seconds
Number of updated asset objects reloaded before import = 0
Number of asset objects unloaded after import = 3
========================================================================
Received Import Request.
  Time since last request: 0.000035 seconds.
  path: Assets/Palette/stone_53 1.asset
  artifactKey: Guid(e3ea1d3f6d6359444809677dd77183bd) Importer(2089858483,0ecaa5967403d082aa24f35e1b516d23)
Start importing Assets/Palette/stone_53 1.asset using Guid(e3ea1d3f6d6359444809677dd77183bd) Importer(2089858483,0ecaa5967403d082aa24f35e1b516d23) [PhysX] Initialized MultithreadedTaskDispatcher with 8 workers.
 -> (artifact id: 'e7a013e837b3b2113f466074415c3767') in 0.021435 seconds
Number of updated asset objects reloaded before import = 0
Number of asset objects unloaded after import = 3
========================================================================
Received Import Request.
  Time since last request: 0.000027 seconds.
  path: Assets/Palette/stone_59.asset
  artifactKey: Guid(170125a6daffb204584f6bd53fa765d8) Importer(2089858483,0ecaa5967403d082aa24f35e1b516d23)
Start importing Assets/Palette/stone_59.asset using Guid(170125a6daffb204584f6bd53fa765d8) Importer(2089858483,0ecaa5967403d082aa24f35e1b516d23) [PhysX] Initialized MultithreadedTaskDispatcher with 8 workers.
 -> (artifact id: '2581be1a109193d31264bd2234f0985f') in 0.020013 seconds
Number of updated asset objects reloaded before import = 0
Number of asset objects unloaded after import = 3
========================================================================
Received Import Request.
  Time since last request: 0.000038 seconds.
  path: Assets/Palette/stone_70.asset
  artifactKey: Guid(296c9e749b660eb449771666c4cfda47) Importer(2089858483,0ecaa5967403d082aa24f35e1b516d23)
Start importing Assets/Palette/stone_70.asset using Guid(296c9e749b660eb449771666c4cfda47) Importer(2089858483,0ecaa5967403d082aa24f35e1b516d23) [PhysX] Initialized MultithreadedTaskDispatcher with 8 workers.
 -> (artifact id: 'c5b3aae6e7b638bcd825b73a8b16ee4f') in 0.021969 seconds
Number of updated asset objects reloaded before import = 0
Number of asset objects unloaded after import = 3
========================================================================
Received Import Request.
  Time since last request: 0.000032 seconds.
  path: Assets/Palette/stone_66.asset
  artifactKey: Guid(3126a338e1adfc44c8027ed321d86a07) Importer(2089858483,0ecaa5967403d082aa24f35e1b516d23)
Start importing Assets/Palette/stone_66.asset using Guid(3126a338e1adfc44c8027ed321d86a07) Importer(2089858483,0ecaa5967403d082aa24f35e1b516d23) [PhysX] Initialized MultithreadedTaskDispatcher with 8 workers.
 -> (artifact id: 'f3ed1f4e4b585388c0774c89434a6bcb') in 0.023071 seconds
Number of updated asset objects reloaded before import = 0
Number of asset objects unloaded after import = 3
========================================================================
Received Import Request.
  Time since last request: 0.000041 seconds.
  path: Assets/Palette/stone_61 1.asset
  artifactKey: Guid(0e21642572fd64c4193e853cc8eadc75) Importer(2089858483,0ecaa5967403d082aa24f35e1b516d23)
Start importing Assets/Palette/stone_61 1.asset using Guid(0e21642572fd64c4193e853cc8eadc75) Importer(2089858483,0ecaa5967403d082aa24f35e1b516d23) [PhysX] Initialized MultithreadedTaskDispatcher with 8 workers.
 -> (artifact id: '5ede576c4bee365da32f3a655bf3192c') in 0.022582 seconds
Number of updated asset objects reloaded before import = 0
Number of asset objects unloaded after import = 3
========================================================================
Received Import Request.
  Time since last request: 0.000041 seconds.
  path: Assets/Palette/stone_53.asset
  artifactKey: Guid(80662bb4d26dbb14c94d40a68a4427ec) Importer(2089858483,0ecaa5967403d082aa24f35e1b516d23)
Start importing Assets/Palette/stone_53.asset using Guid(80662bb4d26dbb14c94d40a68a4427ec) Importer(2089858483,0ecaa5967403d082aa24f35e1b516d23) [PhysX] Initialized MultithreadedTaskDispatcher with 8 workers.
 -> (artifact id: 'af86eb9dfd443bb9b92f966438e1b848') in 0.019003 seconds
Number of updated asset objects reloaded before import = 0
Number of asset objects unloaded after import = 3
========================================================================
Received Import Request.
  Time since last request: 0.000029 seconds.
  path: Assets/Palette/stone_86 1.asset
  artifactKey: Guid(502d269f78077da4ab4f1f1e944d1cb3) Importer(2089858483,0ecaa5967403d082aa24f35e1b516d23)
Start importing Assets/Palette/stone_86 1.asset using Guid(502d269f78077da4ab4f1f1e944d1cb3) Importer(2089858483,0ecaa5967403d082aa24f35e1b516d23) [PhysX] Initialized MultithreadedTaskDispatcher with 8 workers.
 -> (artifact id: '23fcbf366b237b137f64ad835b1b6427') in 0.021991 seconds
Number of updated asset objects reloaded before import = 0
Number of asset objects unloaded after import = 3
========================================================================
Received Import Request.
  Time since last request: 0.000040 seconds.
  path: Assets/Palette/stone_7 1.asset
  artifactKey: Guid(4d6d0fa8b87671049bc3abd228a99df8) Importer(2089858483,0ecaa5967403d082aa24f35e1b516d23)
Start importing Assets/Palette/stone_7 1.asset using Guid(4d6d0fa8b87671049bc3abd228a99df8) Importer(2089858483,0ecaa5967403d082aa24f35e1b516d23) [PhysX] Initialized MultithreadedTaskDispatcher with 8 workers.
 -> (artifact id: '778da96f36e5584a9b2da983a607b751') in 0.024133 seconds
Number of updated asset objects reloaded before import = 0
Number of asset objects unloaded after import = 3
========================================================================
Received Import Request.
  Time since last request: 0.000027 seconds.
  path: Assets/Palette/stone_5.asset
  artifactKey: Guid(4a5412217ef02c34a9b1d7e1a5fe7c40) Importer(2089858483,0ecaa5967403d082aa24f35e1b516d23)
Start importing Assets/Palette/stone_5.asset using Guid(4a5412217ef02c34a9b1d7e1a5fe7c40) Importer(2089858483,0ecaa5967403d082aa24f35e1b516d23) [PhysX] Initialized MultithreadedTaskDispatcher with 8 workers.
 -> (artifact id: '1e27a9be857a2ef3e8a338493b653917') in 0.024070 seconds
Number of updated asset objects reloaded before import = 0
Number of asset objects unloaded after import = 3
========================================================================
Received Import Request.
  Time since last request: 0.000045 seconds.
  path: Assets/Scripts/MenuController.cs
  artifactKey: Guid(8a25b7f156d42044db9fb2548e54f0e2) Importer(2089858483,0ecaa5967403d082aa24f35e1b516d23)
Start importing Assets/Scripts/MenuController.cs using Guid(8a25b7f156d42044db9fb2548e54f0e2) Importer(2089858483,0ecaa5967403d082aa24f35e1b516d23) [PhysX] Initialized MultithreadedTaskDispatcher with 8 workers.
 -> (artifact id: '1fcd0ef807bef9f52327c95cca0e38fb') in 0.021249 seconds
Number of updated asset objects reloaded before import = 0
Number of asset objects unloaded after import = 1
========================================================================
Received Import Request.
  Time since last request: 0.000038 seconds.
  path: Assets/Animazioni/Corre/Corre.anim
  artifactKey: Guid(c49664a65c28e4849bbd4f86859dde83) Importer(2089858483,0ecaa5967403d082aa24f35e1b516d23)
Start importing Assets/Animazioni/Corre/Corre.anim using Guid(c49664a65c28e4849bbd4f86859dde83) Importer(2089858483,0ecaa5967403d082aa24f35e1b516d23) [PhysX] Initialized MultithreadedTaskDispatcher with 8 workers.
 -> (artifact id: '459d638a4560e86f6de2ecd3b805ff0f') in 0.036289 seconds
Number of updated asset objects reloaded before import = 0
Number of asset objects unloaded after import = 1
========================================================================
Received Import Request.
  Time since last request: 0.000032 seconds.
  path: Assets/Animazioni/Corre/f11.png
  artifactKey: Guid(855425cace8bba74ca6d3efb9adabe68) Importer(2089858483,0ecaa5967403d082aa24f35e1b516d23)
Start importing Assets/Animazioni/Corre/f11.png using Guid(855425cace8bba74ca6d3efb9adabe68) Importer(2089858483,0ecaa5967403d082aa24f35e1b516d23) [PhysX] Initialized MultithreadedTaskDispatcher with 8 workers.
 -> (artifact id: '126a131afad1d67a14d0a2544cf21cdd') in 0.161205 seconds
Number of updated asset objects reloaded before import = 0
Number of asset objects unloaded after import = 3
========================================================================
Received Import Request.
  Time since last request: 0.000056 seconds.
  path: Assets/Palette/terrenoVetta.prefab
  artifactKey: Guid(cad0f8335b7a97d49b2535edd4ead197) Importer(2089858483,0ecaa5967403d082aa24f35e1b516d23)
Start importing Assets/Palette/terrenoVetta.prefab using Guid(cad0f8335b7a97d49b2535edd4ead197) Importer(2089858483,0ecaa5967403d082aa24f35e1b516d23) [PhysX] Initialized MultithreadedTaskDispatcher with 8 workers.
 -> (artifact id: '043f4d71a51b8aa3d515208fe5642d3c') in 0.020787 seconds
Number of updated asset objects reloaded before import = 0
Number of asset objects unloaded after import = 10
========================================================================
Received Import Request.
  Time since last request: 0.000031 seconds.
  path: Assets/Animazioni/fermo/f9.png
  artifactKey: Guid(e35b46cb714eb294ba353dbe1c695116) Importer(2089858483,0ecaa5967403d082aa24f35e1b516d23)
Start importing Assets/Animazioni/fermo/f9.png using Guid(e35b46cb714eb294ba353dbe1c695116) Importer(2089858483,0ecaa5967403d082aa24f35e1b516d23) [PhysX] Initialized MultithreadedTaskDispatcher with 8 workers.
 -> (artifact id: '641a5c8142be867a5faf933712e98165') in 0.049579 seconds
Number of updated asset objects reloaded before import = 0
Number of asset objects unloaded after import = 3
========================================================================
Received Import Request.
  Time since last request: 0.000037 seconds.
  path: Assets/Animazioni/Muore/f10.png
  artifactKey: Guid(1ec067d7fe923af45a0b348585a4a7b3) Importer(2089858483,0ecaa5967403d082aa24f35e1b516d23)
Start importing Assets/Animazioni/Muore/f10.png using Guid(1ec067d7fe923af45a0b348585a4a7b3) Importer(2089858483,0ecaa5967403d082aa24f35e1b516d23) [PhysX] Initialized MultithreadedTaskDispatcher with 8 workers.
 -> (artifact id: '0ec607243c9c7aadc23acf07ccb2ad89') in 0.045911 seconds
Number of updated asset objects reloaded before import = 0
Number of asset objects unloaded after import = 3
========================================================================
Received Import Request.
  Time since last request: 0.000067 seconds.
  path: Assets/Palette/stone_89.asset
  artifactKey: Guid(383c43b51beaf654cbc47f0ca6dec354) Importer(2089858483,0ecaa5967403d082aa24f35e1b516d23)
Start importing Assets/Palette/stone_89.asset using Guid(383c43b51beaf654cbc47f0ca6dec354) Importer(2089858483,0ecaa5967403d082aa24f35e1b516d23) [PhysX] Initialized MultithreadedTaskDispatcher with 8 workers.
 -> (artifact id: '83ef70eba4f7b642dc58e73ff07418ee') in 0.020111 seconds
Number of updated asset objects reloaded before import = 0
Number of asset objects unloaded after import = 3
========================================================================
Received Import Request.
  Time since last request: 0.000029 seconds.
  path: Assets/Animazioni/fermo/f12.png
  artifactKey: Guid(88a1a58ceab06b94ab7e297099a2b976) Importer(2089858483,0ecaa5967403d082aa24f35e1b516d23)
Start importing Assets/Animazioni/fermo/f12.png using Guid(88a1a58ceab06b94ab7e297099a2b976) Importer(2089858483,0ecaa5967403d082aa24f35e1b516d23) [PhysX] Initialized MultithreadedTaskDispatcher with 8 workers.
 -> (artifact id: 'f8dc8f6fe82d8296993a48af03bb58ac') in 0.041174 seconds
Number of updated asset objects reloaded before import = 0
Number of asset objects unloaded after import = 3
========================================================================
Received Import Request.
  Time since last request: 0.000044 seconds.
  path: Assets/Animazioni/Muore/f0.png
  artifactKey: Guid(6b5cc16863ba62341a6426de49e9228e) Importer(2089858483,0ecaa5967403d082aa24f35e1b516d23)
Start importing Assets/Animazioni/Muore/f0.png using Guid(6b5cc16863ba62341a6426de49e9228e) Importer(2089858483,0ecaa5967403d082aa24f35e1b516d23) [PhysX] Initialized MultithreadedTaskDispatcher with 8 workers.
 -> (artifact id: '53c8a6a7c0483857937589f0e745b2ac') in 0.061128 seconds
Number of updated asset objects reloaded before import = 0
Number of asset objects unloaded after import = 3
========================================================================
Received Import Request.
  Time since last request: 0.000050 seconds.
  path: Assets/TextMesh Pro/Resources/LineBreaking Leading Characters.txt
  artifactKey: Guid(d82c1b31c7e74239bff1220585707d2b) Importer(2089858483,0ecaa5967403d082aa24f35e1b516d23)
Start importing Assets/TextMesh Pro/Resources/LineBreaking Leading Characters.txt using Guid(d82c1b31c7e74239bff1220585707d2b) Importer(2089858483,0ecaa5967403d082aa24f35e1b516d23) [PhysX] Initialized MultithreadedTaskDispatcher with 8 workers.
 -> (artifact id: '1fe666e8edaea92ea6d7fc2511f2ab84') in 0.021905 seconds
Number of updated asset objects reloaded before import = 0
Number of asset objects unloaded after import = 1
========================================================================
Received Import Request.
  Time since last request: 0.000031 seconds.
  path: Assets/TextMesh Pro/Shaders/TMP_Bitmap-Custom-Atlas.shader
  artifactKey: Guid(48bb5f55d8670e349b6e614913f9d910) Importer(2089858483,0ecaa5967403d082aa24f35e1b516d23)
Start importing Assets/TextMesh Pro/Shaders/TMP_Bitmap-Custom-Atlas.shader using Guid(48bb5f55d8670e349b6e614913f9d910) Importer(2089858483,0ecaa5967403d082aa24f35e1b516d23) [PhysX] Initialized MultithreadedTaskDispatcher with 8 workers.
 -> (artifact id: '1580216d9700689eb8800fd7d2e2f262') in 0.036653 seconds
Number of updated asset objects reloaded before import = 0
Number of asset objects unloaded after import = 1
========================================================================
Received Import Request.
  Time since last request: 0.000036 seconds.
  path: Assets/Scripts/Spine.cs
  artifactKey: Guid(f87f68afeacfb3d43a96857536af5afd) Importer(2089858483,0ecaa5967403d082aa24f35e1b516d23)
Start importing Assets/Scripts/Spine.cs using Guid(f87f68afeacfb3d43a96857536af5afd) Importer(2089858483,0ecaa5967403d082aa24f35e1b516d23) [PhysX] Initialized MultithreadedTaskDispatcher with 8 workers.
 -> (artifact id: 'ab0a1621bf16e5218be15cce624cd21d') in 0.015342 seconds
Number of updated asset objects reloaded before import = 0
Number of asset objects unloaded after import = 1
========================================================================
Received Import Request.
  Time since last request: 0.000029 seconds.
  path: Assets/Animazioni/Muore/f9.png
  artifactKey: Guid(fedfa32cbd93001458ab8afd3f592b9b) Importer(2089858483,0ecaa5967403d082aa24f35e1b516d23)
Start importing Assets/Animazioni/Muore/f9.png using Guid(fedfa32cbd93001458ab8afd3f592b9b) Importer(2089858483,0ecaa5967403d082aa24f35e1b516d23) [PhysX] Initialized MultithreadedTaskDispatcher with 8 workers.
 -> (artifact id: 'fce631f0370b5227d60443b4bee9a13d') in 0.050658 seconds
Number of updated asset objects reloaded before import = 0
Number of asset objects unloaded after import = 3
========================================================================
Received Import Request.
  Time since last request: 0.000047 seconds.
  path: Assets/Palette/stone_9 1.asset
  artifactKey: Guid(bc79ac49d2295974681d51f051859d03) Importer(2089858483,0ecaa5967403d082aa24f35e1b516d23)
Start importing Assets/Palette/stone_9 1.asset using Guid(bc79ac49d2295974681d51f051859d03) Importer(2089858483,0ecaa5967403d082aa24f35e1b516d23) [PhysX] Initialized MultithreadedTaskDispatcher with 8 workers.
 -> (artifact id: 'bcf201d178040b8fb45f2dd980a7bf78') in 0.023059 seconds
Number of updated asset objects reloaded before import = 0
Number of asset objects unloaded after import = 3
========================================================================
Received Import Request.
  Time since last request: 0.000035 seconds.
  path: Assets/Animazioni/fermo/Fermo.anim
  artifactKey: Guid(6e8ea41e355bb5749ba1d6185d6f7fec) Importer(2089858483,0ecaa5967403d082aa24f35e1b516d23)
Start importing Assets/Animazioni/fermo/Fermo.anim using Guid(6e8ea41e355bb5749ba1d6185d6f7fec) Importer(2089858483,0ecaa5967403d082aa24f35e1b516d23) [PhysX] Initialized MultithreadedTaskDispatcher with 8 workers.
 -> (artifact id: '0bb5b856103b6868738187974051bbd7') in 0.023822 seconds
Number of updated asset objects reloaded before import = 0
Number of asset objects unloaded after import = 1
========================================================================
Received Import Request.
  Time since last request: 0.000030 seconds.
  path: Assets/TextMesh Pro/Fonts/pixelated-loveNew.ttf
  artifactKey: Guid(f9f4e62c9822c9948b6c6c5d1146c1c6) Importer(2089858483,0ecaa5967403d082aa24f35e1b516d23)
Start importing Assets/TextMesh Pro/Fonts/pixelated-loveNew.ttf using Guid(f9f4e62c9822c9948b6c6c5d1146c1c6) Importer(2089858483,0ecaa5967403d082aa24f35e1b516d23) [PhysX] Initialized MultithreadedTaskDispatcher with 8 workers.
 -> (artifact id: '7f4d2000e27bd79031e466f3985ee3c9') in 0.059350 seconds
Number of updated asset objects reloaded before import = 0
Number of asset objects unloaded after import = 3
========================================================================
Received Import Request.
  Time since last request: 0.000051 seconds.
  path: Assets/Immagini/background/background_glacial_mountains.png
  artifactKey: Guid(3a2279b97832f1640bce8c283cb309a5) Importer(2089858483,0ecaa5967403d082aa24f35e1b516d23)
Start importing Assets/Immagini/background/background_glacial_mountains.png using Guid(3a2279b97832f1640bce8c283cb309a5) Importer(2089858483,0ecaa5967403d082aa24f35e1b516d23) [PhysX] Initialized MultithreadedTaskDispatcher with 8 workers.
 -> (artifact id: '46299c078f1be2df26ec5523843dbbd5') in 0.056999 seconds
Number of updated asset objects reloaded before import = 0
Number of asset objects unloaded after import = 3
========================================================================
Received Import Request.
  Time since last request: 0.000044 seconds.
  path: Assets/Animazioni/torcia/torch02.png
  artifactKey: Guid(ca6d0bc4d4dd92742b70b3f047b0a610) Importer(2089858483,0ecaa5967403d082aa24f35e1b516d23)
Start importing Assets/Animazioni/torcia/torch02.png using Guid(ca6d0bc4d4dd92742b70b3f047b0a610) Importer(2089858483,0ecaa5967403d082aa24f35e1b516d23) [PhysX] Initialized MultithreadedTaskDispatcher with 8 workers.
 -> (artifact id: '00f473f2fda6aaa989e500d8d05e8c35') in 0.041730 seconds
Number of updated asset objects reloaded before import = 0
Number of asset objects unloaded after import = 3
========================================================================
Received Import Request.
  Time since last request: 0.000039 seconds.
  path: Assets/TextMesh Pro/Fonts/LiberationSans.ttf
  artifactKey: Guid(e3265ab4bf004d28a9537516768c1c75) Importer(2089858483,0ecaa5967403d082aa24f35e1b516d23)
Start importing Assets/TextMesh Pro/Fonts/LiberationSans.ttf using Guid(e3265ab4bf004d28a9537516768c1c75) Importer(2089858483,0ecaa5967403d082aa24f35e1b516d23) [PhysX] Initialized MultithreadedTaskDispatcher with 8 workers.
 -> (artifact id: 'f70081b55e714f1a61a81e9cb2c5c7c9') in 0.034112 seconds
Number of updated asset objects reloaded before import = 0
Number of asset objects unloaded after import = 3
========================================================================
Received Import Request.
  Time since last request: 0.000044 seconds.
  path: Assets/Palette/Terreno.prefab
  artifactKey: Guid(0b1ce0cf15ae6c748b4b5caaaf1ddc05) Importer(2089858483,0ecaa5967403d082aa24f35e1b516d23)
Start importing Assets/Palette/Terreno.prefab using Guid(0b1ce0cf15ae6c748b4b5caaaf1ddc05) Importer(2089858483,0ecaa5967403d082aa24f35e1b516d23) [PhysX] Initialized MultithreadedTaskDispatcher with 8 workers.
 -> (artifact id: 'db03a4cf03e0a40f28f93d98331d97bf') in 0.022313 seconds
Number of updated asset objects reloaded before import = 0
Number of asset objects unloaded after import = 10
========================================================================
Received Import Request.
  Time since last request: 0.000032 seconds.
  path: Assets/TextMesh Pro/Shaders/TMP_SDF-Mobile Overlay.shader
  artifactKey: Guid(a02a7d8c237544f1962732b55a9aebf1) Importer(2089858483,0ecaa5967403d082aa24f35e1b516d23)
Start importing Assets/TextMesh Pro/Shaders/TMP_SDF-Mobile Overlay.shader using Guid(a02a7d8c237544f1962732b55a9aebf1) Importer(2089858483,0ecaa5967403d082aa24f35e1b516d23) [PhysX] Initialized MultithreadedTaskDispatcher with 8 workers.
 -> (artifact id: 'fe0d5ff71118c548c4ddb0556a4ae130') in 0.020719 seconds
Number of updated asset objects reloaded before import = 0
Number of asset objects unloaded after import = 1
========================================================================
Received Import Request.
  Time since last request: 0.000061 seconds.
  path: Assets/Animazioni/campfire/acceso/fire01.png
  artifactKey: Guid(f83c304d55591474bbe224d7c58c29af) Importer(2089858483,0ecaa5967403d082aa24f35e1b516d23)
Start importing Assets/Animazioni/campfire/acceso/fire01.png using Guid(f83c304d55591474bbe224d7c58c29af) Importer(2089858483,0ecaa5967403d082aa24f35e1b516d23) [PhysX] Initialized MultithreadedTaskDispatcher with 8 workers.
 -> (artifact id: '8a9cef845cffc12520273e44ec48e520') in 0.044897 seconds
Number of updated asset objects reloaded before import = 0
Number of asset objects unloaded after import = 3
========================================================================
Received Import Request.
  Time since last request: 0.000041 seconds.
  path: Assets/TextMesh Pro/Sprites/EmojiOne Attribution.txt
  artifactKey: Guid(381dcb09d5029d14897e55f98031fca5) Importer(2089858483,0ecaa5967403d082aa24f35e1b516d23)
Start importing Assets/TextMesh Pro/Sprites/EmojiOne Attribution.txt using Guid(381dcb09d5029d14897e55f98031fca5) Importer(2089858483,0ecaa5967403d082aa24f35e1b516d23) [PhysX] Initialized MultithreadedTaskDispatcher with 8 workers.
 -> (artifact id: '44d65918081d654edbcf62350948157a') in 0.019322 seconds
Number of updated asset objects reloaded before import = 0
Number of asset objects unloaded after import = 1
========================================================================
Received Import Request.
  Time since last request: 0.000036 seconds.
  path: Assets/TextMesh Pro/Shaders/TMP_SDF-Mobile Masking.shader
  artifactKey: Guid(bc1ede39bf3643ee8e493720e4259791) Importer(2089858483,0ecaa5967403d082aa24f35e1b516d23)
Start importing Assets/TextMesh Pro/Shaders/TMP_SDF-Mobile Masking.shader using Guid(bc1ede39bf3643ee8e493720e4259791) Importer(2089858483,0ecaa5967403d082aa24f35e1b516d23) [PhysX] Initialized MultithreadedTaskDispatcher with 8 workers.
 -> (artifact id: 'fddf57648a7f353feb36bdbe832f54dd') in 0.020166 seconds
Number of updated asset objects reloaded before import = 0
Number of asset objects unloaded after import = 1
========================================================================
Received Import Request.
  Time since last request: 0.000028 seconds.
  path: Assets/TextMesh Pro/Shaders/TMP_SDF Overlay.shader
  artifactKey: Guid(dd89cf5b9246416f84610a006f916af7) Importer(2089858483,0ecaa5967403d082aa24f35e1b516d23)
Start importing Assets/TextMesh Pro/Shaders/TMP_SDF Overlay.shader using Guid(dd89cf5b9246416f84610a006f916af7) Importer(2089858483,0ecaa5967403d082aa24f35e1b516d23) [PhysX] Initialized MultithreadedTaskDispatcher with 8 workers.
 -> (artifact id: '9901fb08c473cf8019c97b94297600e7') in 0.024173 seconds
Number of updated asset objects reloaded before import = 0
Number of asset objects unloaded after import = 1
========================================================================
Received Import Request.
  Time since last request: 0.000050 seconds.
  path: Assets/Animazioni/Muore/f2.png
  artifactKey: Guid(dfeb86d4db1abbf4d894a5f2cfddc69b) Importer(2089858483,0ecaa5967403d082aa24f35e1b516d23)
Start importing Assets/Animazioni/Muore/f2.png using Guid(dfeb86d4db1abbf4d894a5f2cfddc69b) Importer(2089858483,0ecaa5967403d082aa24f35e1b516d23) [PhysX] Initialized MultithreadedTaskDispatcher with 8 workers.
 -> (artifact id: '2fb89010418214e9cfc65fe115b51261') in 0.047666 seconds
Number of updated asset objects reloaded before import = 0
Number of asset objects unloaded after import = 3
========================================================================
Received Import Request.
  Time since last request: 0.000035 seconds.
  path: Assets/Animazioni/Corre/f1.png
  artifactKey: Guid(900a6fd07e058d54bb1817b757acf385) Importer(2089858483,0ecaa5967403d082aa24f35e1b516d23)
Start importing Assets/Animazioni/Corre/f1.png using Guid(900a6fd07e058d54bb1817b757acf385) Importer(2089858483,0ecaa5967403d082aa24f35e1b516d23) [PhysX] Initialized MultithreadedTaskDispatcher with 8 workers.
 -> (artifact id: '0b09061407a531dd46c1b616f94fd89f') in 0.055093 seconds
Number of updated asset objects reloaded before import = 0
Number of asset objects unloaded after import = 3
========================================================================
Received Import Request.
  Time since last request: 0.000041 seconds.
  path: Assets/Palette/stone_9.asset
  artifactKey: Guid(4ee887f80b0b64741a77248f6ad25873) Importer(2089858483,0ecaa5967403d082aa24f35e1b516d23)
Start importing Assets/Palette/stone_9.asset using Guid(4ee887f80b0b64741a77248f6ad25873) Importer(2089858483,0ecaa5967403d082aa24f35e1b516d23) [PhysX] Initialized MultithreadedTaskDispatcher with 8 workers.
 -> (artifact id: 'ba88cf484c87384fa801ab3ba09b5a34') in 0.027178 seconds
Number of updated asset objects reloaded before import = 0
Number of asset objects unloaded after import = 3
========================================================================
Received Import Request.
  Time since last request: 0.000066 seconds.
  path: Assets/Scenes/Impostazioni.unity
  artifactKey: Guid(6ac4954380b4c65408170fa41cc7e61a) Importer(2089858483,0ecaa5967403d082aa24f35e1b516d23)
Start importing Assets/Scenes/Impostazioni.unity using Guid(6ac4954380b4c65408170fa41cc7e61a) Importer(2089858483,0ecaa5967403d082aa24f35e1b516d23) [PhysX] Initialized MultithreadedTaskDispatcher with 8 workers.
 -> (artifact id: 'e6c65f834e0b3239f255a3c7dd4afc7a') in 0.014505 seconds
Number of updated asset objects reloaded before import = 0
Number of asset objects unloaded after import = 1
========================================================================
Received Import Request.
  Time since last request: 0.000041 seconds.
  path: Assets/Animazioni/torcia/torch01.png
  artifactKey: Guid(34d233d4e1aa2b846b4e58d6015573be) Importer(2089858483,0ecaa5967403d082aa24f35e1b516d23)
Start importing Assets/Animazioni/torcia/torch01.png using Guid(34d233d4e1aa2b846b4e58d6015573be) Importer(2089858483,0ecaa5967403d082aa24f35e1b516d23) [PhysX] Initialized MultithreadedTaskDispatcher with 8 workers.
 -> (artifact id: 'da24bd30e1eecb6e59fc8de1d05ba7ad') in 0.044959 seconds
Number of updated asset objects reloaded before import = 0
Number of asset objects unloaded after import = 3
========================================================================
Received Import Request.
  Time since last request: 0.000047 seconds.
  path: Assets/Palette/stone_59 1.asset
  artifactKey: Guid(43384b8c48825294ebccd94349c8f7c5) Importer(2089858483,0ecaa5967403d082aa24f35e1b516d23)
Start importing Assets/Palette/stone_59 1.asset using Guid(43384b8c48825294ebccd94349c8f7c5) Importer(2089858483,0ecaa5967403d082aa24f35e1b516d23) [PhysX] Initialized MultithreadedTaskDispatcher with 8 workers.
 -> (artifact id: 'f7fc7fc9ff8ab152aba6cecd534d680a') in 0.022212 seconds
Number of updated asset objects reloaded before import = 0
Number of asset objects unloaded after import = 3
========================================================================
Received Import Request.
  Time since last request: 0.000035 seconds.
  path: Assets/Palette/stone_43.asset
  artifactKey: Guid(3f9c4e00e538f524fabd2212e77c80dd) Importer(2089858483,0ecaa5967403d082aa24f35e1b516d23)
Start importing Assets/Palette/stone_43.asset using Guid(3f9c4e00e538f524fabd2212e77c80dd) Importer(2089858483,0ecaa5967403d082aa24f35e1b516d23) [PhysX] Initialized MultithreadedTaskDispatcher with 8 workers.
 -> (artifact id: '024e3154475ca938e7c3c958fbb40034') in 0.025254 seconds
Number of updated asset objects reloaded before import = 0
Number of asset objects unloaded after import = 3
========================================================================
Received Import Request.
  Time since last request: 0.000039 seconds.
  path: Assets/Palette/stone_6.asset
  artifactKey: Guid(e63918123d032ed40ba34fe34363035a) Importer(2089858483,0ecaa5967403d082aa24f35e1b516d23)
Start importing Assets/Palette/stone_6.asset using Guid(e63918123d032ed40ba34fe34363035a) Importer(2089858483,0ecaa5967403d082aa24f35e1b516d23) [PhysX] Initialized MultithreadedTaskDispatcher with 8 workers.
 -> (artifact id: 'f2d49569dca3b1afe47c0d6808dc69bb') in 0.024014 seconds
Number of updated asset objects reloaded before import = 0
Number of asset objects unloaded after import = 3
========================================================================
Received Import Request.
  Time since last request: 0.000041 seconds.
  path: Assets/Animazioni/fill/attivato/attivato.anim
  artifactKey: Guid(c7f5bbd89800e45439eb788f29ee11fd) Importer(2089858483,0ecaa5967403d082aa24f35e1b516d23)
Start importing Assets/Animazioni/fill/attivato/attivato.anim using Guid(c7f5bbd89800e45439eb788f29ee11fd) Importer(2089858483,0ecaa5967403d082aa24f35e1b516d23) [PhysX] Initialized MultithreadedTaskDispatcher with 8 workers.
 -> (artifact id: '455c78d28af39ed2d851a42d44f1eff0') in 0.024859 seconds
Number of updated asset objects reloaded before import = 0
Number of asset objects unloaded after import = 1
========================================================================
Received Import Request.
  Time since last request: 0.000036 seconds.
  path: Assets/Animazioni/campfire/fumante/smoking00.png
  artifactKey: Guid(4a1e55abaa5b4eb4299576a58a5dadd2) Importer(2089858483,0ecaa5967403d082aa24f35e1b516d23)
Start importing Assets/Animazioni/campfire/fumante/smoking00.png using Guid(4a1e55abaa5b4eb4299576a58a5dadd2) Importer(2089858483,0ecaa5967403d082aa24f35e1b516d23) [PhysX] Initialized MultithreadedTaskDispatcher with 8 workers.
 -> (artifact id: 'ead7ef469362e18e5dd98a07a77b7151') in 0.047908 seconds
Number of updated asset objects reloaded before import = 0
Number of asset objects unloaded after import = 3
========================================================================
Received Import Request.
  Time since last request: 0.000053 seconds.
  path: Assets/Animazioni/campfire/acceso/fire05.png
  artifactKey: Guid(fce2491b24a1139408a5a951a2c87530) Importer(2089858483,0ecaa5967403d082aa24f35e1b516d23)
Start importing Assets/Animazioni/campfire/acceso/fire05.png using Guid(fce2491b24a1139408a5a951a2c87530) Importer(2089858483,0ecaa5967403d082aa24f35e1b516d23) [PhysX] Initialized MultithreadedTaskDispatcher with 8 workers.
 -> (artifact id: '53878df54384b9cabcaf9ccbc45a1c6b') in 0.046443 seconds
Number of updated asset objects reloaded before import = 0
Number of asset objects unloaded after import = 3
========================================================================
Received Import Request.
  Time since last request: 0.000040 seconds.
  path: Assets/Animazioni/campfire/acceso/fire15.png
  artifactKey: Guid(3d31a2e5fd894544c98fd4182333c653) Importer(2089858483,0ecaa5967403d082aa24f35e1b516d23)
Start importing Assets/Animazioni/campfire/acceso/fire15.png using Guid(3d31a2e5fd894544c98fd4182333c653) Importer(2089858483,0ecaa5967403d082aa24f35e1b516d23) [PhysX] Initialized MultithreadedTaskDispatcher with 8 workers.
 -> (artifact id: 'c5fb5f224737ac8f073b206c4db8653b') in 0.063249 seconds
Number of updated asset objects reloaded before import = 0
Number of asset objects unloaded after import = 3
========================================================================
Received Import Request.
  Time since last request: 0.000042 seconds.
  path: Assets/Animazioni/campfire/fumante/smoking06.png
  artifactKey: Guid(e081b555be1a2b0429dd9363f09f6d61) Importer(2089858483,0ecaa5967403d082aa24f35e1b516d23)
Start importing Assets/Animazioni/campfire/fumante/smoking06.png using Guid(e081b555be1a2b0429dd9363f09f6d61) Importer(2089858483,0ecaa5967403d082aa24f35e1b516d23) [PhysX] Initialized MultithreadedTaskDispatcher with 8 workers.
 -> (artifact id: '67c8539c835df0fbd72751de5ed8ed82') in 0.047819 seconds
Number of updated asset objects reloaded before import = 0
Number of asset objects unloaded after import = 3
========================================================================
Received Import Request.
  Time since last request: 0.000032 seconds.
  path: Assets/Scripts/stanzaVisuale.cs
  artifactKey: Guid(3d71bc5edaff06143af18b19835d9111) Importer(2089858483,0ecaa5967403d082aa24f35e1b516d23)
Start importing Assets/Scripts/stanzaVisuale.cs using Guid(3d71bc5edaff06143af18b19835d9111) Importer(2089858483,0ecaa5967403d082aa24f35e1b516d23) [PhysX] Initialized MultithreadedTaskDispatcher with 8 workers.
 -> (artifact id: '453ebde7ed246c9829d7b6de2522937f') in 0.014676 seconds
Number of updated asset objects reloaded before import = 0
Number of asset objects unloaded after import = 1
========================================================================
Received Import Request.
  Time since last request: 0.000034 seconds.
  path: Assets/Animazioni/fermo/f18.png
  artifactKey: Guid(0514e1a225cf967408a98563dff61ef0) Importer(2089858483,0ecaa5967403d082aa24f35e1b516d23)
Start importing Assets/Animazioni/fermo/f18.png using Guid(0514e1a225cf967408a98563dff61ef0) Importer(2089858483,0ecaa5967403d082aa24f35e1b516d23) [PhysX] Initialized MultithreadedTaskDispatcher with 8 workers.
 -> (artifact id: 'e02137b01f7d066731a6f7aa7f0d0b5d') in 0.043708 seconds
Number of updated asset objects reloaded before import = 0
Number of asset objects unloaded after import = 3
========================================================================
Received Import Request.
  Time since last request: 0.000046 seconds.
  path: Assets/Palette/stone_85 1.asset
  artifactKey: Guid(ca9e4a771c6084f438cc7e8b6100d509) Importer(2089858483,0ecaa5967403d082aa24f35e1b516d23)
Start importing Assets/Palette/stone_85 1.asset using Guid(ca9e4a771c6084f438cc7e8b6100d509) Importer(2089858483,0ecaa5967403d082aa24f35e1b516d23) [PhysX] Initialized MultithreadedTaskDispatcher with 8 workers.
 -> (artifact id: '0e0900e695865f1153dd864a8ec07a25') in 0.022090 seconds
Number of updated asset objects reloaded before import = 0
Number of asset objects unloaded after import = 3
========================================================================
Received Import Request.
  Time since last request: 0.000032 seconds.
  path: Assets/Palette/stone_72.asset
  artifactKey: Guid(3b91ded281bd45b4ebece2d7a0f88d0a) Importer(2089858483,0ecaa5967403d082aa24f35e1b516d23)
Start importing Assets/Palette/stone_72.asset using Guid(3b91ded281bd45b4ebece2d7a0f88d0a) Importer(2089858483,0ecaa5967403d082aa24f35e1b516d23) [PhysX] Initialized MultithreadedTaskDispatcher with 8 workers.
 -> (artifact id: '94c08b965864fa64e8936f362185e862') in 0.020143 seconds
Number of updated asset objects reloaded before import = 0
Number of asset objects unloaded after import = 3
========================================================================
Received Import Request.
  Time since last request: 0.000044 seconds.
  path: Assets/Animazioni/Corre/f7.png
  artifactKey: Guid(72061ecb681bf5f4aa65f4ddc86952f9) Importer(2089858483,0ecaa5967403d082aa24f35e1b516d23)
Start importing Assets/Animazioni/Corre/f7.png using Guid(72061ecb681bf5f4aa65f4ddc86952f9) Importer(2089858483,0ecaa5967403d082aa24f35e1b516d23) [PhysX] Initialized MultithreadedTaskDispatcher with 8 workers.
 -> (artifact id: '3b5097fb2635f3346d276ae4565c411a') in 0.042401 seconds
Number of updated asset objects reloaded before import = 0
Number of asset objects unloaded after import = 3
========================================================================
Received Import Request.
  Time since last request: 0.000032 seconds.
  path: Assets/Animazioni/Muore/f1.png
  artifactKey: Guid(236edb24c94f933429a33d25ee9d80dc) Importer(2089858483,0ecaa5967403d082aa24f35e1b516d23)
Start importing Assets/Animazioni/Muore/f1.png using Guid(236edb24c94f933429a33d25ee9d80dc) Importer(2089858483,0ecaa5967403d082aa24f35e1b516d23) [PhysX] Initialized MultithreadedTaskDispatcher with 8 workers.
 -> (artifact id: 'b2177ce3653ba72b08a3412a74eaf9a2') in 0.046420 seconds
Number of updated asset objects reloaded before import = 0
Number of asset objects unloaded after import = 3
========================================================================
Received Import Request.
  Time since last request: 0.000031 seconds.
  path: Assets/Animazioni/fill/fermo/idle01.png
  artifactKey: Guid(601a24fd975d62d4db4534aaf80c3a4a) Importer(2089858483,0ecaa5967403d082aa24f35e1b516d23)
Start importing Assets/Animazioni/fill/fermo/idle01.png using Guid(601a24fd975d62d4db4534aaf80c3a4a) Importer(2089858483,0ecaa5967403d082aa24f35e1b516d23) [PhysX] Initialized MultithreadedTaskDispatcher with 8 workers.
 -> (artifact id: 'a20d7785934f8f8ff8317f6d4bfac4d1') in 0.043400 seconds
Number of updated asset objects reloaded before import = 0
Number of asset objects unloaded after import = 3
========================================================================
Received Import Request.
  Time since last request: 0.000131 seconds.
  path: Assets/Animazioni/fill/rigenera/flash03.png
  artifactKey: Guid(31327e4291083204894926489c501e6b) Importer(2089858483,0ecaa5967403d082aa24f35e1b516d23)
Start importing Assets/Animazioni/fill/rigenera/flash03.png using Guid(31327e4291083204894926489c501e6b) Importer(2089858483,0ecaa5967403d082aa24f35e1b516d23) [PhysX] Initialized MultithreadedTaskDispatcher with 8 workers.
 -> (artifact id: '51e8cb57a6b454c0c7d4b1d05945cc87') in 0.038325 seconds
Number of updated asset objects reloaded before import = 0
Number of asset objects unloaded after import = 3
========================================================================
Received Import Request.
  Time since last request: 0.000036 seconds.
  path: Assets/Animazioni/fill/rigenera/flash05.png
  artifactKey: Guid(e4a3022610123314d97a7b3dff71689d) Importer(2089858483,0ecaa5967403d082aa24f35e1b516d23)
Start importing Assets/Animazioni/fill/rigenera/flash05.png using Guid(e4a3022610123314d97a7b3dff71689d) Importer(2089858483,0ecaa5967403d082aa24f35e1b516d23) [PhysX] Initialized MultithreadedTaskDispatcher with 8 workers.
 -> (artifact id: 'ab062a266d277791d2244d6f4fda5e53') in 0.048898 seconds
Number of updated asset objects reloaded before import = 0
Number of asset objects unloaded after import = 3
========================================================================
Received Import Request.
  Time since last request: 0.000037 seconds.
  path: Assets/Animazioni/fill/attivato/flash02.png
  artifactKey: Guid(0bc18dd4aeadfee41ad2536f49894a40) Importer(2089858483,0ecaa5967403d082aa24f35e1b516d23)
Start importing Assets/Animazioni/fill/attivato/flash02.png using Guid(0bc18dd4aeadfee41ad2536f49894a40) Importer(2089858483,0ecaa5967403d082aa24f35e1b516d23) [PhysX] Initialized MultithreadedTaskDispatcher with 8 workers.
 -> (artifact id: 'cd89f6dbd2b1fdedfa5b377c3224c2c9') in 0.054368 seconds
Number of updated asset objects reloaded before import = 0
Number of asset objects unloaded after import = 3
========================================================================
Received Import Request.
  Time since last request: 0.000040 seconds.
  path: Assets/Settings/Scenes/URP2DSceneTemplate.unity
  artifactKey: Guid(2cda990e2423bbf4892e6590ba056729) Importer(2089858483,0ecaa5967403d082aa24f35e1b516d23)
Start importing Assets/Settings/Scenes/URP2DSceneTemplate.unity using Guid(2cda990e2423bbf4892e6590ba056729) Importer(2089858483,0ecaa5967403d082aa24f35e1b516d23) [PhysX] Initialized MultithreadedTaskDispatcher with 8 workers.
 -> (artifact id: '1dcabbaad5c54083828c5453670d8cab') in 0.013704 seconds
Number of updated asset objects reloaded before import = 0
Number of asset objects unloaded after import = 1
========================================================================
Received Import Request.
  Time since last request: 0.000052 seconds.
  path: Assets/Animazioni/fermo/f16.png
  artifactKey: Guid(ca5b43fb249bb97479f9c5f16f872ead) Importer(2089858483,0ecaa5967403d082aa24f35e1b516d23)
Start importing Assets/Animazioni/fermo/f16.png using Guid(ca5b43fb249bb97479f9c5f16f872ead) Importer(2089858483,0ecaa5967403d082aa24f35e1b516d23) [PhysX] Initialized MultithreadedTaskDispatcher with 8 workers.
 -> (artifact id: '850a47e39ae43fb38fc0d25937adf902') in 0.039071 seconds
Number of updated asset objects reloaded before import = 0
Number of asset objects unloaded after import = 3
========================================================================
Received Import Request.
  Time since last request: 0.000042 seconds.
  path: Assets/Scripts/background.cs
  artifactKey: Guid(ee24a1dfd0132c64a877a3fe83fccb9f) Importer(2089858483,0ecaa5967403d082aa24f35e1b516d23)
Start importing Assets/Scripts/background.cs using Guid(ee24a1dfd0132c64a877a3fe83fccb9f) Importer(2089858483,0ecaa5967403d082aa24f35e1b516d23) [PhysX] Initialized MultithreadedTaskDispatcher with 8 workers.
 -> (artifact id: '4c42ce4336328894249c04a308bd26ac') in 0.016662 seconds
Number of updated asset objects reloaded before import = 0
Number of asset objects unloaded after import = 1
========================================================================
Received Import Request.
  Time since last request: 0.000044 seconds.
  path: Assets/TextMesh Pro/Shaders/TMP_SDF-Surface.shader
  artifactKey: Guid(f7ada0af4f174f0694ca6a487b8f543d) Importer(2089858483,0ecaa5967403d082aa24f35e1b516d23)
Start importing Assets/TextMesh Pro/Shaders/TMP_SDF-Surface.shader using Guid(f7ada0af4f174f0694ca6a487b8f543d) Importer(2089858483,0ecaa5967403d082aa24f35e1b516d23) [PhysX] Initialized MultithreadedTaskDispatcher with 8 workers.
 -> (artifact id: 'e92bb1f4889802ff1c52b562eb924fd0') in 0.021089 seconds
Number of updated asset objects reloaded before import = 0
Number of asset objects unloaded after import = 1
========================================================================
Received Import Request.
  Time since last request: 0.000033 seconds.
  path: Assets/Animazioni/fermo/f11.png
  artifactKey: Guid(c73af1096e3ed8d4d9d7ea96778cf4b4) Importer(2089858483,0ecaa5967403d082aa24f35e1b516d23)
Start importing Assets/Animazioni/fermo/f11.png using Guid(c73af1096e3ed8d4d9d7ea96778cf4b4) Importer(2089858483,0ecaa5967403d082aa24f35e1b516d23) [PhysX] Initialized MultithreadedTaskDispatcher with 8 workers.
 -> (artifact id: '181697f87d10845b61372011e4e35671') in 0.044762 seconds
Number of updated asset objects reloaded before import = 0
Number of asset objects unloaded after import = 3
========================================================================
Received Import Request.
  Time since last request: 0.000029 seconds.
  path: Assets/Immagini/Personaggio/f11.png
  artifactKey: Guid(46767fa91cdaac645a417f16e15fb6b1) Importer(2089858483,0ecaa5967403d082aa24f35e1b516d23)
Start importing Assets/Immagini/Personaggio/f11.png using Guid(46767fa91cdaac645a417f16e15fb6b1) Importer(2089858483,0ecaa5967403d082aa24f35e1b516d23) [PhysX] Initialized MultithreadedTaskDispatcher with 8 workers.
 -> (artifact id: '08ae52a4059ae78780c94334b5f5eb3d') in 0.044691 seconds
Number of updated asset objects reloaded before import = 0
Number of asset objects unloaded after import = 3
========================================================================
Received Import Request.
  Time since last request: 0.000043 seconds.
  path: Assets/Palette/stone_65 1.asset
  artifactKey: Guid(d84e108d8bf328e4ea5099e602151839) Importer(2089858483,0ecaa5967403d082aa24f35e1b516d23)
Start importing Assets/Palette/stone_65 1.asset using Guid(d84e108d8bf328e4ea5099e602151839) Importer(2089858483,0ecaa5967403d082aa24f35e1b516d23) [PhysX] Initialized MultithreadedTaskDispatcher with 8 workers.
 -> (artifact id: '88de0b4d336c4776dd1dbdef42a8cf4f') in 0.020482 seconds
Number of updated asset objects reloaded before import = 0
Number of asset objects unloaded after import = 3
========================================================================
Received Import Request.
  Time since last request: 0.000030 seconds.
  path: Assets/TextMesh Pro/Shaders/TMP_SDF.shader
  artifactKey: Guid(68e6db2ebdc24f95958faec2be5558d6) Importer(2089858483,0ecaa5967403d082aa24f35e1b516d23)
Start importing Assets/TextMesh Pro/Shaders/TMP_SDF.shader using Guid(68e6db2ebdc24f95958faec2be5558d6) Importer(2089858483,0ecaa5967403d082aa24f35e1b516d23) [PhysX] Initialized MultithreadedTaskDispatcher with 8 workers.
 -> (artifact id: 'ccc00e17608eed4dfc87fa0d93610a3f') in 0.021325 seconds
Number of updated asset objects reloaded before import = 0
Number of asset objects unloaded after import = 1
========================================================================
Received Import Request.
  Time since last request: 0.000029 seconds.
  path: Assets/Palette/stone_79 1.asset
  artifactKey: Guid(9b032abf22b16264592bdf4781ec6d2a) Importer(2089858483,0ecaa5967403d082aa24f35e1b516d23)
Start importing Assets/Palette/stone_79 1.asset using Guid(9b032abf22b16264592bdf4781ec6d2a) Importer(2089858483,0ecaa5967403d082aa24f35e1b516d23) [PhysX] Initialized MultithreadedTaskDispatcher with 8 workers.
 -> (artifact id: '84b658f89fa4bd0833058feb0b2976eb') in 0.023156 seconds
Number of updated asset objects reloaded before import = 0
Number of asset objects unloaded after import = 3
========================================================================
Received Import Request.
  Time since last request: 0.000037 seconds.
  path: Assets/Immagini/Oggetti/fill/outline.png
  artifactKey: Guid(1aafec5640a37b04daf2c03a2fc2a037) Importer(2089858483,0ecaa5967403d082aa24f35e1b516d23)
Start importing Assets/Immagini/Oggetti/fill/outline.png using Guid(1aafec5640a37b04daf2c03a2fc2a037) Importer(2089858483,0ecaa5967403d082aa24f35e1b516d23) [PhysX] Initialized MultithreadedTaskDispatcher with 8 workers.
 -> (artifact id: '745011ef46b338bdd473ad6e0319382f') in 0.052426 seconds
Number of updated asset objects reloaded before import = 0
Number of asset objects unloaded after import = 3
========================================================================
Received Import Request.
  Time since last request: 0.000053 seconds.
  path: Assets/Immagini/Oggetti/Pavimento/grass.png
  artifactKey: Guid(aa4251efeec0f5e43908827c7000c356) Importer(2089858483,0ecaa5967403d082aa24f35e1b516d23)
Start importing Assets/Immagini/Oggetti/Pavimento/grass.png using Guid(aa4251efeec0f5e43908827c7000c356) Importer(2089858483,0ecaa5967403d082aa24f35e1b516d23) [PhysX] Initialized MultithreadedTaskDispatcher with 8 workers.
 -> (artifact id: 'd33e60bb95ccb7167ae70fa38bc656fa') in 0.476141 seconds
Number of updated asset objects reloaded before import = 0
Number of asset objects unloaded after import = 92
========================================================================
Received Import Request.
  Time since last request: 0.000046 seconds.
  path: Assets/Immagini/Oggetti/torcia/torch00.png
  artifactKey: Guid(c66a2ea838138f0459ffe1193c8307b6) Importer(2089858483,0ecaa5967403d082aa24f35e1b516d23)
Start importing Assets/Immagini/Oggetti/torcia/torch00.png using Guid(c66a2ea838138f0459ffe1193c8307b6) Importer(2089858483,0ecaa5967403d082aa24f35e1b516d23) [PhysX] Initialized MultithreadedTaskDispatcher with 8 workers.
 -> (artifact id: '650a1b4acad8ad7a5f5822ea86a68a5d') in 0.049883 seconds
Number of updated asset objects reloaded before import = 0
Number of asset objects unloaded after import = 3
========================================================================
Received Import Request.
  Time since last request: 0.000041 seconds.
  path: Assets/TextMesh Pro/Resources/Fonts & Materials/LiberationSans SDF - Outline.mat
  artifactKey: Guid(79459efec17a4d00a321bdcc27bbc385) Importer(2089858483,0ecaa5967403d082aa24f35e1b516d23)
Start importing Assets/TextMesh Pro/Resources/Fonts & Materials/LiberationSans SDF - Outline.mat using Guid(79459efec17a4d00a321bdcc27bbc385) Importer(2089858483,0ecaa5967403d082aa24f35e1b516d23) [PhysX] Initialized MultithreadedTaskDispatcher with 8 workers.
 -> (artifact id: 'cd53d7671f0eec8e7bc3272d669a5ddf') in 0.055078 seconds
Number of updated asset objects reloaded before import = 0
Number of asset objects unloaded after import = 2
========================================================================
Received Import Request.
  Time since last request: 0.000037 seconds.
  path: Assets/Immagini/Oggetti/Pavimento/cliffside.png
  artifactKey: Guid(d7ceeb1709290604b80d27a37e400acc) Importer(2089858483,0ecaa5967403d082aa24f35e1b516d23)
Start importing Assets/Immagini/Oggetti/Pavimento/cliffside.png using Guid(d7ceeb1709290604b80d27a37e400acc) Importer(2089858483,0ecaa5967403d082aa24f35e1b516d23) [PhysX] Initialized MultithreadedTaskDispatcher with 8 workers.
 -> (artifact id: 'b7093c11073d1f75f41dfdc4e95b5d51') in 0.525645 seconds
Number of updated asset objects reloaded before import = 0
Number of asset objects unloaded after import = 92
========================================================================
Received Import Request.
  Time since last request: 0.000052 seconds.
  path: Assets/Palette/stone_68 1.asset
  artifactKey: Guid(cc77dfdd06496a14b899026fd980fb0e) Importer(2089858483,0ecaa5967403d082aa24f35e1b516d23)
Start importing Assets/Palette/stone_68 1.asset using Guid(cc77dfdd06496a14b899026fd980fb0e) Importer(2089858483,0ecaa5967403d082aa24f35e1b516d23) [PhysX] Initialized MultithreadedTaskDispatcher with 8 workers.
 -> (artifact id: '05db049c4e7813690c50bc5db6f42270') in 0.022394 seconds
Number of updated asset objects reloaded before import = 0
Number of asset objects unloaded after import = 3
========================================================================
Received Import Request.
  Time since last request: 0.000056 seconds.
  path: Assets/Animazioni/fill/rigenera/flash01.png
  artifactKey: Guid(e67247d7e2ddf4243b6a6c95ee58efb6) Importer(2089858483,0ecaa5967403d082aa24f35e1b516d23)
Start importing Assets/Animazioni/fill/rigenera/flash01.png using Guid(e67247d7e2ddf4243b6a6c95ee58efb6) Importer(2089858483,0ecaa5967403d082aa24f35e1b516d23) [PhysX] Initialized MultithreadedTaskDispatcher with 8 workers.
 -> (artifact id: 'f8f8810295cfe001f53d2f347b08a579') in 0.054445 seconds
Number of updated asset objects reloaded before import = 0
Number of asset objects unloaded after import = 3
========================================================================
Received Import Request.
  Time since last request: 0.000035 seconds.
  path: Assets/Palette/stone_77 1.asset
  artifactKey: Guid(fedf7d35cd0e20d41b9b4268497f9603) Importer(2089858483,0ecaa5967403d082aa24f35e1b516d23)
Start importing Assets/Palette/stone_77 1.asset using Guid(fedf7d35cd0e20d41b9b4268497f9603) Importer(2089858483,0ecaa5967403d082aa24f35e1b516d23) [PhysX] Initialized MultithreadedTaskDispatcher with 8 workers.
 -> (artifact id: '238598fce4811534c6d6c6bae72ff577') in 0.024576 seconds
Number of updated asset objects reloaded before import = 0
Number of asset objects unloaded after import = 3
========================================================================
Received Import Request.
  Time since last request: 0.000043 seconds.
  path: Assets/Animazioni/torcia/Torcia.anim
  artifactKey: Guid(aeb1e7b4eb2e8a14aad28534f04c0ff8) Importer(2089858483,0ecaa5967403d082aa24f35e1b516d23)
Start importing Assets/Animazioni/torcia/Torcia.anim using Guid(aeb1e7b4eb2e8a14aad28534f04c0ff8) Importer(2089858483,0ecaa5967403d082aa24f35e1b516d23) [PhysX] Initialized MultithreadedTaskDispatcher with 8 workers.
 -> (artifact id: 'f124c3533fb4ce2a8029c52f4a34b7a9') in 0.028059 seconds
Number of updated asset objects reloaded before import = 0
Number of asset objects unloaded after import = 1
========================================================================
Received Import Request.
  Time since last request: 0.000069 seconds.
  path: Assets/Animazioni/campfire/acceso/fire07.png
  artifactKey: Guid(86125b490d3828f4fab72460068926c8) Importer(2089858483,0ecaa5967403d082aa24f35e1b516d23)
Start importing Assets/Animazioni/campfire/acceso/fire07.png using Guid(86125b490d3828f4fab72460068926c8) Importer(2089858483,0ecaa5967403d082aa24f35e1b516d23) [PhysX] Initialized MultithreadedTaskDispatcher with 8 workers.
 -> (artifact id: '563af9e78ced5b9d2a0243137dad0433') in 0.055127 seconds
Number of updated asset objects reloaded before import = 0
Number of asset objects unloaded after import = 3
========================================================================
Received Import Request.
  Time since last request: 0.000047 seconds.
  path: Assets/Palette/stone_88 1.asset
  artifactKey: Guid(a66e18d779d3143478e5ab6078bf7716) Importer(2089858483,0ecaa5967403d082aa24f35e1b516d23)
Start importing Assets/Palette/stone_88 1.asset using Guid(a66e18d779d3143478e5ab6078bf7716) Importer(2089858483,0ecaa5967403d082aa24f35e1b516d23) [PhysX] Initialized MultithreadedTaskDispatcher with 8 workers.
 -> (artifact id: '2743cf4d09a94733a6d292cd016634b8') in 0.020918 seconds
Number of updated asset objects reloaded before import = 0
Number of asset objects unloaded after import = 3
========================================================================
Received Import Request.
  Time since last request: 0.000051 seconds.
  path: Assets/Palette/stone_55.asset
  artifactKey: Guid(b645d7e714a322948ae646fcf293e45e) Importer(2089858483,0ecaa5967403d082aa24f35e1b516d23)
Start importing Assets/Palette/stone_55.asset using Guid(b645d7e714a322948ae646fcf293e45e) Importer(2089858483,0ecaa5967403d082aa24f35e1b516d23) [PhysX] Initialized MultithreadedTaskDispatcher with 8 workers.
 -> (artifact id: 'a4e792ce366da5e4a02dcf48addd4e74') in 0.021707 seconds
Number of updated asset objects reloaded before import = 0
Number of asset objects unloaded after import = 3
========================================================================
Received Import Request.
  Time since last request: 0.000034 seconds.
  path: Assets/Palette/stone_56 1.asset
  artifactKey: Guid(9e7f81341751c114e97ce905586f8417) Importer(2089858483,0ecaa5967403d082aa24f35e1b516d23)
Start importing Assets/Palette/stone_56 1.asset using Guid(9e7f81341751c114e97ce905586f8417) Importer(2089858483,0ecaa5967403d082aa24f35e1b516d23) [PhysX] Initialized MultithreadedTaskDispatcher with 8 workers.
 -> (artifact id: 'c1baf8233147b176601fc725b14af69a') in 0.024525 seconds
Number of updated asset objects reloaded before import = 0
Number of asset objects unloaded after import = 3
========================================================================
Received Import Request.
  Time since last request: 0.000040 seconds.
  path: Assets/Animazioni/fermo/f15.png
  artifactKey: Guid(631672db3e6cb2d4aa9ccc2b212ee128) Importer(2089858483,0ecaa5967403d082aa24f35e1b516d23)
Start importing Assets/Animazioni/fermo/f15.png using Guid(631672db3e6cb2d4aa9ccc2b212ee128) Importer(2089858483,0ecaa5967403d082aa24f35e1b516d23) [PhysX] Initialized MultithreadedTaskDispatcher with 8 workers.
 -> (artifact id: 'e8628419dfadc8cb3e00896feb9ce578') in 0.050352 seconds
Number of updated asset objects reloaded before import = 0
Number of asset objects unloaded after import = 3
========================================================================
Received Import Request.
  Time since last request: 0.000031 seconds.
  path: Assets/Animazioni/Corre/f6.png
  artifactKey: Guid(89ce273603ee16f4898efba05403de45) Importer(2089858483,0ecaa5967403d082aa24f35e1b516d23)
Start importing Assets/Animazioni/Corre/f6.png using Guid(89ce273603ee16f4898efba05403de45) Importer(2089858483,0ecaa5967403d082aa24f35e1b516d23) [PhysX] Initialized MultithreadedTaskDispatcher with 8 workers.
 -> (artifact id: '6dc45292b3fe44cec4d300f41f0ee4d1') in 0.053281 seconds
Number of updated asset objects reloaded before import = 0
Number of asset objects unloaded after import = 3
========================================================================
Received Import Request.
  Time since last request: 0.000040 seconds.
  path: Assets/TextMesh Pro/Shaders/TMPro_Mobile.cginc
  artifactKey: Guid(c334973cef89a9840b0b0c507e0377ab) Importer(2089858483,0ecaa5967403d082aa24f35e1b516d23)
Start importing Assets/TextMesh Pro/Shaders/TMPro_Mobile.cginc using Guid(c334973cef89a9840b0b0c507e0377ab) Importer(2089858483,0ecaa5967403d082aa24f35e1b516d23) [PhysX] Initialized MultithreadedTaskDispatcher with 8 workers.
 -> (artifact id: 'e9ddd86b9ecf29bf5af68ccdf3e9bb72') in 0.018109 seconds
Number of updated asset objects reloaded before import = 0
Number of asset objects unloaded after import = 1
========================================================================
Received Import Request.
  Time since last request: 0.000043 seconds.
  path: Assets/Palette/stone_89 1.asset
  artifactKey: Guid(e7ac5aa314d18424087819c0632a2740) Importer(2089858483,0ecaa5967403d082aa24f35e1b516d23)
Start importing Assets/Palette/stone_89 1.asset using Guid(e7ac5aa314d18424087819c0632a2740) Importer(2089858483,0ecaa5967403d082aa24f35e1b516d23) [PhysX] Initialized MultithreadedTaskDispatcher with 8 workers.
 -> (artifact id: '37c48f5e6e0b14b35811cddf15d1d1a2') in 0.020553 seconds
Number of updated asset objects reloaded before import = 0
Number of asset objects unloaded after import = 3
========================================================================
Received Import Request.
  Time since last request: 0.000058 seconds.
  path: Assets/Immagini/Oggetti/Pavimento/rock.png
  artifactKey: Guid(19b361e971499da4f9e8c55ccb946c14) Importer(2089858483,0ecaa5967403d082aa24f35e1b516d23)
Start importing Assets/Immagini/Oggetti/Pavimento/rock.png using Guid(19b361e971499da4f9e8c55ccb946c14) Importer(2089858483,0ecaa5967403d082aa24f35e1b516d23) [PhysX] Initialized MultithreadedTaskDispatcher with 8 workers.
 -> (artifact id: '31738f19f5c029fc880543e8dd91b83b') in 0.454449 seconds
Number of updated asset objects reloaded before import = 0
Number of asset objects unloaded after import = 92
========================================================================
Received Import Request.
  Time since last request: 0.000044 seconds.
  path: Assets/TextMesh Pro/Sprites/EmojiOne.json
  artifactKey: Guid(8f05276190cf498a8153f6cbe761d4e6) Importer(2089858483,0ecaa5967403d082aa24f35e1b516d23)
Start importing Assets/TextMesh Pro/Sprites/EmojiOne.json using Guid(8f05276190cf498a8153f6cbe761d4e6) Importer(2089858483,0ecaa5967403d082aa24f35e1b516d23) [PhysX] Initialized MultithreadedTaskDispatcher with 8 workers.
 -> (artifact id: '8d88f24a7fae43152cbc70c921b5fe09') in 0.016501 seconds
Number of updated asset objects reloaded before import = 0
Number of asset objects unloaded after import = 1
========================================================================
Received Import Request.
  Time since last request: 0.000044 seconds.
  path: Assets/TextMesh Pro/Resources/Fonts & Materials/LiberationSans SDF - Drop Shadow.mat
  artifactKey: Guid(e73a58f6e2794ae7b1b7e50b7fb811b0) Importer(2089858483,0ecaa5967403d082aa24f35e1b516d23)
Start importing Assets/TextMesh Pro/Resources/Fonts & Materials/LiberationSans SDF - Drop Shadow.mat using Guid(e73a58f6e2794ae7b1b7e50b7fb811b0) Importer(2089858483,0ecaa5967403d082aa24f35e1b516d23) [PhysX] Initialized MultithreadedTaskDispatcher with 8 workers.
 -> (artifact id: 'bf8200ab958fe9dbf5da92b4a1e79c22') in 0.046440 seconds
Number of updated asset objects reloaded before import = 0
Number of asset objects unloaded after import = 2
========================================================================
Received Import Request.
  Time since last request: 0.000031 seconds.
  path: Assets/Animazioni/fermo/f14.png
  artifactKey: Guid(13b31385bce1a474997e6c4664b0b753) Importer(2089858483,0ecaa5967403d082aa24f35e1b516d23)
Start importing Assets/Animazioni/fermo/f14.png using Guid(13b31385bce1a474997e6c4664b0b753) Importer(2089858483,0ecaa5967403d082aa24f35e1b516d23) [PhysX] Initialized MultithreadedTaskDispatcher with 8 workers.
 -> (artifact id: '4cf200b0645b4e27383588039f33d94d') in 0.042976 seconds
Number of updated asset objects reloaded before import = 0
Number of asset objects unloaded after import = 3
========================================================================
Received Import Request.
  Time since last request: 0.000031 seconds.
  path: Assets/Animazioni/campfire/acceso/campfire.controller
  artifactKey: Guid(000f2e4d488e475419bb52329bcdf23f) Importer(2089858483,0ecaa5967403d082aa24f35e1b516d23)
Start importing Assets/Animazioni/campfire/acceso/campfire.controller using Guid(000f2e4d488e475419bb52329bcdf23f) Importer(2089858483,0ecaa5967403d082aa24f35e1b516d23) [PhysX] Initialized MultithreadedTaskDispatcher with 8 workers.
 -> (artifact id: 'b341816c8c9e317cc773e00f6196883b') in 0.018191 seconds
Number of updated asset objects reloaded before import = 0
Number of asset objects unloaded after import = 4
========================================================================
Received Import Request.
  Time since last request: 0.000044 seconds.
  path: Assets/Animazioni/dash/f3.png
  artifactKey: Guid(a535e008577892449876f2240ab48fc1) Importer(2089858483,0ecaa5967403d082aa24f35e1b516d23)
Start importing Assets/Animazioni/dash/f3.png using Guid(a535e008577892449876f2240ab48fc1) Importer(2089858483,0ecaa5967403d082aa24f35e1b516d23) [PhysX] Initialized MultithreadedTaskDispatcher with 8 workers.
 -> (artifact id: 'b62e03584ad4fce92f4d6b6d303439a6') in 0.057584 seconds
Number of updated asset objects reloaded before import = 0
Number of asset objects unloaded after import = 3
========================================================================
Received Import Request.
  Time since last request: 0.000053 seconds.
  path: Assets/Palette/stone_83 1.asset
  artifactKey: Guid(0e48373e2453c7748a9c2f56d93ef33a) Importer(2089858483,0ecaa5967403d082aa24f35e1b516d23)
Start importing Assets/Palette/stone_83 1.asset using Guid(0e48373e2453c7748a9c2f56d93ef33a) Importer(2089858483,0ecaa5967403d082aa24f35e1b516d23) [PhysX] Initialized MultithreadedTaskDispatcher with 8 workers.
 -> (artifact id: '6ba4d878fb132d98dd6df98f32972996') in 0.020642 seconds
Number of updated asset objects reloaded before import = 0
Number of asset objects unloaded after import = 3
========================================================================
Received Import Request.
  Time since last request: 0.000039 seconds.
  path: Assets/Animazioni/campfire/acceso/fire03.png
  artifactKey: Guid(a440909f5d91ad74abbe2a64cb272eeb) Importer(2089858483,0ecaa5967403d082aa24f35e1b516d23)
Start importing Assets/Animazioni/campfire/acceso/fire03.png using Guid(a440909f5d91ad74abbe2a64cb272eeb) Importer(2089858483,0ecaa5967403d082aa24f35e1b516d23) [PhysX] Initialized MultithreadedTaskDispatcher with 8 workers.
 -> (artifact id: '78531945b26eda3304ef93bf3659f1be') in 0.044037 seconds
Number of updated asset objects reloaded before import = 0
Number of asset objects unloaded after import = 3
========================================================================
Received Import Request.
  Time since last request: 0.000030 seconds.
  path: Assets/Animazioni/campfire/fumante/fumante.anim
  artifactKey: Guid(263d784a981cec942a3b89a2f500c981) Importer(2089858483,0ecaa5967403d082aa24f35e1b516d23)
Start importing Assets/Animazioni/campfire/fumante/fumante.anim using Guid(263d784a981cec942a3b89a2f500c981) Importer(2089858483,0ecaa5967403d082aa24f35e1b516d23) [PhysX] Initialized MultithreadedTaskDispatcher with 8 workers.
 -> (artifact id: '2d98f5b58147aab4ccf8d2ec13cd7830') in 0.021116 seconds
Number of updated asset objects reloaded before import = 0
Number of asset objects unloaded after import = 1
========================================================================
Received Import Request.
  Time since last request: 0.000027 seconds.
  path: Assets/Palette/stone_47 1.asset
  artifactKey: Guid(f1fe938cae3b6fa4098b75a67c31807f) Importer(2089858483,0ecaa5967403d082aa24f35e1b516d23)
Start importing Assets/Palette/stone_47 1.asset using Guid(f1fe938cae3b6fa4098b75a67c31807f) Importer(2089858483,0ecaa5967403d082aa24f35e1b516d23) [PhysX] Initialized MultithreadedTaskDispatcher with 8 workers.
 -> (artifact id: '33adddfd38c46f6dd938d636a5712729') in 0.020901 seconds
Number of updated asset objects reloaded before import = 0
Number of asset objects unloaded after import = 3
========================================================================
Received Import Request.
  Time since last request: 0.000034 seconds.
  path: Assets/Animazioni/Corre/f5.png
  artifactKey: Guid(88dd838f4a61408458445a52ed5e4c04) Importer(2089858483,0ecaa5967403d082aa24f35e1b516d23)
Start importing Assets/Animazioni/Corre/f5.png using Guid(88dd838f4a61408458445a52ed5e4c04) Importer(2089858483,0ecaa5967403d082aa24f35e1b516d23) [PhysX] Initialized MultithreadedTaskDispatcher with 8 workers.
 -> (artifact id: 'dda9b199352e78a159c74e671d449298') in 0.048230 seconds
Number of updated asset objects reloaded before import = 0
Number of asset objects unloaded after import = 3
========================================================================
Received Import Request.
  Time since last request: 0.000029 seconds.
  path: Assets/Animazioni/fill/fermo/idle.anim
  artifactKey: Guid(0539ace27e94db449ac9fdc91deff938) Importer(2089858483,0ecaa5967403d082aa24f35e1b516d23)
Start importing Assets/Animazioni/fill/fermo/idle.anim using Guid(0539ace27e94db449ac9fdc91deff938) Importer(2089858483,0ecaa5967403d082aa24f35e1b516d23) [PhysX] Initialized MultithreadedTaskDispatcher with 8 workers.
 -> (artifact id: 'a78d749651d3ca70782d2a00b4e5f2c5') in 0.019162 seconds
Number of updated asset objects reloaded before import = 0
Number of asset objects unloaded after import = 1
========================================================================
Received Import Request.
  Time since last request: 0.000029 seconds.
  path: Assets/Palette/stone_47.asset
  artifactKey: Guid(0f667a2d76f273d4da74b58e41e97657) Importer(2089858483,0ecaa5967403d082aa24f35e1b516d23)
Start importing Assets/Palette/stone_47.asset using Guid(0f667a2d76f273d4da74b58e41e97657) Importer(2089858483,0ecaa5967403d082aa24f35e1b516d23) [PhysX] Initialized MultithreadedTaskDispatcher with 8 workers.
 -> (artifact id: '542e9bcdd90ec4a05d8399500ea16fd5') in 0.020733 seconds
Number of updated asset objects reloaded before import = 0
Number of asset objects unloaded after import = 3
========================================================================
Received Import Request.
  Time since last request: 0.000038 seconds.
  path: Assets/Palette/stone_68.asset
  artifactKey: Guid(7dbec908f2d0d2044aeba68bff16448b) Importer(2089858483,0ecaa5967403d082aa24f35e1b516d23)
Start importing Assets/Palette/stone_68.asset using Guid(7dbec908f2d0d2044aeba68bff16448b) Importer(2089858483,0ecaa5967403d082aa24f35e1b516d23) [PhysX] Initialized MultithreadedTaskDispatcher with 8 workers.
 -> (artifact id: '44bdc7340db446c4374edbfec2555569') in 0.074266 seconds
Number of updated asset objects reloaded before import = 0
Number of asset objects unloaded after import = 3
========================================================================
Received Import Request.
  Time since last request: 0.000064 seconds.
  path: Assets/Animazioni/campfire/acceso/fire02.png
  artifactKey: Guid(6a101a4fab781fc4fabc89ea5929d8bb) Importer(2089858483,0ecaa5967403d082aa24f35e1b516d23)
Start importing Assets/Animazioni/campfire/acceso/fire02.png using Guid(6a101a4fab781fc4fabc89ea5929d8bb) Importer(2089858483,0ecaa5967403d082aa24f35e1b516d23) [PhysX] Initialized MultithreadedTaskDispatcher with 8 workers.
 -> (artifact id: '5bbdecf42b0922fc9c9919d131ee08e3') in 0.067996 seconds
Number of updated asset objects reloaded before import = 0
Number of asset objects unloaded after import = 3
========================================================================
Received Import Request.
  Time since last request: 0.000031 seconds.
  path: Assets/Animazioni/Muore/f4.png
  artifactKey: Guid(12e33f7a17e31d94ea73ec3fb4204070) Importer(2089858483,0ecaa5967403d082aa24f35e1b516d23)
Start importing Assets/Animazioni/Muore/f4.png using Guid(12e33f7a17e31d94ea73ec3fb4204070) Importer(2089858483,0ecaa5967403d082aa24f35e1b516d23) [PhysX] Initialized MultithreadedTaskDispatcher with 8 workers.
 -> (artifact id: '8002662c50f8fa6e0eb6237b56da40a1') in 0.045880 seconds
Number of updated asset objects reloaded before import = 0
Number of asset objects unloaded after import = 3
========================================================================
Received Import Request.
  Time since last request: 0.000029 seconds.
  path: Assets/Animazioni/campfire/acceso/fire12.png
  artifactKey: Guid(85791d55ef54e9447b1d396f686a6fc5) Importer(2089858483,0ecaa5967403d082aa24f35e1b516d23)
Start importing Assets/Animazioni/campfire/acceso/fire12.png using Guid(85791d55ef54e9447b1d396f686a6fc5) Importer(2089858483,0ecaa5967403d082aa24f35e1b516d23) [PhysX] Initialized MultithreadedTaskDispatcher with 8 workers.
 -> (artifact id: 'fd7a3e95405ebfc105dc777b5c447c07') in 0.045521 seconds
Number of updated asset objects reloaded before import = 0
Number of asset objects unloaded after import = 3
========================================================================
Received Import Request.
  Time since last request: 0.000030 seconds.
  path: Assets/Animazioni/dash/f1.png
  artifactKey: Guid(a74ead863285cfc458a5f2b4320a5138) Importer(2089858483,0ecaa5967403d082aa24f35e1b516d23)
Start importing Assets/Animazioni/dash/f1.png using Guid(a74ead863285cfc458a5f2b4320a5138) Importer(2089858483,0ecaa5967403d082aa24f35e1b516d23) [PhysX] Initialized MultithreadedTaskDispatcher with 8 workers.
 -> (artifact id: '4f78f10fca6efdafa50d6c26047183bc') in 0.046631 seconds
Number of updated asset objects reloaded before import = 0
Number of asset objects unloaded after import = 3
========================================================================
Received Import Request.
  Time since last request: 0.000035 seconds.
  path: Assets/Palette/stone_86.asset
  artifactKey: Guid(4889afaf06b8d0e41a8dce0433296d9e) Importer(2089858483,0ecaa5967403d082aa24f35e1b516d23)
Start importing Assets/Palette/stone_86.asset using Guid(4889afaf06b8d0e41a8dce0433296d9e) Importer(2089858483,0ecaa5967403d082aa24f35e1b516d23) [PhysX] Initialized MultithreadedTaskDispatcher with 8 workers.
 -> (artifact id: '062183032d5c37a30524ee66d3eb7e5e') in 0.020267 seconds
Number of updated asset objects reloaded before import = 0
Number of asset objects unloaded after import = 3
========================================================================
Received Import Request.
  Time since last request: 0.000043 seconds.
  path: Assets/Palette/stone_60.asset
  artifactKey: Guid(a25f8786251223e479b0144aeb08e464) Importer(2089858483,0ecaa5967403d082aa24f35e1b516d23)
Start importing Assets/Palette/stone_60.asset using Guid(a25f8786251223e479b0144aeb08e464) Importer(2089858483,0ecaa5967403d082aa24f35e1b516d23) [PhysX] Initialized MultithreadedTaskDispatcher with 8 workers.
 -> (artifact id: '4f2bd04353156d3fb4c631e70cb46461') in 0.020748 seconds
Number of updated asset objects reloaded before import = 0
Number of asset objects unloaded after import = 3
========================================================================
Received Import Request.
  Time since last request: 0.000035 seconds.
  path: Assets/Animazioni/torcia/torch05.png
  artifactKey: Guid(efee1e7dab6dcf6419de915cf83d62f4) Importer(2089858483,0ecaa5967403d082aa24f35e1b516d23)
Start importing Assets/Animazioni/torcia/torch05.png using Guid(efee1e7dab6dcf6419de915cf83d62f4) Importer(2089858483,0ecaa5967403d082aa24f35e1b516d23) [PhysX] Initialized MultithreadedTaskDispatcher with 8 workers.
 -> (artifact id: '04c35e8820d6f30e402a4ffc9ddb430f') in 0.049001 seconds
Number of updated asset objects reloaded before import = 0
Number of asset objects unloaded after import = 3
========================================================================
Received Import Request.
  Time since last request: 0.000039 seconds.
  path: Assets/Palette/stone_76.asset
  artifactKey: Guid(02cf408e6f51e4d438c0952c3dec6955) Importer(2089858483,0ecaa5967403d082aa24f35e1b516d23)
Start importing Assets/Palette/stone_76.asset using Guid(02cf408e6f51e4d438c0952c3dec6955) Importer(2089858483,0ecaa5967403d082aa24f35e1b516d23) [PhysX] Initialized MultithreadedTaskDispatcher with 8 workers.
 -> (artifact id: 'd2e3c068c91f960cf46544ff8d366bae') in 0.023650 seconds
Number of updated asset objects reloaded before import = 0
Number of asset objects unloaded after import = 3
========================================================================
Received Import Request.
  Time since last request: 0.000030 seconds.
  path: Assets/Palette/stone_62 1.asset
  artifactKey: Guid(c664ec252e74009479d3d74baed162e5) Importer(2089858483,0ecaa5967403d082aa24f35e1b516d23)
Start importing Assets/Palette/stone_62 1.asset using Guid(c664ec252e74009479d3d74baed162e5) Importer(2089858483,0ecaa5967403d082aa24f35e1b516d23) [PhysX] Initialized MultithreadedTaskDispatcher with 8 workers.
 -> (artifact id: 'e5dfa532e1ae75baf8e698294c8d758f') in 0.021484 seconds
Number of updated asset objects reloaded before import = 0
Number of asset objects unloaded after import = 3
========================================================================
Received Import Request.
  Time since last request: 0.000032 seconds.
  path: Assets/Palette/stone_78.asset
  artifactKey: Guid(9de684ea79110c348890ceb7669eaff2) Importer(2089858483,0ecaa5967403d082aa24f35e1b516d23)
Start importing Assets/Palette/stone_78.asset using Guid(9de684ea79110c348890ceb7669eaff2) Importer(2089858483,0ecaa5967403d082aa24f35e1b516d23) [PhysX] Initialized MultithreadedTaskDispatcher with 8 workers.
 -> (artifact id: 'a40b3b5c499b343693f0ff41b8058455') in 0.019817 seconds
Number of updated asset objects reloaded before import = 0
Number of asset objects unloaded after import = 3
========================================================================
Received Import Request.
  Time since last request: 0.000030 seconds.
  path: Assets/Scripts/CameraSegui.cs
  artifactKey: Guid(cc599f69e729f9040b9f78b093c7cd51) Importer(2089858483,0ecaa5967403d082aa24f35e1b516d23)
Start importing Assets/Scripts/CameraSegui.cs using Guid(cc599f69e729f9040b9f78b093c7cd51) Importer(2089858483,0ecaa5967403d082aa24f35e1b516d23) [PhysX] Initialized MultithreadedTaskDispatcher with 8 workers.
 -> (artifact id: '595d8d07f26ec400aaaefa1bcdb5c7b5') in 0.016343 seconds
Number of updated asset objects reloaded before import = 0
Number of asset objects unloaded after import = 1
========================================================================
Received Import Request.
  Time since last request: 0.000039 seconds.
  path: Assets/Animazioni/Muore/f5.png
  artifactKey: Guid(b436f303575148542b184b86c161cb68) Importer(2089858483,0ecaa5967403d082aa24f35e1b516d23)
Start importing Assets/Animazioni/Muore/f5.png using Guid(b436f303575148542b184b86c161cb68) Importer(2089858483,0ecaa5967403d082aa24f35e1b516d23) [PhysX] Initialized MultithreadedTaskDispatcher with 8 workers.
 -> (artifact id: '64839b376ea60e3f025faefba1cf9a9f') in 0.066136 seconds
Number of updated asset objects reloaded before import = 0
Number of asset objects unloaded after import = 3
========================================================================
Received Import Request.
  Time since last request: 0.000041 seconds.
  path: Assets/Immagini/Screenshot/ScreenshotSalto.png
  artifactKey: Guid(346fa62274229104fa1d38943c4232f9) Importer(2089858483,0ecaa5967403d082aa24f35e1b516d23)
Start importing Assets/Immagini/Screenshot/ScreenshotSalto.png using Guid(346fa62274229104fa1d38943c4232f9) Importer(2089858483,0ecaa5967403d082aa24f35e1b516d23) [PhysX] Initialized MultithreadedTaskDispatcher with 8 workers.
 -> (artifact id: '85fd26c65fa56a808039ff5afc2db52f') in 0.057462 seconds
Number of updated asset objects reloaded before import = 0
Number of asset objects unloaded after import = 3
========================================================================
Received Import Request.
  Time since last request: 0.000042 seconds.
  path: Assets/Palette/stone_44.asset
  artifactKey: Guid(002d18a69cdc698438500736ba1fe93b) Importer(2089858483,0ecaa5967403d082aa24f35e1b516d23)
Start importing Assets/Palette/stone_44.asset using Guid(002d18a69cdc698438500736ba1fe93b) Importer(2089858483,0ecaa5967403d082aa24f35e1b516d23) [PhysX] Initialized MultithreadedTaskDispatcher with 8 workers.
 -> (artifact id: '02dc721ce8ead24555c3278d8b5e1d23') in 0.022984 seconds
Number of updated asset objects reloaded before import = 0
Number of asset objects unloaded after import = 3
========================================================================
Received Import Request.
  Time since last request: 0.000034 seconds.
  path: Assets/Animazioni/fill/attivato/flash03.png
  artifactKey: Guid(04cd35297ff8f9f45875e12982a6bcc5) Importer(2089858483,0ecaa5967403d082aa24f35e1b516d23)
Start importing Assets/Animazioni/fill/attivato/flash03.png using Guid(04cd35297ff8f9f45875e12982a6bcc5) Importer(2089858483,0ecaa5967403d082aa24f35e1b516d23) [PhysX] Initialized MultithreadedTaskDispatcher with 8 workers.
 -> (artifact id: '893aa11af93303544c28b544ed4f4e54') in 0.050857 seconds
Number of updated asset objects reloaded before import = 0
Number of asset objects unloaded after import = 3
========================================================================
Received Import Request.
  Time since last request: 0.000039 seconds.
  path: Assets/Animazioni/Corre/f4.png
  artifactKey: Guid(6728feca392b96a429dc5e33136328bb) Importer(2089858483,0ecaa5967403d082aa24f35e1b516d23)
Start importing Assets/Animazioni/Corre/f4.png using Guid(6728feca392b96a429dc5e33136328bb) Importer(2089858483,0ecaa5967403d082aa24f35e1b516d23) [PhysX] Initialized MultithreadedTaskDispatcher with 8 workers.
 -> (artifact id: '1c6222ec29134838f18d2ee04b691faf') in 0.045161 seconds
Number of updated asset objects reloaded before import = 0
Number of asset objects unloaded after import = 3
========================================================================
Received Import Request.
  Time since last request: 0.000050 seconds.
  path: Assets/Animazioni/Muore/f3.png
  artifactKey: Guid(752f1197dafad9b4282a56a07bd431d7) Importer(2089858483,0ecaa5967403d082aa24f35e1b516d23)
Start importing Assets/Animazioni/Muore/f3.png using Guid(752f1197dafad9b4282a56a07bd431d7) Importer(2089858483,0ecaa5967403d082aa24f35e1b516d23) [PhysX] Initialized MultithreadedTaskDispatcher with 8 workers.
 -> (artifact id: '6ce5aa3bf4f52b12b894c662d89995cf') in 0.050395 seconds
Number of updated asset objects reloaded before import = 0
Number of asset objects unloaded after import = 3
========================================================================
Received Import Request.
  Time since last request: 0.000061 seconds.
  path: Assets/Palette/stone_75.asset
  artifactKey: Guid(77f37c56c27fa9a48a434c19efb9a5f8) Importer(2089858483,0ecaa5967403d082aa24f35e1b516d23)
Start importing Assets/Palette/stone_75.asset using Guid(77f37c56c27fa9a48a434c19efb9a5f8) Importer(2089858483,0ecaa5967403d082aa24f35e1b516d23) [PhysX] Initialized MultithreadedTaskDispatcher with 8 workers.
 -> (artifact id: 'aa8d741030a9a00deb7a1f3144633f55') in 0.022854 seconds
Number of updated asset objects reloaded before import = 0
Number of asset objects unloaded after import = 3
========================================================================
Received Import Request.
  Time since last request: 0.000029 seconds.
  path: Assets/Settings/Renderer2D.asset
  artifactKey: Guid(424799608f7334c24bf367e4bbfa7f9a) Importer(2089858483,0ecaa5967403d082aa24f35e1b516d23)
Start importing Assets/Settings/Renderer2D.asset using Guid(424799608f7334c24bf367e4bbfa7f9a) Importer(2089858483,0ecaa5967403d082aa24f35e1b516d23) [PhysX] Initialized MultithreadedTaskDispatcher with 8 workers.
 -> (artifact id: '847798277bcfb592333355c6b4db07d7') in 0.055840 seconds
Number of updated asset objects reloaded before import = 0
Number of asset objects unloaded after import = 1
========================================================================
Received Import Request.
  Time since last request: 0.000037 seconds.
  path: Assets/Animazioni/campfire/acceso/fire10.png
  artifactKey: Guid(a95671c9ef70d4e4fbb7f0312b8f2f47) Importer(2089858483,0ecaa5967403d082aa24f35e1b516d23)
Start importing Assets/Animazioni/campfire/acceso/fire10.png using Guid(a95671c9ef70d4e4fbb7f0312b8f2f47) Importer(2089858483,0ecaa5967403d082aa24f35e1b516d23) [PhysX] Initialized MultithreadedTaskDispatcher with 8 workers.
 -> (artifact id: '25fb0371f32397c1c77aff390321da2a') in 0.048130 seconds
Number of updated asset objects reloaded before import = 0
Number of asset objects unloaded after import = 3
========================================================================
Received Import Request.
  Time since last request: 0.000047 seconds.
  path: Assets/Animazioni/Muore/f7.png
  artifactKey: Guid(583eb6bde83c0e949982fccfa8184319) Importer(2089858483,0ecaa5967403d082aa24f35e1b516d23)
Start importing Assets/Animazioni/Muore/f7.png using Guid(583eb6bde83c0e949982fccfa8184319) Importer(2089858483,0ecaa5967403d082aa24f35e1b516d23) [PhysX] Initialized MultithreadedTaskDispatcher with 8 workers.
 -> (artifact id: '963988741eddaafa7055a6f69ab3cca4') in 0.052221 seconds
Number of updated asset objects reloaded before import = 0
Number of asset objects unloaded after import = 3
========================================================================
Received Import Request.
  Time since last request: 0.000049 seconds.
  path: Assets/Animazioni/salto/f1.png
  artifactKey: Guid(8e05765805ce12d4e9c689e4a5b78d00) Importer(2089858483,0ecaa5967403d082aa24f35e1b516d23)
Start importing Assets/Animazioni/salto/f1.png using Guid(8e05765805ce12d4e9c689e4a5b78d00) Importer(2089858483,0ecaa5967403d082aa24f35e1b516d23) [PhysX] Initialized MultithreadedTaskDispatcher with 8 workers.
 -> (artifact id: '01d3a22ab06346ca46005bbbb07a307d') in 0.055685 seconds
Number of updated asset objects reloaded before import = 0
Number of asset objects unloaded after import = 3
========================================================================
Received Import Request.
  Time since last request: 0.000047 seconds.
  path: Assets/Immagini/Oggetti/Pavimento/cliffsideAlt.png
  artifactKey: Guid(994b1c891ecb0844d947867fe83be75e) Importer(2089858483,0ecaa5967403d082aa24f35e1b516d23)
Start importing Assets/Immagini/Oggetti/Pavimento/cliffsideAlt.png using Guid(994b1c891ecb0844d947867fe83be75e) Importer(2089858483,0ecaa5967403d082aa24f35e1b516d23) [PhysX] Initialized MultithreadedTaskDispatcher with 8 workers.
 -> (artifact id: '003fbb5855ad81d7e6190768860a17cd') in 0.577069 seconds
Number of updated asset objects reloaded before import = 0
Number of asset objects unloaded after import = 92
========================================================================
Received Import Request.
  Time since last request: 0.000043 seconds.
  path: Assets/Immagini/Oggetti/spine/default_right00.png
  artifactKey: Guid(a3506114a78bee84d9911cb20871436a) Importer(2089858483,0ecaa5967403d082aa24f35e1b516d23)
Start importing Assets/Immagini/Oggetti/spine/default_right00.png using Guid(a3506114a78bee84d9911cb20871436a) Importer(2089858483,0ecaa5967403d082aa24f35e1b516d23) [PhysX] Initialized MultithreadedTaskDispatcher with 8 workers.
 -> (artifact id: 'e6ab2c3461e35e2b3d221be8f4d5e338') in 0.049982 seconds
Number of updated asset objects reloaded before import = 0
Number of asset objects unloaded after import = 3
========================================================================
Received Import Request.
  Time since last request: 0.000056 seconds.
  path: Assets/Palette/stone_48 1.asset
  artifactKey: Guid(5c746a3f3c3e513428c2d6acedd4ffc1) Importer(2089858483,0ecaa5967403d082aa24f35e1b516d23)
Start importing Assets/Palette/stone_48 1.asset using Guid(5c746a3f3c3e513428c2d6acedd4ffc1) Importer(2089858483,0ecaa5967403d082aa24f35e1b516d23) [PhysX] Initialized MultithreadedTaskDispatcher with 8 workers.
 -> (artifact id: '7a4cb879f0e9ff90cd613da1dc7193bc') in 0.031417 seconds
Number of updated asset objects reloaded before import = 0
Number of asset objects unloaded after import = 3
========================================================================
Received Import Request.
  Time since last request: 0.000039 seconds.
  path: Assets/Palette/stone_81.asset
  artifactKey: Guid(b4e28d30592d26f4fbf9dfb2be5e4b63) Importer(2089858483,0ecaa5967403d082aa24f35e1b516d23)
Start importing Assets/Palette/stone_81.asset using Guid(b4e28d30592d26f4fbf9dfb2be5e4b63) Importer(2089858483,0ecaa5967403d082aa24f35e1b516d23) [PhysX] Initialized MultithreadedTaskDispatcher with 8 workers.
 -> (artifact id: '5eb871018404ade3941d39c1384c227a') in 0.021482 seconds
Number of updated asset objects reloaded before import = 0
Number of asset objects unloaded after import = 3
========================================================================
Received Import Request.
  Time since last request: 0.000041 seconds.
  path: Assets/TextMesh Pro/Resources/Style Sheets/Default Style Sheet.asset
  artifactKey: Guid(f952c082cb03451daed3ee968ac6c63e) Importer(2089858483,0ecaa5967403d082aa24f35e1b516d23)
Start importing Assets/TextMesh Pro/Resources/Style Sheets/Default Style Sheet.asset using Guid(f952c082cb03451daed3ee968ac6c63e) Importer(2089858483,0ecaa5967403d082aa24f35e1b516d23) [PhysX] Initialized MultithreadedTaskDispatcher with 8 workers.
 -> (artifact id: '9a72d5a0f8be54319642228239ea38c8') in 0.015789 seconds
Number of updated asset objects reloaded before import = 0
Number of asset objects unloaded after import = 1
========================================================================
Received Import Request.
  Time since last request: 0.000044 seconds.
  path: Assets/TextMesh Pro/Resources/Fonts & Materials/LiberationSans SDF - Fallback.asset
  artifactKey: Guid(2e498d1c8094910479dc3e1b768306a4) Importer(2089858483,0ecaa5967403d082aa24f35e1b516d23)
Start importing Assets/TextMesh Pro/Resources/Fonts & Materials/LiberationSans SDF - Fallback.asset using Guid(2e498d1c8094910479dc3e1b768306a4) Importer(2089858483,0ecaa5967403d082aa24f35e1b516d23) [PhysX] Initialized MultithreadedTaskDispatcher with 8 workers.
 -> (artifact id: '4f15ea5b69f736c07e8b45d8813c9cad') in 0.109227 seconds
Number of updated asset objects reloaded before import = 0
Number of asset objects unloaded after import = 5
========================================================================
Received Import Request.
  Time since last request: 0.000035 seconds.
  path: Assets/Immagini/Oggetti/spine/default_up00.png
  artifactKey: Guid(7c9f8a601e6a12741a780a42e513799c) Importer(2089858483,0ecaa5967403d082aa24f35e1b516d23)
Start importing Assets/Immagini/Oggetti/spine/default_up00.png using Guid(7c9f8a601e6a12741a780a42e513799c) Importer(2089858483,0ecaa5967403d082aa24f35e1b516d23) [PhysX] Initialized MultithreadedTaskDispatcher with 8 workers.
 -> (artifact id: '1be989eebdbb7e96dfd790f6d716757b') in 0.049159 seconds
Number of updated asset objects reloaded before import = 0
Number of asset objects unloaded after import = 3
========================================================================
Received Import Request.
  Time since last request: 0.000068 seconds.
  path: Assets/Palette/stone_78 1.asset
  artifactKey: Guid(2d3457fe9b24d9746ae497d50b36d78e) Importer(2089858483,0ecaa5967403d082aa24f35e1b516d23)
Start importing Assets/Palette/stone_78 1.asset using Guid(2d3457fe9b24d9746ae497d50b36d78e) Importer(2089858483,0ecaa5967403d082aa24f35e1b516d23) [PhysX] Initialized MultithreadedTaskDispatcher with 8 workers.
 -> (artifact id: 'd7d44c70afbcd8e77827b15bf7ab6681') in 0.027845 seconds
Number of updated asset objects reloaded before import = 0
Number of asset objects unloaded after import = 3
========================================================================
Received Import Request.
  Time since last request: 0.000039 seconds.
  path: Assets/TextMesh Pro/Resources/Fonts & Materials/LiberationSans SDF.asset
  artifactKey: Guid(8f586378b4e144a9851e7b34d9b748ee) Importer(2089858483,0ecaa5967403d082aa24f35e1b516d23)
Start importing Assets/TextMesh Pro/Resources/Fonts & Materials/LiberationSans SDF.asset using Guid(8f586378b4e144a9851e7b34d9b748ee) Importer(2089858483,0ecaa5967403d082aa24f35e1b516d23) [PhysX] Initialized MultithreadedTaskDispatcher with 8 workers.
 -> (artifact id: '2994fc0e2049f8d543333b415c428ea2') in 0.117950 seconds
Number of updated asset objects reloaded before import = 0
Number of asset objects unloaded after import = 8
========================================================================
Received Import Request.
  Time since last request: 0.000048 seconds.
  path: Assets/Animazioni/campfire/acceso/fire13.png
  artifactKey: Guid(a80be810c75865a4987d76324a48dcb6) Importer(2089858483,0ecaa5967403d082aa24f35e1b516d23)
Start importing Assets/Animazioni/campfire/acceso/fire13.png using Guid(a80be810c75865a4987d76324a48dcb6) Importer(2089858483,0ecaa5967403d082aa24f35e1b516d23) [PhysX] Initialized MultithreadedTaskDispatcher with 8 workers.
 -> (artifact id: '4a9593ae23ca8d70ebf973b63d25927e') in 0.054501 seconds
Number of updated asset objects reloaded before import = 0
Number of asset objects unloaded after import = 3
========================================================================
Received Import Request.
  Time since last request: 0.000035 seconds.
  path: Assets/Palette/stone_82 1.asset
  artifactKey: Guid(8dae2513b5987b04d87c3f24bb4be128) Importer(2089858483,0ecaa5967403d082aa24f35e1b516d23)
Start importing Assets/Palette/stone_82 1.asset using Guid(8dae2513b5987b04d87c3f24bb4be128) Importer(2089858483,0ecaa5967403d082aa24f35e1b516d23) [PhysX] Initialized MultithreadedTaskDispatcher with 8 workers.
 -> (artifact id: '1d84470f3e6789a5545be71ae34653eb') in 0.026891 seconds
Number of updated asset objects reloaded before import = 0
Number of asset objects unloaded after import = 3
========================================================================
Received Import Request.
  Time since last request: 0.000048 seconds.
  path: Assets/Palette/stone_52.asset
  artifactKey: Guid(d3de2557049a42f4580826da76e46806) Importer(2089858483,0ecaa5967403d082aa24f35e1b516d23)
Start importing Assets/Palette/stone_52.asset using Guid(d3de2557049a42f4580826da76e46806) Importer(2089858483,0ecaa5967403d082aa24f35e1b516d23) [PhysX] Initialized MultithreadedTaskDispatcher with 8 workers.
 -> (artifact id: '97070dc446370419cb213d9e8d9656c8') in 0.021211 seconds
Number of updated asset objects reloaded before import = 0
Number of asset objects unloaded after import = 3
========================================================================
Received Import Request.
  Time since last request: 0.000038 seconds.
  path: Assets/Palette/stone_58.asset
  artifactKey: Guid(068a23cb8663181498e8bf1d4aada0df) Importer(2089858483,0ecaa5967403d082aa24f35e1b516d23)
Start importing Assets/Palette/stone_58.asset using Guid(068a23cb8663181498e8bf1d4aada0df) Importer(2089858483,0ecaa5967403d082aa24f35e1b516d23) [PhysX] Initialized MultithreadedTaskDispatcher with 8 workers.
 -> (artifact id: '948afa9e4fcf7808938f43de17ef14e9') in 0.019582 seconds
Number of updated asset objects reloaded before import = 0
Number of asset objects unloaded after import = 3
========================================================================
Received Import Request.
  Time since last request: 0.000035 seconds.
  path: Assets/Scenes/SchermataIniziale.unity
  artifactKey: Guid(e843a63f63fda14428fe364da1fcb7b6) Importer(2089858483,0ecaa5967403d082aa24f35e1b516d23)
Start importing Assets/Scenes/SchermataIniziale.unity using Guid(e843a63f63fda14428fe364da1fcb7b6) Importer(2089858483,0ecaa5967403d082aa24f35e1b516d23) [PhysX] Initialized MultithreadedTaskDispatcher with 8 workers.
 -> (artifact id: 'be83960870fdc3cba7f168fde85fdb4e') in 0.014694 seconds
Number of updated asset objects reloaded before import = 0
Number of asset objects unloaded after import = 1
========================================================================
Received Import Request.
  Time since last request: 0.000031 seconds.
  path: Assets/TextMesh Pro/Resources/Sprite Assets/EmojiOne.asset
  artifactKey: Guid(c41005c129ba4d66911b75229fd70b45) Importer(2089858483,0ecaa5967403d082aa24f35e1b516d23)
Start importing Assets/TextMesh Pro/Resources/Sprite Assets/EmojiOne.asset using Guid(c41005c129ba4d66911b75229fd70b45) Importer(2089858483,0ecaa5967403d082aa24f35e1b516d23) [PhysX] Initialized MultithreadedTaskDispatcher with 8 workers.
 -> (artifact id: '1f03bf0ede0bc18f7d4e1d14c9d9da70') in 0.046967 seconds
Number of updated asset objects reloaded before import = 0
Number of asset objects unloaded after import = 3
========================================================================
Received Import Request.
  Time since last request: 0.000036 seconds.
  path: Assets/Palette/stone_57 1.asset
  artifactKey: Guid(0b3a3fab8eb916b40970a55f97578da2) Importer(2089858483,0ecaa5967403d082aa24f35e1b516d23)
Start importing Assets/Palette/stone_57 1.asset using Guid(0b3a3fab8eb916b40970a55f97578da2) Importer(2089858483,0ecaa5967403d082aa24f35e1b516d23) [PhysX] Initialized MultithreadedTaskDispatcher with 8 workers.
 -> (artifact id: '0371e1329413c478edd038288dabb9c9') in 0.022317 seconds
Number of updated asset objects reloaded before import = 0
Number of asset objects unloaded after import = 3
========================================================================
Received Import Request.
  Time since last request: 0.000044 seconds.
  path: Assets/Animazioni/fill/fermo/idle04.png
  artifactKey: Guid(d036bdec3a7bfe14a9f9bcc75f077c7d) Importer(2089858483,0ecaa5967403d082aa24f35e1b516d23)
Start importing Assets/Animazioni/fill/fermo/idle04.png using Guid(d036bdec3a7bfe14a9f9bcc75f077c7d) Importer(2089858483,0ecaa5967403d082aa24f35e1b516d23) [PhysX] Initialized MultithreadedTaskDispatcher with 8 workers.
 -> (artifact id: '249dbfade2b4ba6e0705b194d7e28f67') in 0.049128 seconds
Number of updated asset objects reloaded before import = 0
Number of asset objects unloaded after import = 3
========================================================================
Received Import Request.
  Time since last request: 0.000034 seconds.
  path: Assets/Scenes/SampleScene.unity
  artifactKey: Guid(8c9cfa26abfee488c85f1582747f6a02) Importer(2089858483,0ecaa5967403d082aa24f35e1b516d23)
Start importing Assets/Scenes/SampleScene.unity using Guid(8c9cfa26abfee488c85f1582747f6a02) Importer(2089858483,0ecaa5967403d082aa24f35e1b516d23) [PhysX] Initialized MultithreadedTaskDispatcher with 8 workers.
 -> (artifact id: '17915c783c89b7430b76870a27003446') in 0.012337 seconds
Number of updated asset objects reloaded before import = 0
Number of asset objects unloaded after import = 1
========================================================================
Received Import Request.
  Time since last request: 0.000189 seconds.
  path: Assets/Animazioni/fermo/f13.png
  artifactKey: Guid(84e14e9b258df2f41b908154adbdb9b3) Importer(2089858483,0ecaa5967403d082aa24f35e1b516d23)
Start importing Assets/Animazioni/fermo/f13.png using Guid(84e14e9b258df2f41b908154adbdb9b3) Importer(2089858483,0ecaa5967403d082aa24f35e1b516d23) [PhysX] Initialized MultithreadedTaskDispatcher with 8 workers.
 -> (artifact id: 'ca630c6898b45aed5365a92df14cc416') in 0.058515 seconds
Number of updated asset objects reloaded before import = 0
Number of asset objects unloaded after import = 3
========================================================================
Received Import Request.
  Time since last request: 0.000042 seconds.
  path: Assets/Immagini/Screenshot/ScreenshotFermo.png
  artifactKey: Guid(4de923e81ce219240ae5d66e4d8f70cf) Importer(2089858483,0ecaa5967403d082aa24f35e1b516d23)
Start importing Assets/Immagini/Screenshot/ScreenshotFermo.png using Guid(4de923e81ce219240ae5d66e4d8f70cf) Importer(2089858483,0ecaa5967403d082aa24f35e1b516d23) [PhysX] Initialized MultithreadedTaskDispatcher with 8 workers.
 -> (artifact id: '4840f040230336f7f7e1191ba3e97a16') in 0.048715 seconds
Number of updated asset objects reloaded before import = 0
Number of asset objects unloaded after import = 3
========================================================================
Received Import Request.
  Time since last request: 0.000036 seconds.
  path: Assets/Animazioni/campfire/fumante/campfire (1).controller
  artifactKey: Guid(7e365a5c5db249b468dbf7e6d2f002d4) Importer(2089858483,0ecaa5967403d082aa24f35e1b516d23)
Start importing Assets/Animazioni/campfire/fumante/campfire (1).controller using Guid(7e365a5c5db249b468dbf7e6d2f002d4) Importer(2089858483,0ecaa5967403d082aa24f35e1b516d23) [PhysX] Initialized MultithreadedTaskDispatcher with 8 workers.
 -> (artifact id: '19f961bf47901544e27be0aa69b7b8a8') in 0.018844 seconds
Number of updated asset objects reloaded before import = 0
Number of asset objects unloaded after import = 4
========================================================================
Received Import Request.
  Time since last request: 0.000037 seconds.
  path: Assets/Animazioni/dash/Dash.anim
  artifactKey: Guid(056ac8d71742f1547a023866c7b546de) Importer(2089858483,0ecaa5967403d082aa24f35e1b516d23)
Start importing Assets/Animazioni/dash/Dash.anim using Guid(056ac8d71742f1547a023866c7b546de) Importer(2089858483,0ecaa5967403d082aa24f35e1b516d23) [PhysX] Initialized MultithreadedTaskDispatcher with 8 workers.
 -> (artifact id: 'f8a3c8ef829adc26c1dd0da4b2c333dc') in 0.019341 seconds
Number of updated asset objects reloaded before import = 0
Number of asset objects unloaded after import = 1
========================================================================
Received Import Request.
  Time since last request: 0.000032 seconds.
  path: Assets/Animazioni/campfire/acceso/fire06.png
  artifactKey: Guid(bb680adb8e13b0a4da701f181a0a846e) Importer(2089858483,0ecaa5967403d082aa24f35e1b516d23)
Start importing Assets/Animazioni/campfire/acceso/fire06.png using Guid(bb680adb8e13b0a4da701f181a0a846e) Importer(2089858483,0ecaa5967403d082aa24f35e1b516d23) [PhysX] Initialized MultithreadedTaskDispatcher with 8 workers.
 -> (artifact id: 'e2ed77ec9479c59564927a4ec6158406') in 0.050924 seconds
Number of updated asset objects reloaded before import = 0
Number of asset objects unloaded after import = 3
========================================================================
Received Import Request.
  Time since last request: 0.000041 seconds.
  path: Assets/Palette/stone_45 1.asset
  artifactKey: Guid(89688fe4247bf444bb408dd13176fd86) Importer(2089858483,0ecaa5967403d082aa24f35e1b516d23)
Start importing Assets/Palette/stone_45 1.asset using Guid(89688fe4247bf444bb408dd13176fd86) Importer(2089858483,0ecaa5967403d082aa24f35e1b516d23) [PhysX] Initialized MultithreadedTaskDispatcher with 8 workers.
 -> (artifact id: '3ce68ef738a25b1f58025ced805f8e14') in 0.026462 seconds
Number of updated asset objects reloaded before import = 0
Number of asset objects unloaded after import = 3
========================================================================
Received Import Request.
  Time since last request: 0.000057 seconds.
  path: Assets/Animazioni/fill/disattivato/disattivato.anim
  artifactKey: Guid(6e886589d075b1b40a6065d46f767825) Importer(2089858483,0ecaa5967403d082aa24f35e1b516d23)
Start importing Assets/Animazioni/fill/disattivato/disattivato.anim using Guid(6e886589d075b1b40a6065d46f767825) Importer(2089858483,0ecaa5967403d082aa24f35e1b516d23) [PhysX] Initialized MultithreadedTaskDispatcher with 8 workers.
 -> (artifact id: '8c9e2f52c59c07ec301beac1f6aec4fe') in 0.023745 seconds
Number of updated asset objects reloaded before import = 0
Number of asset objects unloaded after import = 1
========================================================================
Received Import Request.
  Time since last request: 0.000069 seconds.
  path: Assets/Immagini/Oggetti/spine/default_down00.png
  artifactKey: Guid(d7847a370f925474b9282b637fdcbf76) Importer(2089858483,0ecaa5967403d082aa24f35e1b516d23)
Start importing Assets/Immagini/Oggetti/spine/default_down00.png using Guid(d7847a370f925474b9282b637fdcbf76) Importer(2089858483,0ecaa5967403d082aa24f35e1b516d23) [PhysX] Initialized MultithreadedTaskDispatcher with 8 workers.
 -> (artifact id: 'd7b89afa4dd08595137d26d41609daa2') in 0.055606 seconds
Number of updated asset objects reloaded before import = 0
Number of asset objects unloaded after import = 3
========================================================================
Received Import Request.
  Time since last request: 0.000038 seconds.
  path: Assets/Palette/stone_64.asset
  artifactKey: Guid(c5bd3e63a50b66a4bac63bbb8492446a) Importer(2089858483,0ecaa5967403d082aa24f35e1b516d23)
Start importing Assets/Palette/stone_64.asset using Guid(c5bd3e63a50b66a4bac63bbb8492446a) Importer(2089858483,0ecaa5967403d082aa24f35e1b516d23) [PhysX] Initialized MultithreadedTaskDispatcher with 8 workers.
 -> (artifact id: 'abb68d3cc9e10fdc452850ab87d63abb') in 0.021804 seconds
Number of updated asset objects reloaded before import = 0
Number of asset objects unloaded after import = 3
========================================================================
Received Import Request.
  Time since last request: 0.000032 seconds.
  path: Assets/TextMesh Pro/Fonts/LiberationSans - OFL.txt
  artifactKey: Guid(6e59c59b81ab47f9b6ec5781fa725d2c) Importer(2089858483,0ecaa5967403d082aa24f35e1b516d23)
Start importing Assets/TextMesh Pro/Fonts/LiberationSans - OFL.txt using Guid(6e59c59b81ab47f9b6ec5781fa725d2c) Importer(2089858483,0ecaa5967403d082aa24f35e1b516d23) [PhysX] Initialized MultithreadedTaskDispatcher with 8 workers.
 -> (artifact id: '591ba2555852f6e0db935cf70e7a3531') in 0.020386 seconds
Number of updated asset objects reloaded before import = 0
Number of asset objects unloaded after import = 1
========================================================================
Received Import Request.
  Time since last request: 0.000029 seconds.
  path: Assets/Palette/stone_83.asset
  artifactKey: Guid(4de38458cf8134a4eaf358c025a78203) Importer(2089858483,0ecaa5967403d082aa24f35e1b516d23)
Start importing Assets/Palette/stone_83.asset using Guid(4de38458cf8134a4eaf358c025a78203) Importer(2089858483,0ecaa5967403d082aa24f35e1b516d23) [PhysX] Initialized MultithreadedTaskDispatcher with 8 workers.
 -> (artifact id: 'ff036b610ae2a3dd3a778d2d5e83f2b3') in 0.020964 seconds
Number of updated asset objects reloaded before import = 0
Number of asset objects unloaded after import = 3
========================================================================
Received Import Request.
  Time since last request: 0.000045 seconds.
  path: Assets/Palette/stone_72 1.asset
  artifactKey: Guid(ac27d8bb47f65b74680050d35721942a) Importer(2089858483,0ecaa5967403d082aa24f35e1b516d23)
Start importing Assets/Palette/stone_72 1.asset using Guid(ac27d8bb47f65b74680050d35721942a) Importer(2089858483,0ecaa5967403d082aa24f35e1b516d23) [PhysX] Initialized MultithreadedTaskDispatcher with 8 workers.
 -> (artifact id: '830f27f9ca19bbb2d041fae3a4d2801b') in 0.021532 seconds
Number of updated asset objects reloaded before import = 0
Number of asset objects unloaded after import = 3
========================================================================
Received Import Request.
  Time since last request: 0.000046 seconds.
  path: Assets/Animazioni/campfire/fumante/smoking02.png
  artifactKey: Guid(048dc01c37115a74d89584581df30e1f) Importer(2089858483,0ecaa5967403d082aa24f35e1b516d23)
Start importing Assets/Animazioni/campfire/fumante/smoking02.png using Guid(048dc01c37115a74d89584581df30e1f) Importer(2089858483,0ecaa5967403d082aa24f35e1b516d23) [PhysX] Initialized MultithreadedTaskDispatcher with 8 workers.
 -> (artifact id: '10b7a20cc83d9b8e9fdff30c04a86bcd') in 0.047088 seconds
Number of updated asset objects reloaded before import = 0
Number of asset objects unloaded after import = 3
========================================================================
Received Import Request.
  Time since last request: 0.000039 seconds.
  path: Assets/Animazioni/fermo/f10.png
  artifactKey: Guid(190c5a2e86dfad146aecd7dd455f0b18) Importer(2089858483,0ecaa5967403d082aa24f35e1b516d23)
Start importing Assets/Animazioni/fermo/f10.png using Guid(190c5a2e86dfad146aecd7dd455f0b18) Importer(2089858483,0ecaa5967403d082aa24f35e1b516d23) [PhysX] Initialized MultithreadedTaskDispatcher with 8 workers.
 -> (artifact id: '4d2ed85a68506cbe08bf12dd69de5f95') in 0.045131 seconds
Number of updated asset objects reloaded before import = 0
Number of asset objects unloaded after import = 3
========================================================================
Received Import Request.
  Time since last request: 0.000028 seconds.
  path: Assets/Palette/stone_69 1.asset
  artifactKey: Guid(f410811d6416c414da98d054d2f30a59) Importer(2089858483,0ecaa5967403d082aa24f35e1b516d23)
Start importing Assets/Palette/stone_69 1.asset using Guid(f410811d6416c414da98d054d2f30a59) Importer(2089858483,0ecaa5967403d082aa24f35e1b516d23) [PhysX] Initialized MultithreadedTaskDispatcher with 8 workers.
 -> (artifact id: '5e177419a12e05e278ebb8f9b2aa9195') in 0.019302 seconds
Number of updated asset objects reloaded before import = 0
Number of asset objects unloaded after import = 3
========================================================================
Received Import Request.
  Time since last request: 0.000044 seconds.
  path: Assets/Palette/stone_81 1.asset
  artifactKey: Guid(9ed7cf59c0bf9e74aab1a598c1f74032) Importer(2089858483,0ecaa5967403d082aa24f35e1b516d23)
Start importing Assets/Palette/stone_81 1.asset using Guid(9ed7cf59c0bf9e74aab1a598c1f74032) Importer(2089858483,0ecaa5967403d082aa24f35e1b516d23) [PhysX] Initialized MultithreadedTaskDispatcher with 8 workers.
 -> (artifact id: 'aca2b54cb4ab9bca0968966cd25f6c73') in 0.020465 seconds
Number of updated asset objects reloaded before import = 0
Number of asset objects unloaded after import = 3
========================================================================
Received Import Request.
  Time since last request: 0.000032 seconds.
  path: Assets/Palette/stone_7.asset
  artifactKey: Guid(def9b8f814e61ac4bb534f37ca48026b) Importer(2089858483,0ecaa5967403d082aa24f35e1b516d23)
Start importing Assets/Palette/stone_7.asset using Guid(def9b8f814e61ac4bb534f37ca48026b) Importer(2089858483,0ecaa5967403d082aa24f35e1b516d23) [PhysX] Initialized MultithreadedTaskDispatcher with 8 workers.
 -> (artifact id: 'df87a68aefc6a1bc6177064ad1556102') in 0.023698 seconds
Number of updated asset objects reloaded before import = 0
Number of asset objects unloaded after import = 3
========================================================================
Received Import Request.
  Time since last request: 0.000033 seconds.
  path: Assets/Animazioni/Muore/f6.png
  artifactKey: Guid(1671afc6361eff04f98b267a3e1482f8) Importer(2089858483,0ecaa5967403d082aa24f35e1b516d23)
Start importing Assets/Animazioni/Muore/f6.png using Guid(1671afc6361eff04f98b267a3e1482f8) Importer(2089858483,0ecaa5967403d082aa24f35e1b516d23) [PhysX] Initialized MultithreadedTaskDispatcher with 8 workers.
 -> (artifact id: '1b14ef9a7ccc6a9b1673ab6f0dc917a0') in 0.040330 seconds
Number of updated asset objects reloaded before import = 0
Number of asset objects unloaded after import = 3
========================================================================
Received Import Request.
  Time since last request: 37.570203 seconds.
  path: Assets/Audio/dash.mp3
  artifactKey: Guid(d435e396f048a55438d51f1ef266ba2e) Importer(815301076,1909f56bfc062723c751e8b465ee728b)
Start importing Assets/Audio/dash.mp3 using Guid(d435e396f048a55438d51f1ef266ba2e) Importer(815301076,1909f56bfc062723c751e8b465ee728b) [PhysX] Initialized MultithreadedTaskDispatcher with 8 workers.
[PhysX] Initialized MultithreadedTaskDispatcher with 8 workers.
 -> (artifact id: '4945109da922a255bcc357abe9c2df93') in 0.107445 seconds
Number of updated asset objects reloaded before import = 0
Number of asset objects unloaded after import = 2
========================================================================
Received Import Request.
  Time since last request: 4.169438 seconds.
  path: Assets/Audio/morte.mp3
  artifactKey: Guid(fbe9f1b6d6233cf4fbdcd14c40944959) Importer(815301076,1909f56bfc062723c751e8b465ee728b)
Start importing Assets/Audio/morte.mp3 using Guid(fbe9f1b6d6233cf4fbdcd14c40944959) Importer(815301076,1909f56bfc062723c751e8b465ee728b) [PhysX] Initialized MultithreadedTaskDispatcher with 8 workers.
[PhysX] Initialized MultithreadedTaskDispatcher with 8 workers.
 -> (artifact id: 'f521b675b39cc87f1f858d9f9e0284e3') in 0.026096 seconds
Number of updated asset objects reloaded before import = 0
Number of asset objects unloaded after import = 2
========================================================================
Received Import Request.
  Time since last request: 4.830223 seconds.
  path: Assets/Audio/musichetta.mp3
  artifactKey: Guid(515dd4ce6951c694ba94bc81e125c612) Importer(815301076,1909f56bfc062723c751e8b465ee728b)
Start importing Assets/Audio/musichetta.mp3 using Guid(515dd4ce6951c694ba94bc81e125c612) Importer(815301076,1909f56bfc062723c751e8b465ee728b) [PhysX] Initialized MultithreadedTaskDispatcher with 8 workers.
[PhysX] Initialized MultithreadedTaskDispatcher with 8 workers.
 -> (artifact id: 'bbf1f7e81377b623abf7a91c207e3094') in 0.127201 seconds
Number of updated asset objects reloaded before import = 0
Number of asset objects unloaded after import = 2
========================================================================
Received Import Request.
  Time since last request: 2.679355 seconds.
  path: Assets/Audio/passo.mp3
  artifactKey: Guid(a80a0e8f1ba840c48a250a55d6f5cea0) Importer(815301076,1909f56bfc062723c751e8b465ee728b)
Start importing Assets/Audio/passo.mp3 using Guid(a80a0e8f1ba840c48a250a55d6f5cea0) Importer(815301076,1909f56bfc062723c751e8b465ee728b) [PhysX] Initialized MultithreadedTaskDispatcher with 8 workers.
[PhysX] Initialized MultithreadedTaskDispatcher with 8 workers.
 -> (artifact id: 'b91efe61b09ffd2954b2a052ec8994cd') in 0.015195 seconds
Number of updated asset objects reloaded before import = 0
Number of asset objects unloaded after import = 2
========================================================================
Received Import Request.
  Time since last request: 3.433566 seconds.
  path: Assets/Audio/salto.mp3
  artifactKey: Guid(470eddf66fdc6914ea82a5b3229c9d6d) Importer(815301076,1909f56bfc062723c751e8b465ee728b)
Start importing Assets/Audio/salto.mp3 using Guid(470eddf66fdc6914ea82a5b3229c9d6d) Importer(815301076,1909f56bfc062723c751e8b465ee728b) [PhysX] Initialized MultithreadedTaskDispatcher with 8 workers.
[PhysX] Initialized MultithreadedTaskDispatcher with 8 workers.
 -> (artifact id: 'a38011d9688a82794dfabdbe9cd2fbc5') in 0.014006 seconds
Number of updated asset objects reloaded before import = 0
Number of asset objects unloaded after import = 2
========================================================================
Received Import Request.
  Time since last request: 38.912202 seconds.
  path: Assets/Scripts/ControlliGiocatore.cs
  artifactKey: Guid(4e1f16b910a15a74d9fb396acbf0e9fd) Importer(2089858483,0ecaa5967403d082aa24f35e1b516d23)
Start importing Assets/Scripts/ControlliGiocatore.cs using Guid(4e1f16b910a15a74d9fb396acbf0e9fd) Importer(2089858483,0ecaa5967403d082aa24f35e1b516d23) [PhysX] Initialized MultithreadedTaskDispatcher with 8 workers.
 -> (artifact id: '77cd9062b5f18ea40536553fd53d915b') in 0.020442 seconds
Number of updated asset objects reloaded before import = 0
Number of asset objects unloaded after import = 1
========================================================================
Received Prepare
Caller must complete domain reload
Begin MonoManager ReloadAssembly
- Loaded All Assemblies, in  1.149 seconds
Native extension for WindowsStandalone target not found
Mono: successfully reloaded assembly
- Finished resetting the current domain, in  3.783 seconds
Domain Reload Profiling: 4921ms
	BeginReloadAssembly (359ms)
		ExecutionOrderSort (0ms)
		DisableScriptedObjects (25ms)
		BackupInstance (0ms)
		ReleaseScriptingObjects (0ms)
		CreateAndSetChildDomain (88ms)
	RebuildCommonClasses (64ms)
	RebuildNativeTypeToScriptingClass (17ms)
	initialDomainReloadingComplete (49ms)
	LoadAllAssembliesAndSetupDomain (649ms)
		LoadAssemblies (747ms)
		RebuildTransferFunctionScriptingTraits (0ms)
		AnalyzeDomain (100ms)
			TypeCache.Refresh (15ms)
				TypeCache.ScanAssembly (0ms)
			ScanForSourceGeneratedMonoScriptInfo (56ms)
			ResolveRequiredComponents (27ms)
	FinalizeReload (3783ms)
		ReleaseScriptCaches (0ms)
		RebuildScriptCaches (0ms)
		SetupLoadedEditorAssemblies (1253ms)
			LogAssemblyErrors (0ms)
			InitializePlatformSupportModulesInManaged (18ms)
			SetLoadedEditorAssemblies (16ms)
			RefreshPlugins (0ms)
			BeforeProcessingInitializeOnLoad (336ms)
			ProcessInitializeOnLoadAttributes (744ms)
			ProcessInitializeOnLoadMethodAttributes (134ms)
			AfterProcessingInitializeOnLoad (4ms)
			EditorAssembliesLoaded (1ms)
		ExecutionOrderSort2 (0ms)
		AwakeInstancesAfterBackupRestoration (24ms)
Shader Hidden/ProbeVolume/VoxelizeScene is not supported: GPU does not support conservative rasterization
Shader Hidden/ProbeVolume/VoxelizeScene is not supported: GPU does not support conservative rasterization
Refreshing native plugins compatible for Editor in 14.58 ms, found 4 plugins.
Preloading 0 native plugins for Editor in 0.00 ms.
Unloading 5532 Unused Serialized files (Serialized files now loaded: 0)
Unloading 62 unused Assets / (3.5 MB). Loaded Objects now: 6254.
Memory consumption went from 202.7 MB to 199.2 MB.
Total: 9.071400 ms (FindLiveObjects: 0.702300 ms CreateObjectMapping: 0.473000 ms MarkObjects: 5.060900 ms  DeleteObjects: 2.833200 ms)

Prepare: number of updated asset objects reloaded= 0
AssetImportParameters requested are different than current active one (requested -> active):
  custom:container-demuxer-ogg: 62fdf1f143b41e24485cea50d1cbac27 -> 
  custom:video-codec-MediaFoundation-h265: 746d11721c4dcdbdad8f713fa42b33f4 -> 
  custom:video-decoder-ogg-theora: a1e56fd34408186e4bbccfd4996cb3dc -> 
  custom:framework-win-MediaFoundation: 216162199b28c13a410421893ffa2e32 -> 
  custom:scripting/monoscript/fileName/Zone_Transition.cs: 7abcaa9ec662674794f40550db270ed6 -> 
  custom:CustomObjectIndexerAttribute: 72b91833f83ae208fae7752999fa3104 -> 
  custom:scripting/monoscript/fileName/background.cs: 26992a202a4f804f0e1e2bc2100b7527 -> 
  custom:container-demuxer-webm: 4f35f7cbe854078d1ac9338744f61a02 -> 
  custom:container-muxer-webm: aa71ff27fc2769a1b78a27578f13a17b -> 
  custom:video-decoder-webm-vp8: 9c59270c3fd7afecdb556c50c9e8de78 -> 
  custom:scripting/monoscript/fileName/BiomeManager.cs: 8d35c78ac6eda6663d4d8bef70af112d -> 
  custom:SearchIndexIgnoredProperties: e643bd26f0fe6173181afceb89e7c659 -> 
  custom:AudioImporter_EditorPlatform: d09bf68614088b80899f8185d706f6e7 -> 
  custom:video-encoder-webm-vp8: eb34c28f22e8b96e1ab97ce403110664 -> 
  custom:audio-decoder-ogg-vorbis: bf7c407c2cedff20999df2af8eb42d56 -> 
  custom:scripting/monoscript/fileName/ParallaxBG.cs: 60f35dee57f29e937f9a172bd291a113 -> 
  custom:audio-encoder-webm-vorbis: bf7c407c2cedff20999df2af8eb42d56 -> 
  custom:scripting/precompiled-assembly-types:Assembly-CSharp: b536514e6f9c2b989c72987a37bf4607 -> 7ab51b2ff1f6fd329de154d611ee96e1
========================================================================
Received Prepare
Caller must complete domain reload
Begin MonoManager ReloadAssembly
- Loaded All Assemblies, in  1.202 seconds
Native extension for WindowsStandalone target not found
Mono: successfully reloaded assembly
- Finished resetting the current domain, in  3.891 seconds
Domain Reload Profiling: 5028ms
	BeginReloadAssembly (342ms)
		ExecutionOrderSort (0ms)
		DisableScriptedObjects (26ms)
		BackupInstance (0ms)
		ReleaseScriptingObjects (0ms)
		CreateAndSetChildDomain (60ms)
	RebuildCommonClasses (89ms)
	RebuildNativeTypeToScriptingClass (22ms)
	initialDomainReloadingComplete (64ms)
	LoadAllAssembliesAndSetupDomain (620ms)
		LoadAssemblies (792ms)
		RebuildTransferFunctionScriptingTraits (0ms)
		AnalyzeDomain (33ms)
			TypeCache.Refresh (8ms)
				TypeCache.ScanAssembly (0ms)
			ScanForSourceGeneratedMonoScriptInfo (1ms)
			ResolveRequiredComponents (23ms)
	FinalizeReload (3892ms)
		ReleaseScriptCaches (0ms)
		RebuildScriptCaches (0ms)
		SetupLoadedEditorAssemblies (1382ms)
			LogAssemblyErrors (0ms)
			InitializePlatformSupportModulesInManaged (13ms)
			SetLoadedEditorAssemblies (11ms)
			RefreshPlugins (0ms)
			BeforeProcessingInitializeOnLoad (357ms)
			ProcessInitializeOnLoadAttributes (822ms)
			ProcessInitializeOnLoadMethodAttributes (173ms)
			AfterProcessingInitializeOnLoad (5ms)
			EditorAssembliesLoaded (0ms)
		ExecutionOrderSort2 (0ms)
		AwakeInstancesAfterBackupRestoration (33ms)
Shader Hidden/ProbeVolume/VoxelizeScene is not supported: GPU does not support conservative rasterization
Shader Hidden/ProbeVolume/VoxelizeScene is not supported: GPU does not support conservative rasterization
Refreshing native plugins compatible for Editor in 19.31 ms, found 4 plugins.
Preloading 0 native plugins for Editor in 0.00 ms.
Unloading 5532 Unused Serialized files (Serialized files now loaded: 0)
Unloading 62 unused Assets / (3.5 MB). Loaded Objects now: 6259.
Memory consumption went from 202.7 MB to 199.2 MB.
Total: 11.370800 ms (FindLiveObjects: 1.275400 ms CreateObjectMapping: 1.666100 ms MarkObjects: 5.942600 ms  DeleteObjects: 2.484700 ms)

Prepare: number of updated asset objects reloaded= 0
AssetImportParameters requested are different than current active one (requested -> active):
  custom:container-demuxer-ogg: 62fdf1f143b41e24485cea50d1cbac27 -> 
  custom:video-codec-MediaFoundation-h265: 746d11721c4dcdbdad8f713fa42b33f4 -> 
  custom:video-decoder-ogg-theora: a1e56fd34408186e4bbccfd4996cb3dc -> 
  custom:framework-win-MediaFoundation: 216162199b28c13a410421893ffa2e32 -> 
  custom:scripting/monoscript/fileName/Zone_Transition.cs: 7abcaa9ec662674794f40550db270ed6 -> 
  custom:CustomObjectIndexerAttribute: 72b91833f83ae208fae7752999fa3104 -> 
  custom:scripting/monoscript/fileName/background.cs: 26992a202a4f804f0e1e2bc2100b7527 -> 
  custom:container-demuxer-webm: 4f35f7cbe854078d1ac9338744f61a02 -> 
  custom:container-muxer-webm: aa71ff27fc2769a1b78a27578f13a17b -> 
  custom:video-decoder-webm-vp8: 9c59270c3fd7afecdb556c50c9e8de78 -> 
  custom:scripting/monoscript/fileName/BiomeManager.cs: 8d35c78ac6eda6663d4d8bef70af112d -> 
  custom:SearchIndexIgnoredProperties: e643bd26f0fe6173181afceb89e7c659 -> 
  custom:AudioImporter_EditorPlatform: d09bf68614088b80899f8185d706f6e7 -> 
  custom:video-encoder-webm-vp8: eb34c28f22e8b96e1ab97ce403110664 -> 
  custom:audio-decoder-ogg-vorbis: bf7c407c2cedff20999df2af8eb42d56 -> 
  custom:scripting/monoscript/fileName/ParallaxBG.cs: 60f35dee57f29e937f9a172bd291a113 -> 
  custom:audio-encoder-webm-vorbis: bf7c407c2cedff20999df2af8eb42d56 -> 
  custom:scripting/precompiled-assembly-types:Assembly-CSharp: b536514e6f9c2b989c72987a37bf4607 -> 7ab51b2ff1f6fd329de154d611ee96e1
========================================================================
Received Prepare
Caller must complete domain reload
Begin MonoManager ReloadAssembly
- Loaded All Assemblies, in  1.347 seconds
Native extension for WindowsStandalone target not found
Mono: successfully reloaded assembly
- Finished resetting the current domain, in  3.298 seconds
Domain Reload Profiling: 4636ms
	BeginReloadAssembly (373ms)
		ExecutionOrderSort (0ms)
		DisableScriptedObjects (22ms)
		BackupInstance (0ms)
		ReleaseScriptingObjects (0ms)
		CreateAndSetChildDomain (76ms)
	RebuildCommonClasses (83ms)
	RebuildNativeTypeToScriptingClass (21ms)
	initialDomainReloadingComplete (63ms)
	LoadAllAssembliesAndSetupDomain (798ms)
		LoadAssemblies (937ms)
		RebuildTransferFunctionScriptingTraits (0ms)
		AnalyzeDomain (82ms)
			TypeCache.Refresh (17ms)
				TypeCache.ScanAssembly (1ms)
			ScanForSourceGeneratedMonoScriptInfo (46ms)
			ResolveRequiredComponents (18ms)
	FinalizeReload (3299ms)
		ReleaseScriptCaches (0ms)
		RebuildScriptCaches (0ms)
		SetupLoadedEditorAssemblies (1149ms)
			LogAssemblyErrors (0ms)
			InitializePlatformSupportModulesInManaged (12ms)
			SetLoadedEditorAssemblies (9ms)
			RefreshPlugins (0ms)
			BeforeProcessingInitializeOnLoad (306ms)
			ProcessInitializeOnLoadAttributes (679ms)
			ProcessInitializeOnLoadMethodAttributes (136ms)
			AfterProcessingInitializeOnLoad (6ms)
			EditorAssembliesLoaded (0ms)
		ExecutionOrderSort2 (0ms)
		AwakeInstancesAfterBackupRestoration (29ms)
Shader Hidden/ProbeVolume/VoxelizeScene is not supported: GPU does not support conservative rasterization
Shader Hidden/ProbeVolume/VoxelizeScene is not supported: GPU does not support conservative rasterization
Refreshing native plugins compatible for Editor in 18.04 ms, found 4 plugins.
Preloading 0 native plugins for Editor in 0.00 ms.
Unloading 5532 Unused Serialized files (Serialized files now loaded: 0)
Unloading 62 unused Assets / (3.6 MB). Loaded Objects now: 6264.
Memory consumption went from 202.7 MB to 199.1 MB.
Total: 9.464200 ms (FindLiveObjects: 0.642300 ms CreateObjectMapping: 0.472600 ms MarkObjects: 4.774200 ms  DeleteObjects: 3.573100 ms)

Prepare: number of updated asset objects reloaded= 0
AssetImportParameters requested are different than current active one (requested -> active):
  custom:container-demuxer-ogg: 62fdf1f143b41e24485cea50d1cbac27 -> 
  custom:video-codec-MediaFoundation-h265: 746d11721c4dcdbdad8f713fa42b33f4 -> 
  custom:video-decoder-ogg-theora: a1e56fd34408186e4bbccfd4996cb3dc -> 
  custom:framework-win-MediaFoundation: 216162199b28c13a410421893ffa2e32 -> 
  custom:scripting/monoscript/fileName/Zone_Transition.cs: 7abcaa9ec662674794f40550db270ed6 -> 
  custom:CustomObjectIndexerAttribute: 72b91833f83ae208fae7752999fa3104 -> 
  custom:scripting/monoscript/fileName/background.cs: 26992a202a4f804f0e1e2bc2100b7527 -> 
  custom:container-demuxer-webm: 4f35f7cbe854078d1ac9338744f61a02 -> 
  custom:container-muxer-webm: aa71ff27fc2769a1b78a27578f13a17b -> 
  custom:video-decoder-webm-vp8: 9c59270c3fd7afecdb556c50c9e8de78 -> 
  custom:scripting/monoscript/fileName/BiomeManager.cs: 8d35c78ac6eda6663d4d8bef70af112d -> 
  custom:SearchIndexIgnoredProperties: e643bd26f0fe6173181afceb89e7c659 -> 
  custom:AudioImporter_EditorPlatform: d09bf68614088b80899f8185d706f6e7 -> 
  custom:video-encoder-webm-vp8: eb34c28f22e8b96e1ab97ce403110664 -> 
  custom:audio-decoder-ogg-vorbis: bf7c407c2cedff20999df2af8eb42d56 -> 
  custom:scripting/monoscript/fileName/ParallaxBG.cs: 60f35dee57f29e937f9a172bd291a113 -> 
  custom:audio-encoder-webm-vorbis: bf7c407c2cedff20999df2af8eb42d56 -> 
  custom:scripting/precompiled-assembly-types:Assembly-CSharp: b536514e6f9c2b989c72987a37bf4607 -> 7ab51b2ff1f6fd329de154d611ee96e1
========================================================================
Received Prepare
Caller must complete domain reload
Begin MonoManager ReloadAssembly
- Loaded All Assemblies, in  1.356 seconds
Native extension for WindowsStandalone target not found
Mono: successfully reloaded assembly
- Finished resetting the current domain, in  3.293 seconds
Domain Reload Profiling: 4641ms
	BeginReloadAssembly (346ms)
		ExecutionOrderSort (0ms)
		DisableScriptedObjects (26ms)
		BackupInstance (0ms)
		ReleaseScriptingObjects (0ms)
		CreateAndSetChildDomain (58ms)
	RebuildCommonClasses (112ms)
	RebuildNativeTypeToScriptingClass (29ms)
	initialDomainReloadingComplete (73ms)
	LoadAllAssembliesAndSetupDomain (786ms)
		LoadAssemblies (901ms)
		RebuildTransferFunctionScriptingTraits (0ms)
		AnalyzeDomain (97ms)
			TypeCache.Refresh (17ms)
				TypeCache.ScanAssembly (0ms)
			ScanForSourceGeneratedMonoScriptInfo (55ms)
			ResolveRequiredComponents (25ms)
	FinalizeReload (3295ms)
		ReleaseScriptCaches (0ms)
		RebuildScriptCaches (0ms)
		SetupLoadedEditorAssemblies (1300ms)
			LogAssemblyErrors (0ms)
			InitializePlatformSupportModulesInManaged (9ms)
			SetLoadedEditorAssemblies (9ms)
			RefreshPlugins (0ms)
			BeforeProcessingInitializeOnLoad (325ms)
			ProcessInitializeOnLoadAttributes (768ms)
			ProcessInitializeOnLoadMethodAttributes (184ms)
			AfterProcessingInitializeOnLoad (4ms)
			EditorAssembliesLoaded (1ms)
		ExecutionOrderSort2 (0ms)
		AwakeInstancesAfterBackupRestoration (26ms)
Shader Hidden/ProbeVolume/VoxelizeScene is not supported: GPU does not support conservative rasterization
Shader Hidden/ProbeVolume/VoxelizeScene is not supported: GPU does not support conservative rasterization
Refreshing native plugins compatible for Editor in 15.99 ms, found 4 plugins.
Preloading 0 native plugins for Editor in 0.00 ms.
Unloading 5532 Unused Serialized files (Serialized files now loaded: 0)
Unloading 62 unused Assets / (3.6 MB). Loaded Objects now: 6269.
Memory consumption went from 202.8 MB to 199.2 MB.
Total: 6.783500 ms (FindLiveObjects: 0.594000 ms CreateObjectMapping: 0.222400 ms MarkObjects: 3.905200 ms  DeleteObjects: 2.060500 ms)

Prepare: number of updated asset objects reloaded= 0
AssetImportParameters requested are different than current active one (requested -> active):
  custom:container-demuxer-ogg: 62fdf1f143b41e24485cea50d1cbac27 -> 
  custom:video-codec-MediaFoundation-h265: 746d11721c4dcdbdad8f713fa42b33f4 -> 
  custom:video-decoder-ogg-theora: a1e56fd34408186e4bbccfd4996cb3dc -> 
  custom:framework-win-MediaFoundation: 216162199b28c13a410421893ffa2e32 -> 
  custom:scripting/monoscript/fileName/Zone_Transition.cs: 7abcaa9ec662674794f40550db270ed6 -> 
  custom:CustomObjectIndexerAttribute: 72b91833f83ae208fae7752999fa3104 -> 
  custom:scripting/monoscript/fileName/background.cs: 26992a202a4f804f0e1e2bc2100b7527 -> 
  custom:container-demuxer-webm: 4f35f7cbe854078d1ac9338744f61a02 -> 
  custom:container-muxer-webm: aa71ff27fc2769a1b78a27578f13a17b -> 
  custom:video-decoder-webm-vp8: 9c59270c3fd7afecdb556c50c9e8de78 -> 
  custom:scripting/monoscript/fileName/BiomeManager.cs: 8d35c78ac6eda6663d4d8bef70af112d -> 
  custom:SearchIndexIgnoredProperties: e643bd26f0fe6173181afceb89e7c659 -> 
  custom:AudioImporter_EditorPlatform: d09bf68614088b80899f8185d706f6e7 -> 
  custom:video-encoder-webm-vp8: eb34c28f22e8b96e1ab97ce403110664 -> 
  custom:audio-decoder-ogg-vorbis: bf7c407c2cedff20999df2af8eb42d56 -> 
  custom:scripting/monoscript/fileName/ParallaxBG.cs: 60f35dee57f29e937f9a172bd291a113 -> 
  custom:audio-encoder-webm-vorbis: bf7c407c2cedff20999df2af8eb42d56 -> 
  custom:scripting/precompiled-assembly-types:Assembly-CSharp: b536514e6f9c2b989c72987a37bf4607 -> 7ab51b2ff1f6fd329de154d611ee96e1
========================================================================
Received Prepare
Caller must complete domain reload
Begin MonoManager ReloadAssembly
- Loaded All Assemblies, in  1.111 seconds
Native extension for WindowsStandalone target not found
Mono: successfully reloaded assembly
- Finished resetting the current domain, in  3.863 seconds
Domain Reload Profiling: 4964ms
	BeginReloadAssembly (344ms)
		ExecutionOrderSort (0ms)
		DisableScriptedObjects (30ms)
		BackupInstance (0ms)
		ReleaseScriptingObjects (0ms)
		CreateAndSetChildDomain (62ms)
	RebuildCommonClasses (69ms)
	RebuildNativeTypeToScriptingClass (22ms)
	initialDomainReloadingComplete (65ms)
	LoadAllAssembliesAndSetupDomain (600ms)
		LoadAssemblies (770ms)
		RebuildTransferFunctionScriptingTraits (0ms)
		AnalyzeDomain (28ms)
			TypeCache.Refresh (8ms)
				TypeCache.ScanAssembly (0ms)
			ScanForSourceGeneratedMonoScriptInfo (0ms)
			ResolveRequiredComponents (18ms)
	FinalizeReload (3863ms)
		ReleaseScriptCaches (0ms)
		RebuildScriptCaches (0ms)
		SetupLoadedEditorAssemblies (1428ms)
			LogAssemblyErrors (0ms)
			InitializePlatformSupportModulesInManaged (11ms)
			SetLoadedEditorAssemblies (12ms)
			RefreshPlugins (0ms)
			BeforeProcessingInitializeOnLoad (303ms)
			ProcessInitializeOnLoadAttributes (901ms)
			ProcessInitializeOnLoadMethodAttributes (196ms)
			AfterProcessingInitializeOnLoad (4ms)
			EditorAssembliesLoaded (1ms)
		ExecutionOrderSort2 (0ms)
		AwakeInstancesAfterBackupRestoration (34ms)
Shader Hidden/ProbeVolume/VoxelizeScene is not supported: GPU does not support conservative rasterization
Shader Hidden/ProbeVolume/VoxelizeScene is not supported: GPU does not support conservative rasterization
Refreshing native plugins compatible for Editor in 20.41 ms, found 4 plugins.
Preloading 0 native plugins for Editor in 0.00 ms.
Unloading 5532 Unused Serialized files (Serialized files now loaded: 0)
Unloading 62 unused Assets / (3.5 MB). Loaded Objects now: 6274.
Memory consumption went from 202.8 MB to 199.2 MB.
Total: 11.239200 ms (FindLiveObjects: 0.739300 ms CreateObjectMapping: 0.943600 ms MarkObjects: 6.403900 ms  DeleteObjects: 3.150700 ms)

Prepare: number of updated asset objects reloaded= 0
AssetImportParameters requested are different than current active one (requested -> active):
  custom:container-demuxer-ogg: 62fdf1f143b41e24485cea50d1cbac27 -> 
  custom:video-codec-MediaFoundation-h265: 746d11721c4dcdbdad8f713fa42b33f4 -> 
  custom:video-decoder-ogg-theora: a1e56fd34408186e4bbccfd4996cb3dc -> 
  custom:framework-win-MediaFoundation: 216162199b28c13a410421893ffa2e32 -> 
  custom:scripting/monoscript/fileName/Zone_Transition.cs: 7abcaa9ec662674794f40550db270ed6 -> 
  custom:CustomObjectIndexerAttribute: 72b91833f83ae208fae7752999fa3104 -> 
  custom:scripting/monoscript/fileName/background.cs: 26992a202a4f804f0e1e2bc2100b7527 -> 
  custom:container-demuxer-webm: 4f35f7cbe854078d1ac9338744f61a02 -> 
  custom:container-muxer-webm: aa71ff27fc2769a1b78a27578f13a17b -> 
  custom:video-decoder-webm-vp8: 9c59270c3fd7afecdb556c50c9e8de78 -> 
  custom:scripting/monoscript/fileName/BiomeManager.cs: 8d35c78ac6eda6663d4d8bef70af112d -> 
  custom:SearchIndexIgnoredProperties: e643bd26f0fe6173181afceb89e7c659 -> 
  custom:AudioImporter_EditorPlatform: d09bf68614088b80899f8185d706f6e7 -> 
  custom:video-encoder-webm-vp8: eb34c28f22e8b96e1ab97ce403110664 -> 
  custom:audio-decoder-ogg-vorbis: bf7c407c2cedff20999df2af8eb42d56 -> 
  custom:scripting/monoscript/fileName/ParallaxBG.cs: 60f35dee57f29e937f9a172bd291a113 -> 
  custom:audio-encoder-webm-vorbis: bf7c407c2cedff20999df2af8eb42d56 -> 
  custom:scripting/precompiled-assembly-types:Assembly-CSharp: b536514e6f9c2b989c72987a37bf4607 -> 7ab51b2ff1f6fd329de154d611ee96e1
========================================================================
Received Prepare
Caller must complete domain reload
Begin MonoManager ReloadAssembly
- Loaded All Assemblies, in  1.055 seconds
Native extension for WindowsStandalone target not found
Mono: successfully reloaded assembly
- Finished resetting the current domain, in  3.685 seconds
Domain Reload Profiling: 4733ms
	BeginReloadAssembly (314ms)
		ExecutionOrderSort (0ms)
		DisableScriptedObjects (26ms)
		BackupInstance (0ms)
		ReleaseScriptingObjects (0ms)
		CreateAndSetChildDomain (56ms)
	RebuildCommonClasses (69ms)
	RebuildNativeTypeToScriptingClass (23ms)
	initialDomainReloadingComplete (53ms)
	LoadAllAssembliesAndSetupDomain (587ms)
		LoadAssemblies (733ms)
		RebuildTransferFunctionScriptingTraits (0ms)
		AnalyzeDomain (37ms)
			TypeCache.Refresh (11ms)
				TypeCache.ScanAssembly (0ms)
			ScanForSourceGeneratedMonoScriptInfo (0ms)
			ResolveRequiredComponents (24ms)
	FinalizeReload (3686ms)
		ReleaseScriptCaches (0ms)
		RebuildScriptCaches (0ms)
		SetupLoadedEditorAssemblies (1398ms)
			LogAssemblyErrors (0ms)
			InitializePlatformSupportModulesInManaged (10ms)
			SetLoadedEditorAssemblies (8ms)
			RefreshPlugins (0ms)
			BeforeProcessingInitializeOnLoad (327ms)
			ProcessInitializeOnLoadAttributes (877ms)
			ProcessInitializeOnLoadMethodAttributes (169ms)
			AfterProcessingInitializeOnLoad (5ms)
			EditorAssembliesLoaded (1ms)
		ExecutionOrderSort2 (0ms)
		AwakeInstancesAfterBackupRestoration (27ms)
Shader Hidden/ProbeVolume/VoxelizeScene is not supported: GPU does not support conservative rasterization
Shader Hidden/ProbeVolume/VoxelizeScene is not supported: GPU does not support conservative rasterization
Refreshing native plugins compatible for Editor in 17.31 ms, found 4 plugins.
Preloading 0 native plugins for Editor in 0.00 ms.
Unloading 5532 Unused Serialized files (Serialized files now loaded: 0)
Unloading 62 unused Assets / (3.6 MB). Loaded Objects now: 6279.
Memory consumption went from 202.8 MB to 199.2 MB.
Total: 8.865800 ms (FindLiveObjects: 0.860400 ms CreateObjectMapping: 0.997100 ms MarkObjects: 4.011900 ms  DeleteObjects: 2.994800 ms)

Prepare: number of updated asset objects reloaded= 0
AssetImportParameters requested are different than current active one (requested -> active):
  custom:container-demuxer-ogg: 62fdf1f143b41e24485cea50d1cbac27 -> 
  custom:video-codec-MediaFoundation-h265: 746d11721c4dcdbdad8f713fa42b33f4 -> 
  custom:video-decoder-ogg-theora: a1e56fd34408186e4bbccfd4996cb3dc -> 
  custom:framework-win-MediaFoundation: 216162199b28c13a410421893ffa2e32 -> 
  custom:scripting/monoscript/fileName/Zone_Transition.cs: 7abcaa9ec662674794f40550db270ed6 -> 
  custom:CustomObjectIndexerAttribute: 72b91833f83ae208fae7752999fa3104 -> 
  custom:scripting/monoscript/fileName/background.cs: 26992a202a4f804f0e1e2bc2100b7527 -> 
  custom:container-demuxer-webm: 4f35f7cbe854078d1ac9338744f61a02 -> 
  custom:container-muxer-webm: aa71ff27fc2769a1b78a27578f13a17b -> 
  custom:video-decoder-webm-vp8: 9c59270c3fd7afecdb556c50c9e8de78 -> 
  custom:scripting/monoscript/fileName/BiomeManager.cs: 8d35c78ac6eda6663d4d8bef70af112d -> 
  custom:SearchIndexIgnoredProperties: e643bd26f0fe6173181afceb89e7c659 -> 
  custom:AudioImporter_EditorPlatform: d09bf68614088b80899f8185d706f6e7 -> 
  custom:video-encoder-webm-vp8: eb34c28f22e8b96e1ab97ce403110664 -> 
  custom:audio-decoder-ogg-vorbis: bf7c407c2cedff20999df2af8eb42d56 -> 
  custom:scripting/monoscript/fileName/ParallaxBG.cs: 60f35dee57f29e937f9a172bd291a113 -> 
  custom:audio-encoder-webm-vorbis: bf7c407c2cedff20999df2af8eb42d56 -> 
  custom:scripting/precompiled-assembly-types:Assembly-CSharp: b536514e6f9c2b989c72987a37bf4607 -> 7ab51b2ff1f6fd329de154d611ee96e1
========================================================================
Received Prepare
Caller must complete domain reload
Begin MonoManager ReloadAssembly
- Loaded All Assemblies, in  1.258 seconds
Native extension for WindowsStandalone target not found
Mono: successfully reloaded assembly
- Finished resetting the current domain, in  3.472 seconds
Domain Reload Profiling: 4723ms
	BeginReloadAssembly (392ms)
		ExecutionOrderSort (0ms)
		DisableScriptedObjects (25ms)
		BackupInstance (0ms)
		ReleaseScriptingObjects (0ms)
		CreateAndSetChildDomain (65ms)
	RebuildCommonClasses (67ms)
	RebuildNativeTypeToScriptingClass (24ms)
	initialDomainReloadingComplete (59ms)
	LoadAllAssembliesAndSetupDomain (707ms)
		LoadAssemblies (833ms)
		RebuildTransferFunctionScriptingTraits (0ms)
		AnalyzeDomain (109ms)
			TypeCache.Refresh (17ms)
				TypeCache.ScanAssembly (1ms)
			ScanForSourceGeneratedMonoScriptInfo (59ms)
			ResolveRequiredComponents (31ms)
	FinalizeReload (3474ms)
		ReleaseScriptCaches (0ms)
		RebuildScriptCaches (0ms)
		SetupLoadedEditorAssemblies (1227ms)
			LogAssemblyErrors (0ms)
			InitializePlatformSupportModulesInManaged (13ms)
			SetLoadedEditorAssemblies (11ms)
			RefreshPlugins (0ms)
			BeforeProcessingInitializeOnLoad (324ms)
			ProcessInitializeOnLoadAttributes (732ms)
			ProcessInitializeOnLoadMethodAttributes (141ms)
			AfterProcessingInitializeOnLoad (5ms)
			EditorAssembliesLoaded (1ms)
		ExecutionOrderSort2 (0ms)
		AwakeInstancesAfterBackupRestoration (24ms)
Shader Hidden/ProbeVolume/VoxelizeScene is not supported: GPU does not support conservative rasterization
Shader Hidden/ProbeVolume/VoxelizeScene is not supported: GPU does not support conservative rasterization
Refreshing native plugins compatible for Editor in 17.05 ms, found 4 plugins.
Preloading 0 native plugins for Editor in 0.00 ms.
Unloading 5532 Unused Serialized files (Serialized files now loaded: 0)
Unloading 62 unused Assets / (3.6 MB). Loaded Objects now: 6284.
Memory consumption went from 202.8 MB to 199.2 MB.
Total: 8.168500 ms (FindLiveObjects: 0.636800 ms CreateObjectMapping: 0.378300 ms MarkObjects: 4.353600 ms  DeleteObjects: 2.797800 ms)

Prepare: number of updated asset objects reloaded= 0
AssetImportParameters requested are different than current active one (requested -> active):
  custom:container-demuxer-ogg: 62fdf1f143b41e24485cea50d1cbac27 -> 
  custom:video-codec-MediaFoundation-h265: 746d11721c4dcdbdad8f713fa42b33f4 -> 
  custom:video-decoder-ogg-theora: a1e56fd34408186e4bbccfd4996cb3dc -> 
  custom:framework-win-MediaFoundation: 216162199b28c13a410421893ffa2e32 -> 
  custom:scripting/monoscript/fileName/Zone_Transition.cs: 7abcaa9ec662674794f40550db270ed6 -> 
  custom:CustomObjectIndexerAttribute: 72b91833f83ae208fae7752999fa3104 -> 
  custom:scripting/monoscript/fileName/background.cs: 26992a202a4f804f0e1e2bc2100b7527 -> 
  custom:container-demuxer-webm: 4f35f7cbe854078d1ac9338744f61a02 -> 
  custom:container-muxer-webm: aa71ff27fc2769a1b78a27578f13a17b -> 
  custom:video-decoder-webm-vp8: 9c59270c3fd7afecdb556c50c9e8de78 -> 
  custom:scripting/monoscript/fileName/BiomeManager.cs: 8d35c78ac6eda6663d4d8bef70af112d -> 
  custom:SearchIndexIgnoredProperties: e643bd26f0fe6173181afceb89e7c659 -> 
  custom:AudioImporter_EditorPlatform: d09bf68614088b80899f8185d706f6e7 -> 
  custom:video-encoder-webm-vp8: eb34c28f22e8b96e1ab97ce403110664 -> 
  custom:audio-decoder-ogg-vorbis: bf7c407c2cedff20999df2af8eb42d56 -> 
  custom:scripting/monoscript/fileName/ParallaxBG.cs: 60f35dee57f29e937f9a172bd291a113 -> 
  custom:audio-encoder-webm-vorbis: bf7c407c2cedff20999df2af8eb42d56 -> 
  custom:scripting/precompiled-assembly-types:Assembly-CSharp: b536514e6f9c2b989c72987a37bf4607 -> 7ab51b2ff1f6fd329de154d611ee96e1
========================================================================
Received Prepare
Caller must complete domain reload
Begin MonoManager ReloadAssembly
- Loaded All Assemblies, in  1.118 seconds
Native extension for WindowsStandalone target not found
Mono: successfully reloaded assembly
- Finished resetting the current domain, in  3.974 seconds
Domain Reload Profiling: 5082ms
	BeginReloadAssembly (336ms)
		ExecutionOrderSort (0ms)
		DisableScriptedObjects (25ms)
		BackupInstance (0ms)
		ReleaseScriptingObjects (0ms)
		CreateAndSetChildDomain (61ms)
	RebuildCommonClasses (64ms)
	RebuildNativeTypeToScriptingClass (20ms)
	initialDomainReloadingComplete (55ms)
	LoadAllAssembliesAndSetupDomain (631ms)
		LoadAssemblies (787ms)
		RebuildTransferFunctionScriptingTraits (0ms)
		AnalyzeDomain (42ms)
			TypeCache.Refresh (10ms)
				TypeCache.ScanAssembly (0ms)
			ScanForSourceGeneratedMonoScriptInfo (0ms)
			ResolveRequiredComponents (29ms)
	FinalizeReload (3975ms)
		ReleaseScriptCaches (0ms)
		RebuildScriptCaches (0ms)
		SetupLoadedEditorAssemblies (1457ms)
			LogAssemblyErrors (0ms)
			InitializePlatformSupportModulesInManaged (14ms)
			SetLoadedEditorAssemblies (14ms)
			RefreshPlugins (0ms)
			BeforeProcessingInitializeOnLoad (368ms)
			ProcessInitializeOnLoadAttributes (881ms)
			ProcessInitializeOnLoadMethodAttributes (176ms)
			AfterProcessingInitializeOnLoad (4ms)
			EditorAssembliesLoaded (1ms)
		ExecutionOrderSort2 (0ms)
		AwakeInstancesAfterBackupRestoration (31ms)
Shader Hidden/ProbeVolume/VoxelizeScene is not supported: GPU does not support conservative rasterization
Shader Hidden/ProbeVolume/VoxelizeScene is not supported: GPU does not support conservative rasterization
Refreshing native plugins compatible for Editor in 21.24 ms, found 4 plugins.
Preloading 0 native plugins for Editor in 0.00 ms.
Unloading 5532 Unused Serialized files (Serialized files now loaded: 0)
Unloading 62 unused Assets / (3.5 MB). Loaded Objects now: 6289.
Memory consumption went from 202.7 MB to 199.2 MB.
Total: 8.710800 ms (FindLiveObjects: 0.686100 ms CreateObjectMapping: 0.708300 ms MarkObjects: 5.150000 ms  DeleteObjects: 2.164800 ms)

Prepare: number of updated asset objects reloaded= 0
AssetImportParameters requested are different than current active one (requested -> active):
  custom:container-demuxer-ogg: 62fdf1f143b41e24485cea50d1cbac27 -> 
  custom:video-codec-MediaFoundation-h265: 746d11721c4dcdbdad8f713fa42b33f4 -> 
  custom:video-decoder-ogg-theora: a1e56fd34408186e4bbccfd4996cb3dc -> 
  custom:framework-win-MediaFoundation: 216162199b28c13a410421893ffa2e32 -> 
  custom:scripting/monoscript/fileName/Zone_Transition.cs: 7abcaa9ec662674794f40550db270ed6 -> 
  custom:CustomObjectIndexerAttribute: 72b91833f83ae208fae7752999fa3104 -> 
  custom:scripting/monoscript/fileName/background.cs: 26992a202a4f804f0e1e2bc2100b7527 -> 
  custom:container-demuxer-webm: 4f35f7cbe854078d1ac9338744f61a02 -> 
  custom:container-muxer-webm: aa71ff27fc2769a1b78a27578f13a17b -> 
  custom:video-decoder-webm-vp8: 9c59270c3fd7afecdb556c50c9e8de78 -> 
  custom:scripting/monoscript/fileName/BiomeManager.cs: 8d35c78ac6eda6663d4d8bef70af112d -> 
  custom:SearchIndexIgnoredProperties: e643bd26f0fe6173181afceb89e7c659 -> 
  custom:AudioImporter_EditorPlatform: d09bf68614088b80899f8185d706f6e7 -> 
  custom:video-encoder-webm-vp8: eb34c28f22e8b96e1ab97ce403110664 -> 
  custom:audio-decoder-ogg-vorbis: bf7c407c2cedff20999df2af8eb42d56 -> 
  custom:scripting/monoscript/fileName/ParallaxBG.cs: 60f35dee57f29e937f9a172bd291a113 -> 
  custom:audio-encoder-webm-vorbis: bf7c407c2cedff20999df2af8eb42d56 -> 
  custom:scripting/precompiled-assembly-types:Assembly-CSharp: b536514e6f9c2b989c72987a37bf4607 -> 7ab51b2ff1f6fd329de154d611ee96e1
========================================================================
Received Prepare
Caller must complete domain reload
Begin MonoManager ReloadAssembly
- Loaded All Assemblies, in  1.350 seconds
Native extension for WindowsStandalone target not found
Mono: successfully reloaded assembly
- Finished resetting the current domain, in  3.454 seconds
Domain Reload Profiling: 4796ms
	BeginReloadAssembly (395ms)
		ExecutionOrderSort (0ms)
		DisableScriptedObjects (39ms)
		BackupInstance (0ms)
		ReleaseScriptingObjects (0ms)
		CreateAndSetChildDomain (75ms)
	RebuildCommonClasses (65ms)
	RebuildNativeTypeToScriptingClass (23ms)
	initialDomainReloadingComplete (55ms)
	LoadAllAssembliesAndSetupDomain (803ms)
		LoadAssemblies (944ms)
		RebuildTransferFunctionScriptingTraits (0ms)
		AnalyzeDomain (81ms)
			TypeCache.Refresh (14ms)
				TypeCache.ScanAssembly (0ms)
			ScanForSourceGeneratedMonoScriptInfo (43ms)
			ResolveRequiredComponents (22ms)
	FinalizeReload (3455ms)
		ReleaseScriptCaches (0ms)
		RebuildScriptCaches (0ms)
		SetupLoadedEditorAssemblies (1424ms)
			LogAssemblyErrors (0ms)
			InitializePlatformSupportModulesInManaged (13ms)
			SetLoadedEditorAssemblies (12ms)
			RefreshPlugins (0ms)
			BeforeProcessingInitializeOnLoad (464ms)
			ProcessInitializeOnLoadAttributes (753ms)
			ProcessInitializeOnLoadMethodAttributes (174ms)
			AfterProcessingInitializeOnLoad (7ms)
			EditorAssembliesLoaded (1ms)
		ExecutionOrderSort2 (0ms)
		AwakeInstancesAfterBackupRestoration (75ms)
Shader Hidden/ProbeVolume/VoxelizeScene is not supported: GPU does not support conservative rasterization
Shader Hidden/ProbeVolume/VoxelizeScene is not supported: GPU does not support conservative rasterization
Refreshing native plugins compatible for Editor in 19.95 ms, found 4 plugins.
Preloading 0 native plugins for Editor in 0.00 ms.
Unloading 5532 Unused Serialized files (Serialized files now loaded: 0)
Unloading 62 unused Assets / (3.6 MB). Loaded Objects now: 6294.
Memory consumption went from 202.8 MB to 199.2 MB.
Total: 7.927600 ms (FindLiveObjects: 0.649300 ms CreateObjectMapping: 0.788500 ms MarkObjects: 3.895200 ms  DeleteObjects: 2.592700 ms)

Prepare: number of updated asset objects reloaded= 0
AssetImportParameters requested are different than current active one (requested -> active):
  custom:container-demuxer-ogg: 62fdf1f143b41e24485cea50d1cbac27 -> 
  custom:video-codec-MediaFoundation-h265: 746d11721c4dcdbdad8f713fa42b33f4 -> 
  custom:video-decoder-ogg-theora: a1e56fd34408186e4bbccfd4996cb3dc -> 
  custom:framework-win-MediaFoundation: 216162199b28c13a410421893ffa2e32 -> 
  custom:scripting/monoscript/fileName/Zone_Transition.cs: 7abcaa9ec662674794f40550db270ed6 -> 
  custom:CustomObjectIndexerAttribute: 72b91833f83ae208fae7752999fa3104 -> 
  custom:scripting/monoscript/fileName/background.cs: 26992a202a4f804f0e1e2bc2100b7527 -> 
  custom:container-demuxer-webm: 4f35f7cbe854078d1ac9338744f61a02 -> 
  custom:container-muxer-webm: aa71ff27fc2769a1b78a27578f13a17b -> 
  custom:video-decoder-webm-vp8: 9c59270c3fd7afecdb556c50c9e8de78 -> 
  custom:scripting/monoscript/fileName/BiomeManager.cs: 8d35c78ac6eda6663d4d8bef70af112d -> 
  custom:SearchIndexIgnoredProperties: e643bd26f0fe6173181afceb89e7c659 -> 
  custom:AudioImporter_EditorPlatform: d09bf68614088b80899f8185d706f6e7 -> 
  custom:video-encoder-webm-vp8: eb34c28f22e8b96e1ab97ce403110664 -> 
  custom:audio-decoder-ogg-vorbis: bf7c407c2cedff20999df2af8eb42d56 -> 
  custom:scripting/monoscript/fileName/ParallaxBG.cs: 60f35dee57f29e937f9a172bd291a113 -> 
  custom:audio-encoder-webm-vorbis: bf7c407c2cedff20999df2af8eb42d56 -> 
  custom:scripting/precompiled-assembly-types:Assembly-CSharp: 0ea470ff82f302fc854413ef68cfd9e6 -> 7ab51b2ff1f6fd329de154d611ee96e1
========================================================================
Received Prepare
Caller must complete domain reload
Begin MonoManager ReloadAssembly
- Loaded All Assemblies, in  1.351 seconds
Native extension for WindowsStandalone target not found
Mono: successfully reloaded assembly
- Finished resetting the current domain, in  3.395 seconds
Domain Reload Profiling: 4737ms
	BeginReloadAssembly (320ms)
		ExecutionOrderSort (0ms)
		DisableScriptedObjects (23ms)
		BackupInstance (0ms)
		ReleaseScriptingObjects (0ms)
		CreateAndSetChildDomain (56ms)
	RebuildCommonClasses (76ms)
	RebuildNativeTypeToScriptingClass (21ms)
	initialDomainReloadingComplete (51ms)
	LoadAllAssembliesAndSetupDomain (873ms)
		LoadAssemblies (960ms)
		RebuildTransferFunctionScriptingTraits (0ms)
		AnalyzeDomain (100ms)
			TypeCache.Refresh (22ms)
				TypeCache.ScanAssembly (1ms)
			ScanForSourceGeneratedMonoScriptInfo (55ms)
			ResolveRequiredComponents (21ms)
	FinalizeReload (3396ms)
		ReleaseScriptCaches (0ms)
		RebuildScriptCaches (0ms)
		SetupLoadedEditorAssemblies (1290ms)
			LogAssemblyErrors (0ms)
			InitializePlatformSupportModulesInManaged (10ms)
			SetLoadedEditorAssemblies (12ms)
			RefreshPlugins (0ms)
			BeforeProcessingInitializeOnLoad (353ms)
			ProcessInitializeOnLoadAttributes (734ms)
			ProcessInitializeOnLoadMethodAttributes (175ms)
			AfterProcessingInitializeOnLoad (4ms)
			EditorAssembliesLoaded (1ms)
		ExecutionOrderSort2 (0ms)
		AwakeInstancesAfterBackupRestoration (28ms)
Shader Hidden/ProbeVolume/VoxelizeScene is not supported: GPU does not support conservative rasterization
Shader Hidden/ProbeVolume/VoxelizeScene is not supported: GPU does not support conservative rasterization
Refreshing native plugins compatible for Editor in 15.84 ms, found 4 plugins.
Preloading 0 native plugins for Editor in 0.00 ms.
Unloading 5532 Unused Serialized files (Serialized files now loaded: 0)
Unloading 62 unused Assets / (3.6 MB). Loaded Objects now: 6299.
Memory consumption went from 202.8 MB to 199.2 MB.
Total: 7.115300 ms (FindLiveObjects: 0.608400 ms CreateObjectMapping: 0.245500 ms MarkObjects: 3.871600 ms  DeleteObjects: 2.387800 ms)

Prepare: number of updated asset objects reloaded= 0
AssetImportParameters requested are different than current active one (requested -> active):
  custom:container-demuxer-ogg: 62fdf1f143b41e24485cea50d1cbac27 -> 
  custom:video-codec-MediaFoundation-h265: 746d11721c4dcdbdad8f713fa42b33f4 -> 
  custom:video-decoder-ogg-theora: a1e56fd34408186e4bbccfd4996cb3dc -> 
  custom:framework-win-MediaFoundation: 216162199b28c13a410421893ffa2e32 -> 
  custom:scripting/monoscript/fileName/Zone_Transition.cs: 7abcaa9ec662674794f40550db270ed6 -> 
  custom:CustomObjectIndexerAttribute: 72b91833f83ae208fae7752999fa3104 -> 
  custom:scripting/monoscript/fileName/background.cs: 26992a202a4f804f0e1e2bc2100b7527 -> 
  custom:container-demuxer-webm: 4f35f7cbe854078d1ac9338744f61a02 -> 
  custom:container-muxer-webm: aa71ff27fc2769a1b78a27578f13a17b -> 
  custom:video-decoder-webm-vp8: 9c59270c3fd7afecdb556c50c9e8de78 -> 
  custom:scripting/monoscript/fileName/BiomeManager.cs: 8d35c78ac6eda6663d4d8bef70af112d -> 
  custom:SearchIndexIgnoredProperties: e643bd26f0fe6173181afceb89e7c659 -> 
  custom:AudioImporter_EditorPlatform: d09bf68614088b80899f8185d706f6e7 -> 
  custom:video-encoder-webm-vp8: eb34c28f22e8b96e1ab97ce403110664 -> 
  custom:audio-decoder-ogg-vorbis: bf7c407c2cedff20999df2af8eb42d56 -> 
  custom:scripting/monoscript/fileName/ParallaxBG.cs: 60f35dee57f29e937f9a172bd291a113 -> 
  custom:audio-encoder-webm-vorbis: bf7c407c2cedff20999df2af8eb42d56 -> 
  custom:scripting/precompiled-assembly-types:Assembly-CSharp: 0ea470ff82f302fc854413ef68cfd9e6 -> 7ab51b2ff1f6fd329de154d611ee96e1
========================================================================
Received Prepare
Caller must complete domain reload
Begin MonoManager ReloadAssembly
- Loaded All Assemblies, in  1.307 seconds
Native extension for WindowsStandalone target not found
Mono: successfully reloaded assembly
- Finished resetting the current domain, in  3.195 seconds
Domain Reload Profiling: 4493ms
	BeginReloadAssembly (367ms)
		ExecutionOrderSort (0ms)
		DisableScriptedObjects (26ms)
		BackupInstance (0ms)
		ReleaseScriptingObjects (0ms)
		CreateAndSetChildDomain (60ms)
	RebuildCommonClasses (75ms)
	RebuildNativeTypeToScriptingClass (27ms)
	initialDomainReloadingComplete (62ms)
	LoadAllAssembliesAndSetupDomain (766ms)
		LoadAssemblies (878ms)
		RebuildTransferFunctionScriptingTraits (0ms)
		AnalyzeDomain (119ms)
			TypeCache.Refresh (19ms)
				TypeCache.ScanAssembly (0ms)
			ScanForSourceGeneratedMonoScriptInfo (57ms)
			ResolveRequiredComponents (41ms)
	FinalizeReload (3196ms)
		ReleaseScriptCaches (0ms)
		RebuildScriptCaches (0ms)
		SetupLoadedEditorAssemblies (1289ms)
			LogAssemblyErrors (0ms)
			InitializePlatformSupportModulesInManaged (10ms)
			SetLoadedEditorAssemblies (10ms)
			RefreshPlugins (0ms)
			BeforeProcessingInitializeOnLoad (273ms)
			ProcessInitializeOnLoadAttributes (808ms)
			ProcessInitializeOnLoadMethodAttributes (182ms)
			AfterProcessingInitializeOnLoad (5ms)
			EditorAssembliesLoaded (0ms)
		ExecutionOrderSort2 (0ms)
		AwakeInstancesAfterBackupRestoration (30ms)
Shader Hidden/ProbeVolume/VoxelizeScene is not supported: GPU does not support conservative rasterization
Shader Hidden/ProbeVolume/VoxelizeScene is not supported: GPU does not support conservative rasterization
Refreshing native plugins compatible for Editor in 15.79 ms, found 4 plugins.
Preloading 0 native plugins for Editor in 0.00 ms.
Unloading 5532 Unused Serialized files (Serialized files now loaded: 0)
Unloading 62 unused Assets / (3.6 MB). Loaded Objects now: 6304.
Memory consumption went from 202.8 MB to 199.3 MB.
Total: 6.763000 ms (FindLiveObjects: 0.635600 ms CreateObjectMapping: 0.306300 ms MarkObjects: 3.408700 ms  DeleteObjects: 2.411100 ms)

Prepare: number of updated asset objects reloaded= 0
AssetImportParameters requested are different than current active one (requested -> active):
  custom:container-demuxer-ogg: 62fdf1f143b41e24485cea50d1cbac27 -> 
  custom:video-codec-MediaFoundation-h265: 746d11721c4dcdbdad8f713fa42b33f4 -> 
  custom:video-decoder-ogg-theora: a1e56fd34408186e4bbccfd4996cb3dc -> 
  custom:framework-win-MediaFoundation: 216162199b28c13a410421893ffa2e32 -> 
  custom:scripting/monoscript/fileName/Zone_Transition.cs: 7abcaa9ec662674794f40550db270ed6 -> 
  custom:CustomObjectIndexerAttribute: 72b91833f83ae208fae7752999fa3104 -> 
  custom:scripting/monoscript/fileName/background.cs: 26992a202a4f804f0e1e2bc2100b7527 -> 
  custom:container-demuxer-webm: 4f35f7cbe854078d1ac9338744f61a02 -> 
  custom:container-muxer-webm: aa71ff27fc2769a1b78a27578f13a17b -> 
  custom:video-decoder-webm-vp8: 9c59270c3fd7afecdb556c50c9e8de78 -> 
  custom:scripting/monoscript/fileName/BiomeManager.cs: 8d35c78ac6eda6663d4d8bef70af112d -> 
  custom:SearchIndexIgnoredProperties: e643bd26f0fe6173181afceb89e7c659 -> 
  custom:AudioImporter_EditorPlatform: d09bf68614088b80899f8185d706f6e7 -> 
  custom:video-encoder-webm-vp8: eb34c28f22e8b96e1ab97ce403110664 -> 
  custom:audio-decoder-ogg-vorbis: bf7c407c2cedff20999df2af8eb42d56 -> 
  custom:scripting/monoscript/fileName/ParallaxBG.cs: 60f35dee57f29e937f9a172bd291a113 -> 
  custom:audio-encoder-webm-vorbis: bf7c407c2cedff20999df2af8eb42d56 -> 
  custom:scripting/precompiled-assembly-types:Assembly-CSharp: 0ea470ff82f302fc854413ef68cfd9e6 -> 7ab51b2ff1f6fd329de154d611ee96e1
========================================================================
Received Prepare
Caller must complete domain reload
Begin MonoManager ReloadAssembly
- Loaded All Assemblies, in  1.373 seconds
Native extension for WindowsStandalone target not found
Mono: successfully reloaded assembly
- Finished resetting the current domain, in  4.967 seconds
Domain Reload Profiling: 6330ms
	BeginReloadAssembly (391ms)
		ExecutionOrderSort (0ms)
		DisableScriptedObjects (31ms)
		BackupInstance (0ms)
		ReleaseScriptingObjects (0ms)
		CreateAndSetChildDomain (68ms)
	RebuildCommonClasses (78ms)
	RebuildNativeTypeToScriptingClass (20ms)
	initialDomainReloadingComplete (56ms)
	LoadAllAssembliesAndSetupDomain (816ms)
		LoadAssemblies (934ms)
		RebuildTransferFunctionScriptingTraits (0ms)
		AnalyzeDomain (104ms)
			TypeCache.Refresh (25ms)
				TypeCache.ScanAssembly (1ms)
			ScanForSourceGeneratedMonoScriptInfo (51ms)
			ResolveRequiredComponents (26ms)
	FinalizeReload (4968ms)
		ReleaseScriptCaches (0ms)
		RebuildScriptCaches (0ms)
		SetupLoadedEditorAssemblies (2005ms)
			LogAssemblyErrors (0ms)
			InitializePlatformSupportModulesInManaged (16ms)
			SetLoadedEditorAssemblies (14ms)
			RefreshPlugins (0ms)
			BeforeProcessingInitializeOnLoad (1028ms)
			ProcessInitializeOnLoadAttributes (796ms)
			ProcessInitializeOnLoadMethodAttributes (146ms)
			AfterProcessingInitializeOnLoad (5ms)
			EditorAssembliesLoaded (1ms)
		ExecutionOrderSort2 (0ms)
		AwakeInstancesAfterBackupRestoration (27ms)
Script is not up to date after domain reload: guid(4e1f16b910a15a74d9fb396acbf0e9fd) path("Assets/Scripts/ControlliGiocatore.cs") state(2)
Shader Hidden/ProbeVolume/VoxelizeScene is not supported: GPU does not support conservative rasterization
Shader Hidden/ProbeVolume/VoxelizeScene is not supported: GPU does not support conservative rasterization
Refreshing native plugins compatible for Editor in 19.51 ms, found 4 plugins.
Preloading 0 native plugins for Editor in 0.00 ms.
Unloading 5531 Unused Serialized files (Serialized files now loaded: 0)
Unloading 62 unused Assets / (3.6 MB). Loaded Objects now: 6308.
Memory consumption went from 202.8 MB to 199.2 MB.
Total: 9.668900 ms (FindLiveObjects: 0.613600 ms CreateObjectMapping: 0.438000 ms MarkObjects: 5.830400 ms  DeleteObjects: 2.785200 ms)

Prepare: number of updated asset objects reloaded= 0
AssetImportParameters requested are different than current active one (requested -> active):
  custom:container-demuxer-ogg: 62fdf1f143b41e24485cea50d1cbac27 -> 
  custom:video-codec-MediaFoundation-h265: 746d11721c4dcdbdad8f713fa42b33f4 -> 
  custom:video-decoder-ogg-theora: a1e56fd34408186e4bbccfd4996cb3dc -> 
  custom:framework-win-MediaFoundation: 216162199b28c13a410421893ffa2e32 -> 
  custom:scripting/monoscript/fileName/Zone_Transition.cs: 7abcaa9ec662674794f40550db270ed6 -> 
  custom:CustomObjectIndexerAttribute: 72b91833f83ae208fae7752999fa3104 -> 
  custom:scripting/monoscript/fileName/background.cs: 26992a202a4f804f0e1e2bc2100b7527 -> 
  custom:container-demuxer-webm: 4f35f7cbe854078d1ac9338744f61a02 -> 
  custom:container-muxer-webm: aa71ff27fc2769a1b78a27578f13a17b -> 
  custom:video-decoder-webm-vp8: 9c59270c3fd7afecdb556c50c9e8de78 -> 
  custom:scripting/monoscript/fileName/BiomeManager.cs: 8d35c78ac6eda6663d4d8bef70af112d -> 
  custom:SearchIndexIgnoredProperties: e643bd26f0fe6173181afceb89e7c659 -> 
  custom:AudioImporter_EditorPlatform: d09bf68614088b80899f8185d706f6e7 -> 
  custom:video-encoder-webm-vp8: eb34c28f22e8b96e1ab97ce403110664 -> 
  custom:audio-decoder-ogg-vorbis: bf7c407c2cedff20999df2af8eb42d56 -> 
  custom:scripting/monoscript/fileName/ParallaxBG.cs: 60f35dee57f29e937f9a172bd291a113 -> 
  custom:audio-encoder-webm-vorbis: bf7c407c2cedff20999df2af8eb42d56 -> 
  custom:scripting/precompiled-assembly-types:Assembly-CSharp: 0ea470ff82f302fc854413ef68cfd9e6 -> 7ab51b2ff1f6fd329de154d611ee96e1
========================================================================
Received Prepare
Caller must complete domain reload
Begin MonoManager ReloadAssembly
- Loaded All Assemblies, in  1.125 seconds
Native extension for WindowsStandalone target not found
Mono: successfully reloaded assembly
- Finished resetting the current domain, in  3.462 seconds
Domain Reload Profiling: 4578ms
	BeginReloadAssembly (331ms)
		ExecutionOrderSort (0ms)
		DisableScriptedObjects (24ms)
		BackupInstance (0ms)
		ReleaseScriptingObjects (0ms)
		CreateAndSetChildDomain (62ms)
	RebuildCommonClasses (67ms)
	RebuildNativeTypeToScriptingClass (25ms)
	initialDomainReloadingComplete (50ms)
	LoadAllAssembliesAndSetupDomain (642ms)
		LoadAssemblies (742ms)
		RebuildTransferFunctionScriptingTraits (0ms)
		AnalyzeDomain (88ms)
			TypeCache.Refresh (16ms)
				TypeCache.ScanAssembly (0ms)
			ScanForSourceGeneratedMonoScriptInfo (52ms)
			ResolveRequiredComponents (18ms)
	FinalizeReload (3463ms)
		ReleaseScriptCaches (0ms)
		RebuildScriptCaches (0ms)
		SetupLoadedEditorAssemblies (1236ms)
			LogAssemblyErrors (0ms)
			InitializePlatformSupportModulesInManaged (10ms)
			SetLoadedEditorAssemblies (9ms)
			RefreshPlugins (0ms)
			BeforeProcessingInitializeOnLoad (276ms)
			ProcessInitializeOnLoadAttributes (789ms)
			ProcessInitializeOnLoadMethodAttributes (148ms)
			AfterProcessingInitializeOnLoad (5ms)
			EditorAssembliesLoaded (1ms)
		ExecutionOrderSort2 (0ms)
		AwakeInstancesAfterBackupRestoration (31ms)
Shader Hidden/ProbeVolume/VoxelizeScene is not supported: GPU does not support conservative rasterization
Shader Hidden/ProbeVolume/VoxelizeScene is not supported: GPU does not support conservative rasterization
Refreshing native plugins compatible for Editor in 14.93 ms, found 4 plugins.
Preloading 0 native plugins for Editor in 0.00 ms.
Unloading 5532 Unused Serialized files (Serialized files now loaded: 0)
Unloading 62 unused Assets / (3.5 MB). Loaded Objects now: 6314.
Memory consumption went from 202.7 MB to 199.2 MB.
Total: 7.468100 ms (FindLiveObjects: 0.727800 ms CreateObjectMapping: 0.447500 ms MarkObjects: 3.742500 ms  DeleteObjects: 2.548400 ms)

Prepare: number of updated asset objects reloaded= 0
AssetImportParameters requested are different than current active one (requested -> active):
  custom:container-demuxer-ogg: 62fdf1f143b41e24485cea50d1cbac27 -> 
  custom:video-codec-MediaFoundation-h265: 746d11721c4dcdbdad8f713fa42b33f4 -> 
  custom:video-decoder-ogg-theora: a1e56fd34408186e4bbccfd4996cb3dc -> 
  custom:framework-win-MediaFoundation: 216162199b28c13a410421893ffa2e32 -> 
  custom:scripting/monoscript/fileName/Zone_Transition.cs: 7abcaa9ec662674794f40550db270ed6 -> 
  custom:CustomObjectIndexerAttribute: 72b91833f83ae208fae7752999fa3104 -> 
  custom:scripting/monoscript/fileName/background.cs: 26992a202a4f804f0e1e2bc2100b7527 -> 
  custom:container-demuxer-webm: 4f35f7cbe854078d1ac9338744f61a02 -> 
  custom:container-muxer-webm: aa71ff27fc2769a1b78a27578f13a17b -> 
  custom:video-decoder-webm-vp8: 9c59270c3fd7afecdb556c50c9e8de78 -> 
  custom:scripting/monoscript/fileName/BiomeManager.cs: 8d35c78ac6eda6663d4d8bef70af112d -> 
  custom:SearchIndexIgnoredProperties: e643bd26f0fe6173181afceb89e7c659 -> 
  custom:AudioImporter_EditorPlatform: d09bf68614088b80899f8185d706f6e7 -> 
  custom:video-encoder-webm-vp8: eb34c28f22e8b96e1ab97ce403110664 -> 
  custom:audio-decoder-ogg-vorbis: bf7c407c2cedff20999df2af8eb42d56 -> 
  custom:scripting/monoscript/fileName/ParallaxBG.cs: 60f35dee57f29e937f9a172bd291a113 -> 
  custom:audio-encoder-webm-vorbis: bf7c407c2cedff20999df2af8eb42d56 -> 
  custom:scripting/precompiled-assembly-types:Assembly-CSharp: 0ea470ff82f302fc854413ef68cfd9e6 -> 7ab51b2ff1f6fd329de154d611ee96e1
========================================================================
Received Prepare
Caller must complete domain reload
Begin MonoManager ReloadAssembly
- Loaded All Assemblies, in  1.072 seconds
Native extension for WindowsStandalone target not found
Mono: successfully reloaded assembly
- Finished resetting the current domain, in  3.736 seconds
Domain Reload Profiling: 4801ms
	BeginReloadAssembly (319ms)
		ExecutionOrderSort (0ms)
		DisableScriptedObjects (22ms)
		BackupInstance (0ms)
		ReleaseScriptingObjects (0ms)
		CreateAndSetChildDomain (57ms)
	RebuildCommonClasses (67ms)
	RebuildNativeTypeToScriptingClass (21ms)
	initialDomainReloadingComplete (56ms)
	LoadAllAssembliesAndSetupDomain (602ms)
		LoadAssemblies (755ms)
		RebuildTransferFunctionScriptingTraits (0ms)
		AnalyzeDomain (36ms)
			TypeCache.Refresh (10ms)
				TypeCache.ScanAssembly (0ms)
			ScanForSourceGeneratedMonoScriptInfo (0ms)
			ResolveRequiredComponents (24ms)
	FinalizeReload (3737ms)
		ReleaseScriptCaches (0ms)
		RebuildScriptCaches (0ms)
		SetupLoadedEditorAssemblies (1283ms)
			LogAssemblyErrors (0ms)
			InitializePlatformSupportModulesInManaged (10ms)
			SetLoadedEditorAssemblies (8ms)
			RefreshPlugins (0ms)
			BeforeProcessingInitializeOnLoad (293ms)
			ProcessInitializeOnLoadAttributes (795ms)
			ProcessInitializeOnLoadMethodAttributes (171ms)
			AfterProcessingInitializeOnLoad (5ms)
			EditorAssembliesLoaded (0ms)
		ExecutionOrderSort2 (0ms)
		AwakeInstancesAfterBackupRestoration (30ms)
Shader Hidden/ProbeVolume/VoxelizeScene is not supported: GPU does not support conservative rasterization
Shader Hidden/ProbeVolume/VoxelizeScene is not supported: GPU does not support conservative rasterization
Refreshing native plugins compatible for Editor in 17.29 ms, found 4 plugins.
Preloading 0 native plugins for Editor in 0.00 ms.
Unloading 5532 Unused Serialized files (Serialized files now loaded: 0)
Unloading 62 unused Assets / (3.6 MB). Loaded Objects now: 6319.
Memory consumption went from 202.8 MB to 199.3 MB.
Total: 9.883200 ms (FindLiveObjects: 0.818200 ms CreateObjectMapping: 0.889600 ms MarkObjects: 5.103600 ms  DeleteObjects: 3.070300 ms)

Prepare: number of updated asset objects reloaded= 0
AssetImportParameters requested are different than current active one (requested -> active):
  custom:container-demuxer-ogg: 62fdf1f143b41e24485cea50d1cbac27 -> 
  custom:video-codec-MediaFoundation-h265: 746d11721c4dcdbdad8f713fa42b33f4 -> 
  custom:video-decoder-ogg-theora: a1e56fd34408186e4bbccfd4996cb3dc -> 
  custom:framework-win-MediaFoundation: 216162199b28c13a410421893ffa2e32 -> 
  custom:scripting/monoscript/fileName/Zone_Transition.cs: 7abcaa9ec662674794f40550db270ed6 -> 
  custom:CustomObjectIndexerAttribute: 72b91833f83ae208fae7752999fa3104 -> 
  custom:scripting/monoscript/fileName/background.cs: 26992a202a4f804f0e1e2bc2100b7527 -> 
  custom:container-demuxer-webm: 4f35f7cbe854078d1ac9338744f61a02 -> 
  custom:container-muxer-webm: aa71ff27fc2769a1b78a27578f13a17b -> 
  custom:video-decoder-webm-vp8: 9c59270c3fd7afecdb556c50c9e8de78 -> 
  custom:scripting/monoscript/fileName/BiomeManager.cs: 8d35c78ac6eda6663d4d8bef70af112d -> 
  custom:SearchIndexIgnoredProperties: e643bd26f0fe6173181afceb89e7c659 -> 
  custom:AudioImporter_EditorPlatform: d09bf68614088b80899f8185d706f6e7 -> 
  custom:video-encoder-webm-vp8: eb34c28f22e8b96e1ab97ce403110664 -> 
  custom:audio-decoder-ogg-vorbis: bf7c407c2cedff20999df2af8eb42d56 -> 
  custom:scripting/monoscript/fileName/ParallaxBG.cs: 60f35dee57f29e937f9a172bd291a113 -> 
  custom:audio-encoder-webm-vorbis: bf7c407c2cedff20999df2af8eb42d56 -> 
  custom:scripting/precompiled-assembly-types:Assembly-CSharp: 0ea470ff82f302fc854413ef68cfd9e6 -> 7ab51b2ff1f6fd329de154d611ee96e1
========================================================================
Received Import Request.
  Time since last request: 1225.742474 seconds.
  path: Assets/Immagini/background/montagna.png
  artifactKey: Guid(26b90922703d7d74787dc4a33b0413b5) Importer(815301076,1909f56bfc062723c751e8b465ee728b)
Start importing Assets/Immagini/background/montagna.png using Guid(26b90922703d7d74787dc4a33b0413b5) Importer(815301076,1909f56bfc062723c751e8b465ee728b) [PhysX] Initialized MultithreadedTaskDispatcher with 8 workers.
[PhysX] Initialized MultithreadedTaskDispatcher with 8 workers.
 -> (artifact id: 'a370e27fd5323c9b2b54031cf7c554f5') in 0.152170 seconds
Number of updated asset objects reloaded before import = 0
Number of asset objects unloaded after import = 3
========================================================================
Received Import Request.
  Time since last request: 10.259389 seconds.
  path: Assets/Immagini/background/montagna.png
  artifactKey: Guid(26b90922703d7d74787dc4a33b0413b5) Importer(815301076,1909f56bfc062723c751e8b465ee728b)
Start importing Assets/Immagini/background/montagna.png using Guid(26b90922703d7d74787dc4a33b0413b5) Importer(815301076,1909f56bfc062723c751e8b465ee728b) [PhysX] Initialized MultithreadedTaskDispatcher with 8 workers.
[PhysX] Initialized MultithreadedTaskDispatcher with 8 workers.
 -> (artifact id: 'f8dd147110eedbec44b3c5eb55d866d4') in 0.015657 seconds
Number of updated asset objects reloaded before import = 0
Number of asset objects unloaded after import = 3
========================================================================
Received Prepare
Caller must complete domain reload
Begin MonoManager ReloadAssembly
- Loaded All Assemblies, in  1.132 seconds
Native extension for WindowsStandalone target not found
Mono: successfully reloaded assembly
- Finished resetting the current domain, in  4.095 seconds
Domain Reload Profiling: 5218ms
	BeginReloadAssembly (370ms)
		ExecutionOrderSort (0ms)
		DisableScriptedObjects (34ms)
		BackupInstance (0ms)
		ReleaseScriptingObjects (0ms)
		CreateAndSetChildDomain (75ms)
	RebuildCommonClasses (66ms)
	RebuildNativeTypeToScriptingClass (21ms)
	initialDomainReloadingComplete (51ms)
	LoadAllAssembliesAndSetupDomain (613ms)
		LoadAssemblies (765ms)
		RebuildTransferFunctionScriptingTraits (0ms)
		AnalyzeDomain (50ms)
			TypeCache.Refresh (10ms)
				TypeCache.ScanAssembly (0ms)
			ScanForSourceGeneratedMonoScriptInfo (0ms)
			ResolveRequiredComponents (38ms)
	FinalizeReload (4096ms)
		ReleaseScriptCaches (0ms)
		RebuildScriptCaches (0ms)
		SetupLoadedEditorAssemblies (1423ms)
			LogAssemblyErrors (0ms)
			InitializePlatformSupportModulesInManaged (10ms)
			SetLoadedEditorAssemblies (13ms)
			RefreshPlugins (0ms)
			BeforeProcessingInitializeOnLoad (322ms)
			ProcessInitializeOnLoadAttributes (874ms)
			ProcessInitializeOnLoadMethodAttributes (198ms)
			AfterProcessingInitializeOnLoad (6ms)
			EditorAssembliesLoaded (1ms)
		ExecutionOrderSort2 (0ms)
		AwakeInstancesAfterBackupRestoration (42ms)
Shader Hidden/ProbeVolume/VoxelizeScene is not supported: GPU does not support conservative rasterization
Shader Hidden/ProbeVolume/VoxelizeScene is not supported: GPU does not support conservative rasterization
Refreshing native plugins compatible for Editor in 20.59 ms, found 4 plugins.
Preloading 0 native plugins for Editor in 0.00 ms.
Unloading 5532 Unused Serialized files (Serialized files now loaded: 0)
Unloading 62 unused Assets / (3.5 MB). Loaded Objects now: 6324.
Memory consumption went from 202.8 MB to 199.3 MB.
Total: 10.050400 ms (FindLiveObjects: 0.660400 ms CreateObjectMapping: 0.615300 ms MarkObjects: 5.536100 ms  DeleteObjects: 3.236900 ms)

Prepare: number of updated asset objects reloaded= 0
AssetImportParameters requested are different than current active one (requested -> active):
  custom:container-demuxer-ogg: 62fdf1f143b41e24485cea50d1cbac27 -> 
  custom:video-codec-MediaFoundation-h265: 746d11721c4dcdbdad8f713fa42b33f4 -> 
  custom:video-decoder-ogg-theora: a1e56fd34408186e4bbccfd4996cb3dc -> 
  custom:framework-win-MediaFoundation: 216162199b28c13a410421893ffa2e32 -> 
  custom:scripting/monoscript/fileName/Zone_Transition.cs: 7abcaa9ec662674794f40550db270ed6 -> 
  custom:CustomObjectIndexerAttribute: 72b91833f83ae208fae7752999fa3104 -> 
  custom:scripting/monoscript/fileName/background.cs: 26992a202a4f804f0e1e2bc2100b7527 -> 
  custom:container-demuxer-webm: 4f35f7cbe854078d1ac9338744f61a02 -> 
  custom:container-muxer-webm: aa71ff27fc2769a1b78a27578f13a17b -> 
  custom:video-decoder-webm-vp8: 9c59270c3fd7afecdb556c50c9e8de78 -> 
  custom:scripting/monoscript/fileName/BiomeManager.cs: 8d35c78ac6eda6663d4d8bef70af112d -> 
  custom:SearchIndexIgnoredProperties: e643bd26f0fe6173181afceb89e7c659 -> 
  custom:AudioImporter_EditorPlatform: d09bf68614088b80899f8185d706f6e7 -> 
  custom:video-encoder-webm-vp8: eb34c28f22e8b96e1ab97ce403110664 -> 
  custom:audio-decoder-ogg-vorbis: bf7c407c2cedff20999df2af8eb42d56 -> 
  custom:scripting/monoscript/fileName/ParallaxBG.cs: 60f35dee57f29e937f9a172bd291a113 -> 
  custom:audio-encoder-webm-vorbis: bf7c407c2cedff20999df2af8eb42d56 -> 
  custom:scripting/precompiled-assembly-types:Assembly-CSharp: 0ea470ff82f302fc854413ef68cfd9e6 -> 7ab51b2ff1f6fd329de154d611ee96e1
========================================================================
Received Prepare
Caller must complete domain reload
Begin MonoManager ReloadAssembly
- Loaded All Assemblies, in  1.145 seconds
Native extension for WindowsStandalone target not found
Mono: successfully reloaded assembly
- Finished resetting the current domain, in  3.784 seconds
Domain Reload Profiling: 4921ms
	BeginReloadAssembly (379ms)
		ExecutionOrderSort (0ms)
		DisableScriptedObjects (32ms)
		BackupInstance (0ms)
		ReleaseScriptingObjects (0ms)
		CreateAndSetChildDomain (61ms)
	RebuildCommonClasses (79ms)
	RebuildNativeTypeToScriptingClass (25ms)
	initialDomainReloadingComplete (63ms)
	LoadAllAssembliesAndSetupDomain (590ms)
		LoadAssemblies (781ms)
		RebuildTransferFunctionScriptingTraits (0ms)
		AnalyzeDomain (34ms)
			TypeCache.Refresh (10ms)
				TypeCache.ScanAssembly (0ms)
			ScanForSourceGeneratedMonoScriptInfo (0ms)
			ResolveRequiredComponents (23ms)
	FinalizeReload (3785ms)
		ReleaseScriptCaches (0ms)
		RebuildScriptCaches (0ms)
		SetupLoadedEditorAssemblies (1339ms)
			LogAssemblyErrors (0ms)
			InitializePlatformSupportModulesInManaged (12ms)
			SetLoadedEditorAssemblies (14ms)
			RefreshPlugins (0ms)
			BeforeProcessingInitializeOnLoad (302ms)
			ProcessInitializeOnLoadAttributes (835ms)
			ProcessInitializeOnLoadMethodAttributes (171ms)
			AfterProcessingInitializeOnLoad (5ms)
			EditorAssembliesLoaded (0ms)
		ExecutionOrderSort2 (0ms)
		AwakeInstancesAfterBackupRestoration (31ms)
Shader Hidden/ProbeVolume/VoxelizeScene is not supported: GPU does not support conservative rasterization
Shader Hidden/ProbeVolume/VoxelizeScene is not supported: GPU does not support conservative rasterization
Refreshing native plugins compatible for Editor in 16.61 ms, found 4 plugins.
Preloading 0 native plugins for Editor in 0.00 ms.
Unloading 5532 Unused Serialized files (Serialized files now loaded: 0)
Unloading 62 unused Assets / (3.6 MB). Loaded Objects now: 6329.
Memory consumption went from 202.7 MB to 199.1 MB.
Total: 9.509000 ms (FindLiveObjects: 0.704600 ms CreateObjectMapping: 0.458900 ms MarkObjects: 4.409600 ms  DeleteObjects: 3.933800 ms)

Prepare: number of updated asset objects reloaded= 0
AssetImportParameters requested are different than current active one (requested -> active):
  custom:container-demuxer-ogg: 62fdf1f143b41e24485cea50d1cbac27 -> 
  custom:video-codec-MediaFoundation-h265: 746d11721c4dcdbdad8f713fa42b33f4 -> 
  custom:video-decoder-ogg-theora: a1e56fd34408186e4bbccfd4996cb3dc -> 
  custom:framework-win-MediaFoundation: 216162199b28c13a410421893ffa2e32 -> 
  custom:scripting/monoscript/fileName/Zone_Transition.cs: 7abcaa9ec662674794f40550db270ed6 -> 
  custom:CustomObjectIndexerAttribute: 72b91833f83ae208fae7752999fa3104 -> 
  custom:scripting/monoscript/fileName/background.cs: 26992a202a4f804f0e1e2bc2100b7527 -> 
  custom:container-demuxer-webm: 4f35f7cbe854078d1ac9338744f61a02 -> 
  custom:container-muxer-webm: aa71ff27fc2769a1b78a27578f13a17b -> 
  custom:video-decoder-webm-vp8: 9c59270c3fd7afecdb556c50c9e8de78 -> 
  custom:scripting/monoscript/fileName/BiomeManager.cs: 8d35c78ac6eda6663d4d8bef70af112d -> 
  custom:SearchIndexIgnoredProperties: e643bd26f0fe6173181afceb89e7c659 -> 
  custom:AudioImporter_EditorPlatform: d09bf68614088b80899f8185d706f6e7 -> 
  custom:video-encoder-webm-vp8: eb34c28f22e8b96e1ab97ce403110664 -> 
  custom:audio-decoder-ogg-vorbis: bf7c407c2cedff20999df2af8eb42d56 -> 
  custom:scripting/monoscript/fileName/ParallaxBG.cs: 60f35dee57f29e937f9a172bd291a113 -> 
  custom:audio-encoder-webm-vorbis: bf7c407c2cedff20999df2af8eb42d56 -> 
  custom:scripting/precompiled-assembly-types:Assembly-CSharp: 0ea470ff82f302fc854413ef68cfd9e6 -> 7ab51b2ff1f6fd329de154d611ee96e1
========================================================================
Received Prepare
Caller must complete domain reload
Begin MonoManager ReloadAssembly
- Loaded All Assemblies, in  1.124 seconds
Native extension for WindowsStandalone target not found
Mono: successfully reloaded assembly
- Finished resetting the current domain, in  3.891 seconds
Domain Reload Profiling: 5006ms
	BeginReloadAssembly (328ms)
		ExecutionOrderSort (0ms)
		DisableScriptedObjects (24ms)
		BackupInstance (0ms)
		ReleaseScriptingObjects (0ms)
		CreateAndSetChildDomain (63ms)
	RebuildCommonClasses (69ms)
	RebuildNativeTypeToScriptingClass (22ms)
	initialDomainReloadingComplete (56ms)
	LoadAllAssembliesAndSetupDomain (639ms)
		LoadAssemblies (786ms)
		RebuildTransferFunctionScriptingTraits (0ms)
		AnalyzeDomain (42ms)
			TypeCache.Refresh (11ms)
				TypeCache.ScanAssembly (0ms)
			ScanForSourceGeneratedMonoScriptInfo (0ms)
			ResolveRequiredComponents (29ms)
	FinalizeReload (3892ms)
		ReleaseScriptCaches (0ms)
		RebuildScriptCaches (0ms)
		SetupLoadedEditorAssemblies (1428ms)
			LogAssemblyErrors (0ms)
			InitializePlatformSupportModulesInManaged (10ms)
			SetLoadedEditorAssemblies (13ms)
			RefreshPlugins (0ms)
			BeforeProcessingInitializeOnLoad (344ms)
			ProcessInitializeOnLoadAttributes (879ms)
			ProcessInitializeOnLoadMethodAttributes (176ms)
			AfterProcessingInitializeOnLoad (5ms)
			EditorAssembliesLoaded (1ms)
		ExecutionOrderSort2 (0ms)
		AwakeInstancesAfterBackupRestoration (31ms)
Shader Hidden/ProbeVolume/VoxelizeScene is not supported: GPU does not support conservative rasterization
Shader Hidden/ProbeVolume/VoxelizeScene is not supported: GPU does not support conservative rasterization
Refreshing native plugins compatible for Editor in 20.39 ms, found 4 plugins.
Preloading 0 native plugins for Editor in 0.00 ms.
Unloading 5532 Unused Serialized files (Serialized files now loaded: 0)
Unloading 62 unused Assets / (3.6 MB). Loaded Objects now: 6334.
Memory consumption went from 202.7 MB to 199.1 MB.
Total: 11.012400 ms (FindLiveObjects: 0.918100 ms CreateObjectMapping: 1.149200 ms MarkObjects: 5.452200 ms  DeleteObjects: 3.485400 ms)

Prepare: number of updated asset objects reloaded= 0
AssetImportParameters requested are different than current active one (requested -> active):
  custom:container-demuxer-ogg: 62fdf1f143b41e24485cea50d1cbac27 -> 
  custom:video-codec-MediaFoundation-h265: 746d11721c4dcdbdad8f713fa42b33f4 -> 
  custom:video-decoder-ogg-theora: a1e56fd34408186e4bbccfd4996cb3dc -> 
  custom:framework-win-MediaFoundation: 216162199b28c13a410421893ffa2e32 -> 
  custom:scripting/monoscript/fileName/Zone_Transition.cs: 7abcaa9ec662674794f40550db270ed6 -> 
  custom:CustomObjectIndexerAttribute: 72b91833f83ae208fae7752999fa3104 -> 
  custom:scripting/monoscript/fileName/background.cs: 26992a202a4f804f0e1e2bc2100b7527 -> 
  custom:container-demuxer-webm: 4f35f7cbe854078d1ac9338744f61a02 -> 
  custom:container-muxer-webm: aa71ff27fc2769a1b78a27578f13a17b -> 
  custom:video-decoder-webm-vp8: 9c59270c3fd7afecdb556c50c9e8de78 -> 
  custom:scripting/monoscript/fileName/BiomeManager.cs: 8d35c78ac6eda6663d4d8bef70af112d -> 
  custom:SearchIndexIgnoredProperties: e643bd26f0fe6173181afceb89e7c659 -> 
  custom:AudioImporter_EditorPlatform: d09bf68614088b80899f8185d706f6e7 -> 
  custom:video-encoder-webm-vp8: eb34c28f22e8b96e1ab97ce403110664 -> 
  custom:audio-decoder-ogg-vorbis: bf7c407c2cedff20999df2af8eb42d56 -> 
  custom:scripting/monoscript/fileName/ParallaxBG.cs: 60f35dee57f29e937f9a172bd291a113 -> 
  custom:audio-encoder-webm-vorbis: bf7c407c2cedff20999df2af8eb42d56 -> 
  custom:scripting/precompiled-assembly-types:Assembly-CSharp: 0ea470ff82f302fc854413ef68cfd9e6 -> 7ab51b2ff1f6fd329de154d611ee96e1
========================================================================
Received Prepare
Caller must complete domain reload
Begin MonoManager ReloadAssembly
- Loaded All Assemblies, in  1.186 seconds
Native extension for WindowsStandalone target not found
Mono: successfully reloaded assembly
- Finished resetting the current domain, in  4.424 seconds
Domain Reload Profiling: 5602ms
	BeginReloadAssembly (359ms)
		ExecutionOrderSort (0ms)
		DisableScriptedObjects (24ms)
		BackupInstance (0ms)
		ReleaseScriptingObjects (0ms)
		CreateAndSetChildDomain (70ms)
	RebuildCommonClasses (71ms)
	RebuildNativeTypeToScriptingClass (28ms)
	initialDomainReloadingComplete (55ms)
	LoadAllAssembliesAndSetupDomain (664ms)
		LoadAssemblies (828ms)
		RebuildTransferFunctionScriptingTraits (0ms)
		AnalyzeDomain (42ms)
			TypeCache.Refresh (12ms)
				TypeCache.ScanAssembly (0ms)
			ScanForSourceGeneratedMonoScriptInfo (0ms)
			ResolveRequiredComponents (27ms)
	FinalizeReload (4425ms)
		ReleaseScriptCaches (0ms)
		RebuildScriptCaches (0ms)
		SetupLoadedEditorAssemblies (1715ms)
			LogAssemblyErrors (0ms)
			InitializePlatformSupportModulesInManaged (12ms)
			SetLoadedEditorAssemblies (12ms)
			RefreshPlugins (0ms)
			BeforeProcessingInitializeOnLoad (390ms)
			ProcessInitializeOnLoadAttributes (1068ms)
			ProcessInitializeOnLoadMethodAttributes (225ms)
			AfterProcessingInitializeOnLoad (6ms)
			EditorAssembliesLoaded (1ms)
		ExecutionOrderSort2 (0ms)
		AwakeInstancesAfterBackupRestoration (36ms)
Shader Hidden/ProbeVolume/VoxelizeScene is not supported: GPU does not support conservative rasterization
Shader Hidden/ProbeVolume/VoxelizeScene is not supported: GPU does not support conservative rasterization
Refreshing native plugins compatible for Editor in 21.15 ms, found 4 plugins.
Preloading 0 native plugins for Editor in 0.00 ms.
Unloading 5532 Unused Serialized files (Serialized files now loaded: 0)
Unloading 62 unused Assets / (3.5 MB). Loaded Objects now: 6339.
Memory consumption went from 202.6 MB to 199.0 MB.
Total: 9.561300 ms (FindLiveObjects: 0.633400 ms CreateObjectMapping: 0.454900 ms MarkObjects: 5.806100 ms  DeleteObjects: 2.664500 ms)

Prepare: number of updated asset objects reloaded= 0
AssetImportParameters requested are different than current active one (requested -> active):
  custom:container-demuxer-ogg: 62fdf1f143b41e24485cea50d1cbac27 -> 
  custom:video-codec-MediaFoundation-h265: 746d11721c4dcdbdad8f713fa42b33f4 -> 
  custom:video-decoder-ogg-theora: a1e56fd34408186e4bbccfd4996cb3dc -> 
  custom:framework-win-MediaFoundation: 216162199b28c13a410421893ffa2e32 -> 
  custom:scripting/monoscript/fileName/Zone_Transition.cs: 7abcaa9ec662674794f40550db270ed6 -> 
  custom:CustomObjectIndexerAttribute: 72b91833f83ae208fae7752999fa3104 -> 
  custom:scripting/monoscript/fileName/background.cs: 26992a202a4f804f0e1e2bc2100b7527 -> 
  custom:container-demuxer-webm: 4f35f7cbe854078d1ac9338744f61a02 -> 
  custom:container-muxer-webm: aa71ff27fc2769a1b78a27578f13a17b -> 
  custom:video-decoder-webm-vp8: 9c59270c3fd7afecdb556c50c9e8de78 -> 
  custom:scripting/monoscript/fileName/BiomeManager.cs: 8d35c78ac6eda6663d4d8bef70af112d -> 
  custom:SearchIndexIgnoredProperties: e643bd26f0fe6173181afceb89e7c659 -> 
  custom:AudioImporter_EditorPlatform: d09bf68614088b80899f8185d706f6e7 -> 
  custom:video-encoder-webm-vp8: eb34c28f22e8b96e1ab97ce403110664 -> 
  custom:audio-decoder-ogg-vorbis: bf7c407c2cedff20999df2af8eb42d56 -> 
  custom:scripting/monoscript/fileName/ParallaxBG.cs: 60f35dee57f29e937f9a172bd291a113 -> 
  custom:audio-encoder-webm-vorbis: bf7c407c2cedff20999df2af8eb42d56 -> 
  custom:scripting/precompiled-assembly-types:Assembly-CSharp: 0ea470ff82f302fc854413ef68cfd9e6 -> 7ab51b2ff1f6fd329de154d611ee96e1
========================================================================
Received Import Request.
  Time since last request: 688.257785 seconds.
  path: Assets/Scenes/SampleScene.unity
  artifactKey: Guid(8c9cfa26abfee488c85f1582747f6a02) Importer(815301076,1909f56bfc062723c751e8b465ee728b)
Start importing Assets/Scenes/SampleScene.unity using Guid(8c9cfa26abfee488c85f1582747f6a02) Importer(815301076,1909f56bfc062723c751e8b465ee728b) [PhysX] Initialized MultithreadedTaskDispatcher with 8 workers.
 -> (artifact id: '7416f235d5856659522d5ae83cbed50a') in 0.003655 seconds
Number of updated asset objects reloaded before import = 0
Number of asset objects unloaded after import = 0
========================================================================
Received Prepare
Caller must complete domain reload
Begin MonoManager ReloadAssembly
- Loaded All Assemblies, in  1.279 seconds
Native extension for WindowsStandalone target not found
Mono: successfully reloaded assembly
- Finished resetting the current domain, in  4.048 seconds
Domain Reload Profiling: 5317ms
	BeginReloadAssembly (389ms)
		ExecutionOrderSort (0ms)
		DisableScriptedObjects (28ms)
		BackupInstance (0ms)
		ReleaseScriptingObjects (0ms)
		CreateAndSetChildDomain (64ms)
	RebuildCommonClasses (135ms)
	RebuildNativeTypeToScriptingClass (26ms)
	initialDomainReloadingComplete (65ms)
	LoadAllAssembliesAndSetupDomain (653ms)
		LoadAssemblies (849ms)
		RebuildTransferFunctionScriptingTraits (0ms)
		AnalyzeDomain (44ms)
			TypeCache.Refresh (11ms)
				TypeCache.ScanAssembly (0ms)
			ScanForSourceGeneratedMonoScriptInfo (0ms)
			ResolveRequiredComponents (31ms)
	FinalizeReload (4049ms)
		ReleaseScriptCaches (0ms)
		RebuildScriptCaches (0ms)
		SetupLoadedEditorAssemblies (1426ms)
			LogAssemblyErrors (0ms)
			InitializePlatformSupportModulesInManaged (11ms)
			SetLoadedEditorAssemblies (11ms)
			RefreshPlugins (0ms)
			BeforeProcessingInitializeOnLoad (346ms)
			ProcessInitializeOnLoadAttributes (875ms)
			ProcessInitializeOnLoadMethodAttributes (177ms)
			AfterProcessingInitializeOnLoad (5ms)
			EditorAssembliesLoaded (1ms)
		ExecutionOrderSort2 (0ms)
		AwakeInstancesAfterBackupRestoration (32ms)
Shader Hidden/ProbeVolume/VoxelizeScene is not supported: GPU does not support conservative rasterization
Shader Hidden/ProbeVolume/VoxelizeScene is not supported: GPU does not support conservative rasterization
Refreshing native plugins compatible for Editor in 23.34 ms, found 4 plugins.
Preloading 0 native plugins for Editor in 0.00 ms.
Unloading 5532 Unused Serialized files (Serialized files now loaded: 0)
Unloading 62 unused Assets / (3.5 MB). Loaded Objects now: 6344.
Memory consumption went from 202.6 MB to 199.1 MB.
Total: 9.939100 ms (FindLiveObjects: 0.621300 ms CreateObjectMapping: 0.346600 ms MarkObjects: 5.973200 ms  DeleteObjects: 2.996600 ms)

Prepare: number of updated asset objects reloaded= 0
AssetImportParameters requested are different than current active one (requested -> active):
  custom:container-demuxer-ogg: 62fdf1f143b41e24485cea50d1cbac27 -> 
  custom:video-codec-MediaFoundation-h265: 746d11721c4dcdbdad8f713fa42b33f4 -> 
  custom:video-decoder-ogg-theora: a1e56fd34408186e4bbccfd4996cb3dc -> 
  custom:framework-win-MediaFoundation: 216162199b28c13a410421893ffa2e32 -> 
  custom:scripting/monoscript/fileName/Zone_Transition.cs: 7abcaa9ec662674794f40550db270ed6 -> 
  custom:CustomObjectIndexerAttribute: 72b91833f83ae208fae7752999fa3104 -> 
  custom:scripting/monoscript/fileName/background.cs: 26992a202a4f804f0e1e2bc2100b7527 -> 
  custom:container-demuxer-webm: 4f35f7cbe854078d1ac9338744f61a02 -> 
  custom:container-muxer-webm: aa71ff27fc2769a1b78a27578f13a17b -> 
  custom:video-decoder-webm-vp8: 9c59270c3fd7afecdb556c50c9e8de78 -> 
  custom:scripting/monoscript/fileName/BiomeManager.cs: 8d35c78ac6eda6663d4d8bef70af112d -> 
  custom:SearchIndexIgnoredProperties: e643bd26f0fe6173181afceb89e7c659 -> 
  custom:AudioImporter_EditorPlatform: d09bf68614088b80899f8185d706f6e7 -> 
  custom:video-encoder-webm-vp8: eb34c28f22e8b96e1ab97ce403110664 -> 
  custom:audio-decoder-ogg-vorbis: bf7c407c2cedff20999df2af8eb42d56 -> 
  custom:scripting/monoscript/fileName/ParallaxBG.cs: 60f35dee57f29e937f9a172bd291a113 -> 
  custom:audio-encoder-webm-vorbis: bf7c407c2cedff20999df2af8eb42d56 -> 
  custom:scripting/precompiled-assembly-types:Assembly-CSharp: 0ea470ff82f302fc854413ef68cfd9e6 -> 7ab51b2ff1f6fd329de154d611ee96e1
========================================================================
Received Import Request.
  Time since last request: 122.325387 seconds.
  path: Assets/Scenes/SchermataIniziale.unity
  artifactKey: Guid(e843a63f63fda14428fe364da1fcb7b6) Importer(815301076,1909f56bfc062723c751e8b465ee728b)
Start importing Assets/Scenes/SchermataIniziale.unity using Guid(e843a63f63fda14428fe364da1fcb7b6) Importer(815301076,1909f56bfc062723c751e8b465ee728b) [PhysX] Initialized MultithreadedTaskDispatcher with 8 workers.
 -> (artifact id: '456ef0b9fcba662d0db34266eb0dad32') in 0.004238 seconds
Number of updated asset objects reloaded before import = 0
Number of asset objects unloaded after import = 0
========================================================================
Received Prepare
Caller must complete domain reload
Begin MonoManager ReloadAssembly
- Loaded All Assemblies, in  1.244 seconds
Native extension for WindowsStandalone target not found
Mono: successfully reloaded assembly
- Finished resetting the current domain, in  4.022 seconds
Domain Reload Profiling: 5253ms
	BeginReloadAssembly (396ms)
		ExecutionOrderSort (0ms)
		DisableScriptedObjects (26ms)
		BackupInstance (0ms)
		ReleaseScriptingObjects (0ms)
		CreateAndSetChildDomain (76ms)
	RebuildCommonClasses (86ms)
	RebuildNativeTypeToScriptingClass (19ms)
	initialDomainReloadingComplete (65ms)
	LoadAllAssembliesAndSetupDomain (664ms)
		LoadAssemblies (865ms)
		RebuildTransferFunctionScriptingTraits (0ms)
		AnalyzeDomain (37ms)
			TypeCache.Refresh (12ms)
				TypeCache.ScanAssembly (0ms)
			ScanForSourceGeneratedMonoScriptInfo (0ms)
			ResolveRequiredComponents (22ms)
	FinalizeReload (4023ms)
		ReleaseScriptCaches (0ms)
		RebuildScriptCaches (0ms)
		SetupLoadedEditorAssemblies (1422ms)
			LogAssemblyErrors (0ms)
			InitializePlatformSupportModulesInManaged (11ms)
			SetLoadedEditorAssemblies (10ms)
			RefreshPlugins (0ms)
			BeforeProcessingInitializeOnLoad (316ms)
			ProcessInitializeOnLoadAttributes (906ms)
			ProcessInitializeOnLoadMethodAttributes (172ms)
			AfterProcessingInitializeOnLoad (5ms)
			EditorAssembliesLoaded (1ms)
		ExecutionOrderSort2 (0ms)
		AwakeInstancesAfterBackupRestoration (34ms)
Shader Hidden/ProbeVolume/VoxelizeScene is not supported: GPU does not support conservative rasterization
Shader Hidden/ProbeVolume/VoxelizeScene is not supported: GPU does not support conservative rasterization
Refreshing native plugins compatible for Editor in 20.30 ms, found 4 plugins.
Preloading 0 native plugins for Editor in 0.00 ms.
Unloading 5532 Unused Serialized files (Serialized files now loaded: 0)
Unloading 62 unused Assets / (3.5 MB). Loaded Objects now: 6349.
Memory consumption went from 202.6 MB to 199.1 MB.
Total: 8.588500 ms (FindLiveObjects: 0.632800 ms CreateObjectMapping: 0.401800 ms MarkObjects: 5.004200 ms  DeleteObjects: 2.548000 ms)

Prepare: number of updated asset objects reloaded= 0
AssetImportParameters requested are different than current active one (requested -> active):
  custom:container-demuxer-ogg: 62fdf1f143b41e24485cea50d1cbac27 -> 
  custom:video-codec-MediaFoundation-h265: 746d11721c4dcdbdad8f713fa42b33f4 -> 
  custom:video-decoder-ogg-theora: a1e56fd34408186e4bbccfd4996cb3dc -> 
  custom:framework-win-MediaFoundation: 216162199b28c13a410421893ffa2e32 -> 
  custom:scripting/monoscript/fileName/Zone_Transition.cs: 7abcaa9ec662674794f40550db270ed6 -> 
  custom:CustomObjectIndexerAttribute: 72b91833f83ae208fae7752999fa3104 -> 
  custom:scripting/monoscript/fileName/background.cs: 26992a202a4f804f0e1e2bc2100b7527 -> 
  custom:container-demuxer-webm: 4f35f7cbe854078d1ac9338744f61a02 -> 
  custom:container-muxer-webm: aa71ff27fc2769a1b78a27578f13a17b -> 
  custom:video-decoder-webm-vp8: 9c59270c3fd7afecdb556c50c9e8de78 -> 
  custom:scripting/monoscript/fileName/BiomeManager.cs: 8d35c78ac6eda6663d4d8bef70af112d -> 
  custom:SearchIndexIgnoredProperties: e643bd26f0fe6173181afceb89e7c659 -> 
  custom:AudioImporter_EditorPlatform: d09bf68614088b80899f8185d706f6e7 -> 
  custom:video-encoder-webm-vp8: eb34c28f22e8b96e1ab97ce403110664 -> 
  custom:audio-decoder-ogg-vorbis: bf7c407c2cedff20999df2af8eb42d56 -> 
  custom:scripting/monoscript/fileName/ParallaxBG.cs: 60f35dee57f29e937f9a172bd291a113 -> 
  custom:audio-encoder-webm-vorbis: bf7c407c2cedff20999df2af8eb42d56 -> 
  custom:scripting/precompiled-assembly-types:Assembly-CSharp: 0ea470ff82f302fc854413ef68cfd9e6 -> 7ab51b2ff1f6fd329de154d611ee96e1
========================================================================
Received Import Request.
  Time since last request: 4203.784342 seconds.
  path: Assets/Scenes/SampleScene.unity
  artifactKey: Guid(8c9cfa26abfee488c85f1582747f6a02) Importer(815301076,1909f56bfc062723c751e8b465ee728b)
Start importing Assets/Scenes/SampleScene.unity using Guid(8c9cfa26abfee488c85f1582747f6a02) Importer(815301076,1909f56bfc062723c751e8b465ee728b) [PhysX] Initialized MultithreadedTaskDispatcher with 8 workers.
 -> (artifact id: '75a31d51ef20988867c02766177150ab') in 0.005976 seconds
Number of updated asset objects reloaded before import = 0
Number of asset objects unloaded after import = 0
========================================================================
Received Import Request.
  Time since last request: 34.011463 seconds.
  path: Assets/Scenes/Impostazioni.unity
  artifactKey: Guid(6ac4954380b4c65408170fa41cc7e61a) Importer(815301076,1909f56bfc062723c751e8b465ee728b)
Start importing Assets/Scenes/Impostazioni.unity using Guid(6ac4954380b4c65408170fa41cc7e61a) Importer(815301076,1909f56bfc062723c751e8b465ee728b) [PhysX] Initialized MultithreadedTaskDispatcher with 8 workers.
 -> (artifact id: '55f0ea0224468163312fd89c8c74c18e') in 0.001504 seconds
Number of updated asset objects reloaded before import = 0
Number of asset objects unloaded after import = 0
========================================================================
Received Import Request.
  Time since last request: 2.209757 seconds.
  path: Assets/Scenes/SampleScene.unity
  artifactKey: Guid(8c9cfa26abfee488c85f1582747f6a02) Importer(815301076,1909f56bfc062723c751e8b465ee728b)
Start importing Assets/Scenes/SampleScene.unity using Guid(8c9cfa26abfee488c85f1582747f6a02) Importer(815301076,1909f56bfc062723c751e8b465ee728b) [PhysX] Initialized MultithreadedTaskDispatcher with 8 workers.
 -> (artifact id: '1676f88c29eeb445dc8ecafd0e25c077') in 0.001228 seconds
Number of updated asset objects reloaded before import = 0
Number of asset objects unloaded after import = 0
========================================================================
Received Prepare
Caller must complete domain reload
Begin MonoManager ReloadAssembly
- Loaded All Assemblies, in  1.242 seconds
Native extension for WindowsStandalone target not found
Mono: successfully reloaded assembly
- Finished resetting the current domain, in  6.679 seconds
Domain Reload Profiling: 7914ms
	BeginReloadAssembly (361ms)
		ExecutionOrderSort (0ms)
		DisableScriptedObjects (24ms)
		BackupInstance (0ms)
		ReleaseScriptingObjects (0ms)
		CreateAndSetChildDomain (74ms)
	RebuildCommonClasses (70ms)
	RebuildNativeTypeToScriptingClass (23ms)
	initialDomainReloadingComplete (56ms)
	LoadAllAssembliesAndSetupDomain (725ms)
		LoadAssemblies (894ms)
		RebuildTransferFunctionScriptingTraits (0ms)
		AnalyzeDomain (41ms)
			TypeCache.Refresh (11ms)
				TypeCache.ScanAssembly (0ms)
			ScanForSourceGeneratedMonoScriptInfo (0ms)
			ResolveRequiredComponents (28ms)
	FinalizeReload (6679ms)
		ReleaseScriptCaches (0ms)
		RebuildScriptCaches (0ms)
		SetupLoadedEditorAssemblies (1522ms)
			LogAssemblyErrors (0ms)
			InitializePlatformSupportModulesInManaged (13ms)
			SetLoadedEditorAssemblies (14ms)
			RefreshPlugins (0ms)
			BeforeProcessingInitializeOnLoad (332ms)
			ProcessInitializeOnLoadAttributes (965ms)
			ProcessInitializeOnLoadMethodAttributes (192ms)
			AfterProcessingInitializeOnLoad (4ms)
			EditorAssembliesLoaded (1ms)
		ExecutionOrderSort2 (0ms)
		AwakeInstancesAfterBackupRestoration (34ms)
Shader Hidden/ProbeVolume/VoxelizeScene is not supported: GPU does not support conservative rasterization
Shader Hidden/ProbeVolume/VoxelizeScene is not supported: GPU does not support conservative rasterization
Refreshing native plugins compatible for Editor in 18.09 ms, found 4 plugins.
Preloading 0 native plugins for Editor in 0.00 ms.
Unloading 5532 Unused Serialized files (Serialized files now loaded: 0)
Unloading 62 unused Assets / (3.5 MB). Loaded Objects now: 6354.
Memory consumption went from 202.7 MB to 199.2 MB.
Total: 9.371100 ms (FindLiveObjects: 0.768500 ms CreateObjectMapping: 0.569800 ms MarkObjects: 5.870000 ms  DeleteObjects: 2.160700 ms)

Prepare: number of updated asset objects reloaded= 0
AssetImportParameters requested are different than current active one (requested -> active):
  custom:container-demuxer-ogg: 62fdf1f143b41e24485cea50d1cbac27 -> 
  custom:video-codec-MediaFoundation-h265: 746d11721c4dcdbdad8f713fa42b33f4 -> 
  custom:video-decoder-ogg-theora: a1e56fd34408186e4bbccfd4996cb3dc -> 
  custom:framework-win-MediaFoundation: 216162199b28c13a410421893ffa2e32 -> 
  custom:scripting/monoscript/fileName/Zone_Transition.cs: 7abcaa9ec662674794f40550db270ed6 -> 
  custom:CustomObjectIndexerAttribute: 72b91833f83ae208fae7752999fa3104 -> 
  custom:scripting/monoscript/fileName/background.cs: 26992a202a4f804f0e1e2bc2100b7527 -> 
  custom:container-demuxer-webm: 4f35f7cbe854078d1ac9338744f61a02 -> 
  custom:container-muxer-webm: aa71ff27fc2769a1b78a27578f13a17b -> 
  custom:video-decoder-webm-vp8: 9c59270c3fd7afecdb556c50c9e8de78 -> 
  custom:scripting/monoscript/fileName/BiomeManager.cs: 8d35c78ac6eda6663d4d8bef70af112d -> 
  custom:SearchIndexIgnoredProperties: e643bd26f0fe6173181afceb89e7c659 -> 
  custom:AudioImporter_EditorPlatform: d09bf68614088b80899f8185d706f6e7 -> 
  custom:video-encoder-webm-vp8: eb34c28f22e8b96e1ab97ce403110664 -> 
  custom:audio-decoder-ogg-vorbis: bf7c407c2cedff20999df2af8eb42d56 -> 
  custom:scripting/monoscript/fileName/ParallaxBG.cs: 60f35dee57f29e937f9a172bd291a113 -> 
  custom:audio-encoder-webm-vorbis: bf7c407c2cedff20999df2af8eb42d56 -> 
  custom:scripting/precompiled-assembly-types:Assembly-CSharp: 0ea470ff82f302fc854413ef68cfd9e6 -> 7ab51b2ff1f6fd329de154d611ee96e1
========================================================================
Received Prepare
Caller must complete domain reload
Begin MonoManager ReloadAssembly
- Loaded All Assemblies, in  1.157 seconds
Native extension for WindowsStandalone target not found
Mono: successfully reloaded assembly
- Finished resetting the current domain, in  3.370 seconds
Domain Reload Profiling: 4518ms
	BeginReloadAssembly (344ms)
		ExecutionOrderSort (0ms)
		DisableScriptedObjects (26ms)
		BackupInstance (0ms)
		ReleaseScriptingObjects (0ms)
		CreateAndSetChildDomain (64ms)
	RebuildCommonClasses (82ms)
	RebuildNativeTypeToScriptingClass (19ms)
	initialDomainReloadingComplete (61ms)
	LoadAllAssembliesAndSetupDomain (641ms)
		LoadAssemblies (812ms)
		RebuildTransferFunctionScriptingTraits (0ms)
		AnalyzeDomain (32ms)
			TypeCache.Refresh (9ms)
				TypeCache.ScanAssembly (0ms)
			ScanForSourceGeneratedMonoScriptInfo (0ms)
			ResolveRequiredComponents (21ms)
	FinalizeReload (3371ms)
		ReleaseScriptCaches (0ms)
		RebuildScriptCaches (0ms)
		SetupLoadedEditorAssemblies (1172ms)
			LogAssemblyErrors (0ms)
			InitializePlatformSupportModulesInManaged (9ms)
			SetLoadedEditorAssemblies (9ms)
			RefreshPlugins (0ms)
			BeforeProcessingInitializeOnLoad (310ms)
			ProcessInitializeOnLoadAttributes (704ms)
			ProcessInitializeOnLoadMethodAttributes (134ms)
			AfterProcessingInitializeOnLoad (4ms)
			EditorAssembliesLoaded (0ms)
		ExecutionOrderSort2 (0ms)
		AwakeInstancesAfterBackupRestoration (26ms)
Shader Hidden/ProbeVolume/VoxelizeScene is not supported: GPU does not support conservative rasterization
Shader Hidden/ProbeVolume/VoxelizeScene is not supported: GPU does not support conservative rasterization
Refreshing native plugins compatible for Editor in 16.81 ms, found 4 plugins.
Preloading 0 native plugins for Editor in 0.00 ms.
Unloading 5532 Unused Serialized files (Serialized files now loaded: 0)
Unloading 62 unused Assets / (3.5 MB). Loaded Objects now: 6359.
Memory consumption went from 202.7 MB to 199.2 MB.
Total: 11.309400 ms (FindLiveObjects: 0.844200 ms CreateObjectMapping: 0.460500 ms MarkObjects: 6.118400 ms  DeleteObjects: 3.884500 ms)

Prepare: number of updated asset objects reloaded= 0
AssetImportParameters requested are different than current active one (requested -> active):
  custom:container-demuxer-ogg: 62fdf1f143b41e24485cea50d1cbac27 -> 
  custom:video-codec-MediaFoundation-h265: 746d11721c4dcdbdad8f713fa42b33f4 -> 
  custom:video-decoder-ogg-theora: a1e56fd34408186e4bbccfd4996cb3dc -> 
  custom:framework-win-MediaFoundation: 216162199b28c13a410421893ffa2e32 -> 
  custom:scripting/monoscript/fileName/Zone_Transition.cs: 7abcaa9ec662674794f40550db270ed6 -> 
  custom:CustomObjectIndexerAttribute: 72b91833f83ae208fae7752999fa3104 -> 
  custom:scripting/monoscript/fileName/background.cs: 26992a202a4f804f0e1e2bc2100b7527 -> 
  custom:container-demuxer-webm: 4f35f7cbe854078d1ac9338744f61a02 -> 
  custom:container-muxer-webm: aa71ff27fc2769a1b78a27578f13a17b -> 
  custom:video-decoder-webm-vp8: 9c59270c3fd7afecdb556c50c9e8de78 -> 
  custom:scripting/monoscript/fileName/BiomeManager.cs: 8d35c78ac6eda6663d4d8bef70af112d -> 
  custom:SearchIndexIgnoredProperties: e643bd26f0fe6173181afceb89e7c659 -> 
  custom:AudioImporter_EditorPlatform: d09bf68614088b80899f8185d706f6e7 -> 
  custom:video-encoder-webm-vp8: eb34c28f22e8b96e1ab97ce403110664 -> 
  custom:audio-decoder-ogg-vorbis: bf7c407c2cedff20999df2af8eb42d56 -> 
  custom:scripting/monoscript/fileName/ParallaxBG.cs: 60f35dee57f29e937f9a172bd291a113 -> 
  custom:audio-encoder-webm-vorbis: bf7c407c2cedff20999df2af8eb42d56 -> 
  custom:scripting/precompiled-assembly-types:Assembly-CSharp: 0ea470ff82f302fc854413ef68cfd9e6 -> 7ab51b2ff1f6fd329de154d611ee96e1
========================================================================
Received Prepare
Caller must complete domain reload
Begin MonoManager ReloadAssembly
- Loaded All Assemblies, in  1.292 seconds
Native extension for WindowsStandalone target not found
Mono: successfully reloaded assembly
- Finished resetting the current domain, in  3.293 seconds
Domain Reload Profiling: 4575ms
	BeginReloadAssembly (353ms)
		ExecutionOrderSort (0ms)
		DisableScriptedObjects (25ms)
		BackupInstance (0ms)
		ReleaseScriptingObjects (0ms)
		CreateAndSetChildDomain (61ms)
	RebuildCommonClasses (70ms)
	RebuildNativeTypeToScriptingClass (24ms)
	initialDomainReloadingComplete (56ms)
	LoadAllAssembliesAndSetupDomain (779ms)
		LoadAssemblies (898ms)
		RebuildTransferFunctionScriptingTraits (0ms)
		AnalyzeDomain (93ms)
			TypeCache.Refresh (19ms)
				TypeCache.ScanAssembly (0ms)
			ScanForSourceGeneratedMonoScriptInfo (50ms)
			ResolveRequiredComponents (24ms)
	FinalizeReload (3294ms)
		ReleaseScriptCaches (0ms)
		RebuildScriptCaches (0ms)
		SetupLoadedEditorAssemblies (1263ms)
			LogAssemblyErrors (0ms)
			InitializePlatformSupportModulesInManaged (11ms)
			SetLoadedEditorAssemblies (10ms)
			RefreshPlugins (0ms)
			BeforeProcessingInitializeOnLoad (324ms)
			ProcessInitializeOnLoadAttributes (779ms)
			ProcessInitializeOnLoadMethodAttributes (133ms)
			AfterProcessingInitializeOnLoad (6ms)
			EditorAssembliesLoaded (1ms)
		ExecutionOrderSort2 (0ms)
		AwakeInstancesAfterBackupRestoration (27ms)
Shader Hidden/ProbeVolume/VoxelizeScene is not supported: GPU does not support conservative rasterization
Shader Hidden/ProbeVolume/VoxelizeScene is not supported: GPU does not support conservative rasterization
Refreshing native plugins compatible for Editor in 16.34 ms, found 4 plugins.
Preloading 0 native plugins for Editor in 0.00 ms.
Unloading 5532 Unused Serialized files (Serialized files now loaded: 0)
Unloading 62 unused Assets / (3.6 MB). Loaded Objects now: 6364.
Memory consumption went from 202.7 MB to 199.1 MB.
Total: 8.651200 ms (FindLiveObjects: 0.839000 ms CreateObjectMapping: 0.946600 ms MarkObjects: 4.029300 ms  DeleteObjects: 2.834900 ms)

Prepare: number of updated asset objects reloaded= 0
AssetImportParameters requested are different than current active one (requested -> active):
  custom:container-demuxer-ogg: 62fdf1f143b41e24485cea50d1cbac27 -> 
  custom:video-codec-MediaFoundation-h265: 746d11721c4dcdbdad8f713fa42b33f4 -> 
  custom:video-decoder-ogg-theora: a1e56fd34408186e4bbccfd4996cb3dc -> 
  custom:framework-win-MediaFoundation: 216162199b28c13a410421893ffa2e32 -> 
  custom:scripting/monoscript/fileName/Zone_Transition.cs: 7abcaa9ec662674794f40550db270ed6 -> 
  custom:CustomObjectIndexerAttribute: 72b91833f83ae208fae7752999fa3104 -> 
  custom:scripting/monoscript/fileName/background.cs: 26992a202a4f804f0e1e2bc2100b7527 -> 
  custom:container-demuxer-webm: 4f35f7cbe854078d1ac9338744f61a02 -> 
  custom:container-muxer-webm: aa71ff27fc2769a1b78a27578f13a17b -> 
  custom:video-decoder-webm-vp8: 9c59270c3fd7afecdb556c50c9e8de78 -> 
  custom:scripting/monoscript/fileName/BiomeManager.cs: 8d35c78ac6eda6663d4d8bef70af112d -> 
  custom:SearchIndexIgnoredProperties: e643bd26f0fe6173181afceb89e7c659 -> 
  custom:AudioImporter_EditorPlatform: d09bf68614088b80899f8185d706f6e7 -> 
  custom:video-encoder-webm-vp8: eb34c28f22e8b96e1ab97ce403110664 -> 
  custom:audio-decoder-ogg-vorbis: bf7c407c2cedff20999df2af8eb42d56 -> 
  custom:scripting/monoscript/fileName/ParallaxBG.cs: 60f35dee57f29e937f9a172bd291a113 -> 
  custom:audio-encoder-webm-vorbis: bf7c407c2cedff20999df2af8eb42d56 -> 
  custom:scripting/precompiled-assembly-types:Assembly-CSharp: 0ea470ff82f302fc854413ef68cfd9e6 -> 7ab51b2ff1f6fd329de154d611ee96e1
========================================================================
Received Prepare
Caller must complete domain reload
Begin MonoManager ReloadAssembly
- Loaded All Assemblies, in  1.318 seconds
Native extension for WindowsStandalone target not found
Mono: successfully reloaded assembly
- Finished resetting the current domain, in  3.407 seconds
Domain Reload Profiling: 4714ms
	BeginReloadAssembly (401ms)
		ExecutionOrderSort (0ms)
		DisableScriptedObjects (31ms)
		BackupInstance (0ms)
		ReleaseScriptingObjects (0ms)
		CreateAndSetChildDomain (91ms)
	RebuildCommonClasses (71ms)
	RebuildNativeTypeToScriptingClass (23ms)
	initialDomainReloadingComplete (61ms)
	LoadAllAssembliesAndSetupDomain (751ms)
		LoadAssemblies (871ms)
		RebuildTransferFunctionScriptingTraits (0ms)
		AnalyzeDomain (92ms)
			TypeCache.Refresh (18ms)
				TypeCache.ScanAssembly (1ms)
			ScanForSourceGeneratedMonoScriptInfo (49ms)
			ResolveRequiredComponents (22ms)
	FinalizeReload (3408ms)
		ReleaseScriptCaches (0ms)
		RebuildScriptCaches (0ms)
		SetupLoadedEditorAssemblies (1244ms)
			LogAssemblyErrors (0ms)
			InitializePlatformSupportModulesInManaged (9ms)
			SetLoadedEditorAssemblies (8ms)
			RefreshPlugins (0ms)
			BeforeProcessingInitializeOnLoad (264ms)
			ProcessInitializeOnLoadAttributes (806ms)
			ProcessInitializeOnLoadMethodAttributes (153ms)
			AfterProcessingInitializeOnLoad (4ms)
			EditorAssembliesLoaded (1ms)
		ExecutionOrderSort2 (0ms)
		AwakeInstancesAfterBackupRestoration (30ms)
Shader Hidden/ProbeVolume/VoxelizeScene is not supported: GPU does not support conservative rasterization
Shader Hidden/ProbeVolume/VoxelizeScene is not supported: GPU does not support conservative rasterization
Refreshing native plugins compatible for Editor in 16.36 ms, found 4 plugins.
Preloading 0 native plugins for Editor in 0.00 ms.
Unloading 5532 Unused Serialized files (Serialized files now loaded: 0)
Unloading 62 unused Assets / (3.5 MB). Loaded Objects now: 6369.
Memory consumption went from 202.7 MB to 199.2 MB.
Total: 7.248500 ms (FindLiveObjects: 0.624900 ms CreateObjectMapping: 0.380900 ms MarkObjects: 3.939300 ms  DeleteObjects: 2.301400 ms)

Prepare: number of updated asset objects reloaded= 0
AssetImportParameters requested are different than current active one (requested -> active):
  custom:container-demuxer-ogg: 62fdf1f143b41e24485cea50d1cbac27 -> 
  custom:video-codec-MediaFoundation-h265: 746d11721c4dcdbdad8f713fa42b33f4 -> 
  custom:video-decoder-ogg-theora: a1e56fd34408186e4bbccfd4996cb3dc -> 
  custom:framework-win-MediaFoundation: 216162199b28c13a410421893ffa2e32 -> 
  custom:scripting/monoscript/fileName/Zone_Transition.cs: 7abcaa9ec662674794f40550db270ed6 -> 
  custom:CustomObjectIndexerAttribute: 72b91833f83ae208fae7752999fa3104 -> 
  custom:scripting/monoscript/fileName/background.cs: 26992a202a4f804f0e1e2bc2100b7527 -> 
  custom:container-demuxer-webm: 4f35f7cbe854078d1ac9338744f61a02 -> 
  custom:container-muxer-webm: aa71ff27fc2769a1b78a27578f13a17b -> 
  custom:video-decoder-webm-vp8: 9c59270c3fd7afecdb556c50c9e8de78 -> 
  custom:scripting/monoscript/fileName/BiomeManager.cs: 8d35c78ac6eda6663d4d8bef70af112d -> 
  custom:SearchIndexIgnoredProperties: e643bd26f0fe6173181afceb89e7c659 -> 
  custom:AudioImporter_EditorPlatform: d09bf68614088b80899f8185d706f6e7 -> 
  custom:video-encoder-webm-vp8: eb34c28f22e8b96e1ab97ce403110664 -> 
  custom:audio-decoder-ogg-vorbis: bf7c407c2cedff20999df2af8eb42d56 -> 
  custom:scripting/monoscript/fileName/ParallaxBG.cs: 60f35dee57f29e937f9a172bd291a113 -> 
  custom:audio-encoder-webm-vorbis: bf7c407c2cedff20999df2af8eb42d56 -> 
  custom:scripting/precompiled-assembly-types:Assembly-CSharp: 0ea470ff82f302fc854413ef68cfd9e6 -> 7ab51b2ff1f6fd329de154d611ee96e1
========================================================================
Received Prepare
Caller must complete domain reload
Begin MonoManager ReloadAssembly
- Loaded All Assemblies, in  1.205 seconds
Native extension for WindowsStandalone target not found
Mono: successfully reloaded assembly
- Finished resetting the current domain, in  3.047 seconds
Domain Reload Profiling: 4243ms
	BeginReloadAssembly (386ms)
		ExecutionOrderSort (0ms)
		DisableScriptedObjects (31ms)
		BackupInstance (0ms)
		ReleaseScriptingObjects (0ms)
		CreateAndSetChildDomain (82ms)
	RebuildCommonClasses (72ms)
	RebuildNativeTypeToScriptingClass (22ms)
	initialDomainReloadingComplete (55ms)
	LoadAllAssembliesAndSetupDomain (659ms)
		LoadAssemblies (784ms)
		RebuildTransferFunctionScriptingTraits (0ms)
		AnalyzeDomain (94ms)
			TypeCache.Refresh (16ms)
				TypeCache.ScanAssembly (0ms)
			ScanForSourceGeneratedMonoScriptInfo (50ms)
			ResolveRequiredComponents (26ms)
	FinalizeReload (3049ms)
		ReleaseScriptCaches (0ms)
		RebuildScriptCaches (0ms)
		SetupLoadedEditorAssemblies (1096ms)
			LogAssemblyErrors (0ms)
			InitializePlatformSupportModulesInManaged (10ms)
			SetLoadedEditorAssemblies (10ms)
			RefreshPlugins (0ms)
			BeforeProcessingInitializeOnLoad (272ms)
			ProcessInitializeOnLoadAttributes (664ms)
			ProcessInitializeOnLoadMethodAttributes (134ms)
			AfterProcessingInitializeOnLoad (5ms)
			EditorAssembliesLoaded (0ms)
		ExecutionOrderSort2 (0ms)
		AwakeInstancesAfterBackupRestoration (23ms)
Shader Hidden/ProbeVolume/VoxelizeScene is not supported: GPU does not support conservative rasterization
Shader Hidden/ProbeVolume/VoxelizeScene is not supported: GPU does not support conservative rasterization
Refreshing native plugins compatible for Editor in 15.18 ms, found 4 plugins.
Preloading 0 native plugins for Editor in 0.00 ms.
Unloading 5532 Unused Serialized files (Serialized files now loaded: 0)
Unloading 62 unused Assets / (3.6 MB). Loaded Objects now: 6374.
Memory consumption went from 202.8 MB to 199.2 MB.
Total: 7.729900 ms (FindLiveObjects: 0.642600 ms CreateObjectMapping: 0.339300 ms MarkObjects: 4.386700 ms  DeleteObjects: 2.359800 ms)

Prepare: number of updated asset objects reloaded= 0
AssetImportParameters requested are different than current active one (requested -> active):
  custom:container-demuxer-ogg: 62fdf1f143b41e24485cea50d1cbac27 -> 
  custom:video-codec-MediaFoundation-h265: 746d11721c4dcdbdad8f713fa42b33f4 -> 
  custom:video-decoder-ogg-theora: a1e56fd34408186e4bbccfd4996cb3dc -> 
  custom:framework-win-MediaFoundation: 216162199b28c13a410421893ffa2e32 -> 
  custom:scripting/monoscript/fileName/Zone_Transition.cs: 7abcaa9ec662674794f40550db270ed6 -> 
  custom:CustomObjectIndexerAttribute: 72b91833f83ae208fae7752999fa3104 -> 
  custom:scripting/monoscript/fileName/background.cs: 26992a202a4f804f0e1e2bc2100b7527 -> 
  custom:container-demuxer-webm: 4f35f7cbe854078d1ac9338744f61a02 -> 
  custom:container-muxer-webm: aa71ff27fc2769a1b78a27578f13a17b -> 
  custom:video-decoder-webm-vp8: 9c59270c3fd7afecdb556c50c9e8de78 -> 
  custom:scripting/monoscript/fileName/BiomeManager.cs: 8d35c78ac6eda6663d4d8bef70af112d -> 
  custom:SearchIndexIgnoredProperties: e643bd26f0fe6173181afceb89e7c659 -> 
  custom:AudioImporter_EditorPlatform: d09bf68614088b80899f8185d706f6e7 -> 
  custom:video-encoder-webm-vp8: eb34c28f22e8b96e1ab97ce403110664 -> 
  custom:audio-decoder-ogg-vorbis: bf7c407c2cedff20999df2af8eb42d56 -> 
  custom:scripting/monoscript/fileName/ParallaxBG.cs: 60f35dee57f29e937f9a172bd291a113 -> 
  custom:audio-encoder-webm-vorbis: bf7c407c2cedff20999df2af8eb42d56 -> 
  custom:scripting/precompiled-assembly-types:Assembly-CSharp: 0ea470ff82f302fc854413ef68cfd9e6 -> 7ab51b2ff1f6fd329de154d611ee96e1
